timestamp,gyro_rad[0],gyro_rad[1],gyro_rad[2],gyro_integral_dt,accelerometer_timestamp_relative,accelerometer_m_s2[0],accelerometer_m_s2[1],accelerometer_m_s2[2],accelerometer_integral_dt
2850314,-0.0013882281,-0.007371655,0.016435029,4020,0,-0.22093047,0.41831198,-10.0673895,4020
2854301,-0.0022582023,-0.006020314,0.014574415,3987,0,-0.21756902,0.42334598,-10.059995,3987
2858294,-0.0017151559,-0.005751815,0.01565592,3993,0,-0.22479378,0.42203376,-10.053259,3993
2862301,-0.0023494074,-0.005672181,0.016507199,4007,0,-0.21073055,0.42435488,-10.038409,4007
2866294,-0.00075420114,-0.00629328,0.016048089,3993,0,-0.2089758,0.4207371,-10.067847,3993
2870294,-0.0019264317,-0.0057733716,0.016284926,4000,0,-0.20953502,0.39600956,-10.003016,4000
2874300,-0.0008530558,-0.005323634,0.015766053,4006,0,-0.24132197,0.39427382,-10.028961,4006
2878294,-0.0009568804,-0.0039302413,0.017855814,3994,0,-0.18852837,0.39164457,-10.118575,3994
2882301,-0.000121942234,-0.009874241,0.017381515,4007,0,-0.1770137,0.3443672,-9.9936695,4007
2886294,-0.0021421209,-0.007859342,0.015244843,3993,0,-0.24599947,0.37324822,-10.007684,3993
2890314,-0.001290036,-0.0074199387,0.014933502,4020,0,-0.18114266,0.3639907,-10.007353,4020
2894300,-3.3106553e-05,-0.009853135,0.014512919,3986,0,-0.21401176,0.32434258,-9.9960375,3986
2898295,-0.0009725625,-0.0028710635,0.015756384,3995,0,-0.24633425,0.32357103,-10.045857,3995
2902294,-0.0019398361,-0.0027541213,0.0152383195,3999,0,-0.17072394,0.29659122,-10.021214,3999
2906294,-0.0022554374,-0.0055607017,0.013843004,4000,0,-0.19045466,0.26991326,-10.071706,4000
2910295,-0.0024681855,-0.006588563,0.015300815,4001,0,-0.18453033,0.24507183,-10.060712,4001
2914301,-0.0016225048,-0.006420897,0.013921333,4006,0,-0.2150028,0.22888646,-10.051111,4006
2918296,-0.0039637415,-0.006472801,0.015205493,3995,0,-0.2057428,0.21144508,-10.012965,3995
2922294,-0.0020231768,-0.0071007675,0.014952391,3998,0,-0.22240186,0.22673374,-9.985421,3998
2926294,-0.00055436185,-0.0043828725,0.013564437,4000,0,-0.23380746,0.21312276,-10.040575,4000
2930294,-0.0011947766,-0.0057396623,0.012973851,4000,0,-0.22850068,0.19105668,-10.040097,4000
2934300,-0.0014207327,-0.005057216,0.0118348,4006,0,-0.25828898,0.20192477,-10.060163,4006
2938344,-0.002284239,-0.004338481,0.012391042,4044,0,-0.23498051,0.24850018,-10.044746,4044
2942294,-0.0021486015,-0.008455498,0.01042064,3950,0,-0.23435071,0.28810316,-10.04051,3950
2946294,-0.0005734388,-0.009696063,0.010355737,4000,0,-0.2582666,0.3447252,-10.064213,4000
2950301,-0.0024932842,-0.009902364,0.010368107,4007,0,-0.24786294,0.43953037,-10.088845,4007
2954300,-0.0015379911,-0.010011996,0.010470308,3999,0,-0.26101488,0.4900619,-10.040212,3999
2958306,0.00038726054,-0.008592266,0.012232635,4006,0,-0.25934213,0.5411655,-10.009388,4006
2962294,-0.0017450667,-0.006361149,0.012093002,3988,0,-0.26487938,0.5826841,-9.961337,3988
2966294,-0.000977238,-0.006117915,0.014243443,4000,0,-0.2737379,0.6051736,-10.006836,4000
2970300,-0.00044512944,-0.0061155637,0.014131253,4006,0,-0.27410302,0.5959177,-9.99174,4006
2974333,-0.001927034,-0.00578207,0.016717318,4033,0,-0.27573308,0.6155093,-10.035726,4033
2978338,-0.00052347546,-0.0038523974,0.01614044,4005,0,-0.24808484,0.6107574,-10.063561,4005
2982294,-0.00117842,-0.0058909315,0.01638623,3956,0,-0.27035734,0.60189027,-10.043599,3956
2986294,-0.0022456334,-0.005654876,0.016080528,4000,0,-0.29113203,0.5955464,-10.029555,4000
2990301,-0.002244335,-0.0059877285,0.016385566,4007,0,-0.26926848,0.57610923,-9.987725,4007
2994301,-0.0023458442,-0.007107582,0.017727349,4000,0,-0.2529821,0.5361452,-9.980366,4000
2998306,-0.002559118,-0.006337693,0.017335147,4005,0,-0.25598785,0.51713425,-9.999927,4005
3002294,-0.0020236138,-0.004955981,0.017167572,3988,0,-0.22594306,0.47993463,-10.040491,3988
3006295,-0.00053417217,-0.004706587,0.016319284,4001,0,-0.22800928,0.4211304,-10.04369,4001
3010294,-0.0024532224,-0.0049306597,0.01632871,3999,0,-0.21669845,0.37062192,-10.07317,3999
3014295,-0.0020533483,-0.00604082,0.015432842,4001,0,-0.1937168,0.28879222,-10.066535,4001
3018294,-0.002667103,-0.0069016046,0.017952967,3999,0,-0.19074516,0.2182566,-10.063609,3999
3022294,-0.0021222492,-0.0051175007,0.018446008,4000,0,-0.21218415,0.16722345,-10.04406,4000
3026294,-0.0012867965,-0.0053084176,0.015134781,4000,0,-0.20793805,0.13177316,-10.043977,4000
3030295,-0.0011902569,-0.0044020573,0.014206079,4001,0,-0.18696104,0.13067338,-10.064823,4001
3034294,-0.0015296133,-0.004990871,0.01269168,3999,0,-0.17887618,0.134829,-10.072409,3999
3038295,-0.00014052117,-0.0051904665,0.012355587,4001,0,-0.15427513,0.1235405,-10.055214,4001
3042300,-0.0015242883,-0.0055909636,0.011820249,4005,0,-0.14899932,0.12085271,-10.04728,4005
3046294,-0.000873153,-0.004509962,0.011849658,3994,0,-0.15437892,0.1530722,-10.0627365,3994
3050294,-0.0024915026,-0.0076808864,0.010672035,4000,0,-0.16143844,0.1945405,-10.043234,4000
3054294,-0.0031180894,-0.0072080223,0.011980902,4000,0,-0.17344001,0.24501497,-10.036833,4000
3058326,-0.0037545043,-0.004788471,0.01292317,4032,0,-0.15175582,0.29779267,-10.034281,4032
3062301,-0.004198668,-0.006769773,0.009542948,3975,0,-0.16328569,0.36189935,-10.029795,3975
3066344,-0.0019351722,-0.0051576374,0.009088122,4043,0,-0.18020886,0.45274618,-10.053409,4043
3070294,-0.0020953426,-0.0055279606,0.012148412,3950,0,-0.1803658,0.544375,-10.08728,3950
3074294,-0.0041703247,-0.0078202225,0.014184732,4000,0,-0.21355161,0.5993629,-10.040785,4000
3078295,-0.0032100184,-0.004655513,0.01495779,4001,0,-0.24420744,0.6259239,-10.03434,4001
3082300,-0.0007563071,-0.0040021203,0.014649819,4005,0,-0.24470553,0.6471548,-10.036863,4005
3086344,-0.00012768537,-0.008762059,0.016386652,4044,0,-0.2532592,0.62324834,-9.995858,4044
3090294,-0.0014938614,-0.005631048,0.018547824,3950,0,-0.26470616,0.58699584,-10.027024,3950
3094294,-0.00095140084,-0.004151228,0.018472582,4000,0,-0.24187566,0.534267,-10.049525,4000
3098294,-0.0019004848,-0.007278363,0.019420952,4000,0,-0.24763021,0.47167683,-10.045402,4000
3102301,-0.0013674299,-0.0069555035,0.019218404,4007,0,-0.2745144,0.41805938,-10.049794,4007
3106331,-0.0017054777,-0.006598459,0.018170249,4030,0,-0.26196775,0.36378044,-10.055423,4030
3110294,-0.0022585192,-0.005944845,0.015289188,3963,0,-0.29844663,0.28822398,-10.019657,3963
3114294,-0.00042920696,-0.006270084,0.018088307,4000,0,-0.29160485,0.2589281,-10.020828,4000
3118294,-0.0008693974,-0.0055267233,0.015544894,4000,0,-0.2775029,0.22316876,-9.994393,4000
3122301,-0.0003313935,-0.0035106055,0.015621869,4007,0,-0.27429262,0.24290517,-10.019059,4007
3126342,-0.0024615848,-0.0052987165,0.014816284,4041,0,-0.24782746,0.28956172,-10.03102,4041
3130295,-0.0025755381,-0.007404668,0.013968415,3953,0,-0.2455493,0.31190422,-10.017224,3953
3134294,-0.0023562114,-0.00580753,0.014586354,3999,0,-0.24804372,0.32799703,-10.0378475,3999
3138294,-0.003341275,-0.004514759,0.011547605,4000,0,-0.2608584,0.35894886,-10.009047,4000
3142320,0.00048595047,-0.005201503,0.010119526,4026,0,-0.26196444,0.3817944,-10.040365,4026
3146312,-0.0013511911,-0.0049298415,0.008428517,3992,0,-0.23096232,0.35686764,-10.006794,3992
3150271,-0.0028171022,-0.0062754503,0.010311775,3959,0,-0.25081143,0.35424376,-9.999818,3959
3154301,-0.002702968,-0.0023946788,0.01152611,4030,0,-0.23185453,0.3667066,-10.023747,4030
3158271,-0.00046050907,-0.0052468586,0.0109760305,3970,0,-0.20733744,0.36099187,-10.037103,3970
3162281,-0.0021637424,-0.0047196657,0.010999553,4010,0,-0.21789236,0.36418572,-10.045075,4010
3166271,-0.0025884584,-0.00647506,0.012639799,3990,0,-0.20504168,0.3772489,-10.033758,3990
3170271,-0.00035297862,-0.0068316655,0.013776923,4000,0,-0.20034744,0.33272207,-10.007877,4000
3174301,-0.0018440642,-0.008102071,0.010764668,4030,0,-0.21002737,0.33464018,-10.001812,4030
3178270,-0.002384382,-0.004409097,0.0112239625,3969,0,-0.20277819,0.34786448,-9.995427,3969
3182277,-0.0035150112,-0.0029534125,0.012588315,4007,0,-0.21467574,0.32986856,-10.020082,4007
3186270,-0.0034470197,-0.003614911,0.013083969,3993,0,-0.2029642,0.32923594,-10.009256,3993
3190271,-0.005010886,-0.0059443163,0.013306749,4001,0,-0.18391784,0.32910955,-10.019417,4001
3194271,-0.003652376,-0.007438384,0.012950072,4000,0,-0.18756695,0.30160356,-10.021398,4000
3198271,-0.0034095694,-0.0065256837,0.013459565,4000,0,-0.1914815,0.3339231,-10.02786,4000
3202277,-0.0014214967,-0.009092749,0.014555175,4006,0,-0.20194137,0.36215863,-10.020479,4006
3206270,-0.0019499174,-0.009031244,0.012542705,3993,0,-0.22242282,0.3577692,-10.013194,3993
3210271,6.783826e-05,-0.00600189,0.0107366545,4001,0,-0.23119937,0.3630955,-10.02536,4001
3214270,-0.0035603123,-0.005004555,0.010574764,3999,0,-0.23608287,0.39349273,-10.036113,3999
3218271,7.059882e-05,-0.0041457005,0.012908461,4001,0,-0.22805017,0.3882863,-10.045974,4001
3222270,-0.00063757127,-0.005484599,0.014713732,3999,0,-0.23222508,0.38594773,-10.029399,3999
3226303,-0.0015184436,-0.004798629,0.013124393,4033,0,-0.2279082,0.4382665,-10.031462,4033
3230270,-0.0002515826,-0.0069639967,0.011756659,3967,0,-0.22909649,0.45101053,-9.998504,3967
3234313,-0.0037330035,-0.007918704,0.014177418,4043,0,-0.2529335,0.47476777,-9.983909,4043
3238271,-0.004604415,-0.0069859843,0.012094304,3958,0,-0.23916572,0.53201973,-9.997924,3958
3242270,-0.0014256721,-0.006687439,0.012499996,3999,0,-0.23101898,0.5463002,-9.996518,3999
3246274,-0.0011889106,-0.005890557,0.013943543,4004,0,-0.24871588,0.53824794,-10.0114155,4004
3250277,-0.0027896438,-0.0058341376,0.012561835,4003,0,-0.23913306,0.5532288,-10.038143,4003
3254310,-0.0021618933,-0.006060123,0.012868796,4033,0,-0.21084118,0.5323275,-10.052687,4033
3258271,-0.0028847193,-0.008417968,0.0157627,3961,0,-0.21514979,0.5124189,-10.059735,3961
3262271,-0.0022557634,-0.0059271716,0.012482374,4000,0,-0.20361367,0.52166706,-10.029999,4000
3266270,-0.0016475877,-0.006137106,0.012003494,3999,0,-0.19389185,0.50623894,-10.020849,3999
3270277,-0.0035188503,-0.0057002213,0.014049108,4007,0,-0.1928365,0.4734237,-10.017436,4007
3274273,-0.0031164468,-0.0049308473,0.013665574,3996,0,-0.18984908,0.44637892,-9.98832,3996
3278271,-0.0015179727,-0.004122731,0.012744416,3998,0,-0.17799741,0.3955549,-10.003837,3998
3282270,0.0012279303,-0.0058013895,0.012636376,3999,0,-0.18736532,0.34943813,-9.993506,3999
3286271,-0.002549339,-0.0047917254,0.0124036325,4001,0,-0.19792126,0.330392,-10.048802,4001
3290277,-0.0022992936,-0.0019354564,0.01354887,4006,0,-0.18781523,0.28226218,-10.055355,4006
3294305,-0.0009668914,-0.003732168,0.015936784,4028,0,-0.18773203,0.245523,-10.0372,4028
3298271,-0.0021656274,-0.0068864366,0.012212688,3966,0,-0.19347274,0.25991377,-10.036566,3966
3302278,-0.002805864,-0.008522492,0.010850337,4007,0,-0.20571487,0.25030693,-10.023617,4007
3306270,-0.0015368119,-0.010013804,0.010774495,3992,0,-0.22170539,0.2552874,-10.031203,3992
3310309,-0.0028880998,-0.007258874,0.01324726,4039,0,-0.21207048,0.26977223,-10.022628,4039
3314271,-0.002166362,-0.00791129,0.011300087,3962,0,-0.2262179,0.26994824,-9.988967,3962
3318271,-0.0030084823,-0.008049862,0.011737331,4000,0,-0.22983646,0.27868512,-10.03007,4000
3322271,-0.0019610175,-0.0051519684,0.011191669,4000,0,-0.21796504,0.29915887,-10.038763,4000
3326271,-0.0012001218,-0.007491707,0.011945168,4000,0,-0.25269485,0.312426,-10.045439,4000
3330280,-0.0009892118,-0.007098137,0.014501625,4009,0,-0.24725935,0.34890336,-10.039563,4009
3334271,-0.0034224123,-0.0068108477,0.013383846,3991,0,-0.25250298,0.36610907,-10.008998,3991
3338271,-0.00069514906,-0.00830481,0.012773854,4000,0,-0.26956987,0.37720317,-10.037174,4000
3342270,-0.0015188206,-0.0076969964,0.013761524,3999,0,-0.26790428,0.3963814,-10.001694,3999
3346270,-0.001197573,-0.0054359282,0.012345381,4000,0,-0.28612927,0.4322264,-10.002414,4000
3350277,-0.0027812342,-0.0057916157,0.014361605,4007,0,-0.2728413,0.45410118,-10.004395,4007
3354270,-0.0027815083,-0.0061307587,0.014696795,3993,0,-0.28706262,0.46167287,-10.014651,3993
3358271,0.0010138704,-0.006158165,0.012330203,4001,0,-0.28800204,0.45472902,-10.041954,4001
3362313,-1.999927e-05,-0.006297701,0.0135796415,4042,0,-0.26105332,0.45495984,-10.037905,4042
3366271,0.0006174719,-0.0049612457,0.014918704,3958,0,-0.2627921,0.45387498,-10.019163,3958
3370287,-0.0021272004,-0.0054896665,0.0145043945,4016,0,-0.26724526,0.4261667,-10.034495,4016
3374270,-0.0031071035,-0.006848993,0.014015604,3983,0,-0.26909468,0.42042723,-10.0348835,3983
3378271,-0.0023708858,-0.0049700676,0.014185465,4001,0,-0.26725495,0.40993878,-10.048588,4001
3382309,-0.0007578244,-0.004592809,0.013982853,4038,0,-0.26652294,0.3956043,-10.000636,4038
3386271,-0.001290069,-0.0052124434,0.015558836,3962,0,-0.25753164,0.4013842,-10.016471,3962
3390277,-0.0013020814,-0.0068396945,0.013687695,4006,0,-0.2276641,0.399465,-10.024557,4006
3394290,0.00028898843,-0.0063499226,0.0122082615,4013,0,-0.2133501,0.38704866,-10.005502,4013
3398271,-0.0015058601,-0.0060366564,0.012213612,3981,0,-0.23017004,0.37954405,-10.019821,3981
3402271,-0.0021515028,-0.006011704,0.0145470295,4000,0,-0.21520495,0.36504334,-10.027478,4000
3406270,-0.0015230872,-0.005711185,0.014392742,3999,0,-0.19471201,0.36505774,-10.008488,3999
3410277,-0.0014185178,-0.0044097034,0.011223542,4007,0,-0.18464325,0.3854777,-10.026911,4007
3414317,-0.0007903245,-0.0060893246,0.011268388,4040,0,-0.16997924,0.38543114,-10.037393,4040
3418294,-0.0025768802,-0.007155047,0.013575702,3977,0,-0.17572579,0.38810942,-10.031476,3977
3422313,-0.0025706263,-0.006121526,0.01436092,4019,0,-0.16200121,0.40100884,-10.054544,4019
3426294,-0.002805531,-0.006845616,0.011239488,3981,0,-0.17153232,0.40472132,-10.051421,3981
3430300,-0.0012377505,-0.0057903626,0.008824114,4006,0,-0.1967167,0.4175089,-10.0249,4006
3434301,-0.0014185335,-0.003759089,0.010932646,4001,0,-0.18191881,0.42203376,-10.017111,4001
3438294,-0.0017336857,-0.006998606,0.0124013405,3993,0,-0.17038508,0.4216661,-10.020075,3993
3442294,-0.0035342379,-0.0050114505,0.013130298,4000,0,-0.18098435,0.41412586,-10.03469,4000
3446294,-0.0016348619,-0.005287469,0.012361134,4000,0,-0.19399084,0.4225595,-10.042877,4000
3450271,-0.003192951,-0.0073782266,0.014090115,3977,0,-0.19952714,0.42851856,-10.012317,3977
3454301,-0.003226372,-0.006260571,0.012453784,4030,0,-0.20913441,0.4129776,-10.0167885,4030
3458300,-0.005866183,-0.005573605,0.013971787,3999,0,-0.21864498,0.40488154,-10.007521,3999
3462294,-0.0011864989,-0.0072104917,0.0149447555,3994,0,-0.21922302,0.41155565,-10.018741,3994
3466294,-0.0014929802,-0.007833441,0.014378993,4000,0,-0.2316517,0.40527773,-10.016999,4000
3470294,-0.0038406886,-0.0072393646,0.015706617,4000,0,-0.23210894,0.4170994,-10.014149,4000
3474294,-0.0031985177,-0.0067401696,0.016472645,4000,0,-0.2335516,0.4142918,-10.015251,4000
3478333,-0.0016077196,-0.0063257706,0.017014932,4039,0,-0.24123858,0.4127938,-10.01287,4039
3482300,-0.002984589,-0.0057068416,0.0171409,3967,0,-0.2599824,0.4225866,-10.017525,3967
3486294,-0.0028895414,-0.0071945586,0.014755652,3994,0,-0.2623311,0.41047576,-10.025166,3994
3490294,-0.0027721121,-0.006942911,0.016242664,4000,0,-0.24941392,0.40610144,-10.026007,4000
3494294,-0.002658552,-0.0055284947,0.018108163,4000,0,-0.25315273,0.4259196,-10.0069275,4000
3498301,-0.001930004,-0.0060625067,0.015642194,4007,0,-0.2569078,0.4385842,-9.99968,4007
3502301,-0.0008581412,-0.0067608804,0.016883554,4000,0,-0.2454875,0.43321073,-10.009563,4000
3506294,-0.0022328387,-0.007858182,0.017801926,3993,0,-0.23781338,0.42156407,-10.005292,3993
3510332,-0.002872838,-0.008035853,0.017052162,4038,0,-0.24693184,0.42325997,-10.011484,4038
3514294,-0.000103726845,-0.0063148593,0.016571464,3962,0,-0.23323315,0.42501208,-10.042573,3962
3518300,-0.0026619316,-0.007402189,0.01452586,4006,0,-0.22895958,0.41602132,-10.044279,4006
3522300,-0.005443526,-0.006780125,0.014884404,4000,0,-0.21974698,0.41721156,-10.028087,4000
3526294,-0.0039469684,-0.0063848654,0.017861608,3994,0,-0.2230045,0.40359545,-10.021894,3994
3530344,-0.0040453323,-0.005511663,0.017695393,4050,0,-0.2173295,0.40275037,-10.025821,4050
3534294,-0.0031022085,-0.0043505807,0.015390909,3950,0,-0.22400047,0.4024671,-10.01861,3950
3538301,-0.0007613886,-0.006575095,0.015077194,4007,0,-0.20974118,0.39399335,-10.03393,4007
3542300,-0.00043612928,-0.007031229,0.015802795,3999,0,-0.21495865,0.37971482,-10.025349,3999
3546294,-0.0022331646,-0.006334986,0.016909787,3994,0,-0.21638356,0.38004225,-10.022008,3994
3550298,-0.0016167852,-0.0063018925,0.013495609,4004,0,-0.21115883,0.35769677,-10.025192,4004
3554294,-0.0025832097,-0.0058341376,0.012560574,3996,0,-0.20206912,0.3431161,-10.032679,3996
3558300,-0.0027924008,-0.006397317,0.013281488,4006,0,-0.20619835,0.3360823,-10.001759,4006
3562332,-0.0016072529,-0.0051939064,0.015133734,4032,0,-0.20337532,0.33730257,-10.009412,4032
3566294,-0.0023492759,-0.005851511,0.01543723,3962,0,-0.20046236,0.3214855,-10.008626,3962
3570318,-0.0018321407,-0.0055549126,0.013529331,4024,0,-0.18473452,0.32433775,-10.018683,4024
3574294,-0.0017210592,-0.006848692,0.013895662,3976,0,-0.18531145,0.30904707,-10.032718,3976
3578300,-0.0021748405,-0.005841228,0.010110105,4006,0,-0.18591851,0.29222736,-10.054912,4006
3582305,-0.0021688733,-0.0064212233,0.011463408,4005,0,-0.19362491,0.30498818,-10.061561,4005
3586294,-0.00056029804,-0.006655638,0.011657262,3989,0,-0.20045817,0.29393792,-10.061122,3989
3590294,-0.0015111732,-0.0074686413,0.013551662,4000,0,-0.188073,0.29599014,-10.017426,4000
3594294,-0.001944369,-0.006198037,0.013395074,4000,0,-0.19959714,0.31347185,-10.023306,4000
3598303,-0.0027868228,-0.0060614776,0.013080639,4009,0,-0.20827447,0.32364964,-10.0253315,4009
3602294,-0.0017330567,-0.0070509175,0.013680177,3991,0,-0.20381513,0.32985413,-10.0011015,3991
3606294,-0.0021598735,-0.0056792223,0.011498756,4000,0,-0.2238324,0.32987922,-10.004415,4000
3610300,0.00017902123,-0.0060332483,0.0122155165,4006,0,-0.21487495,0.34317517,-10.010513,4006
3614294,0.00093613134,-0.0061731245,0.013053222,3994,0,-0.21092671,0.35154316,-10.0055275,3994
3618300,8.77349e-05,-0.0054851943,0.014364398,4006,0,-0.23730166,0.37516013,-10.011875,4006
3622293,-0.0017215738,-0.006635795,0.01390614,3993,0,-0.23500408,0.3975743,-10.01588,3993
3626294,-0.0021428042,-0.0061874376,0.013396103,4001,0,-0.23561071,0.38807616,-10.041011,4001
3630301,-0.003320026,-0.00493366,0.013986612,4007,0,-0.23761038,0.40278757,-10.050633,4007
3634294,-0.0023458395,-0.006411859,0.013807938,3993,0,-0.24652927,0.38854092,-10.040919,3993
3638303,-0.0011785915,-0.0057651387,0.016177887,4009,0,-0.26586664,0.37799662,-10.053403,4009
3642294,-0.0014006651,-0.007945231,0.014705262,3991,0,-0.27723086,0.38337493,-10.031999,3991
3646320,-0.0022646342,-0.0064789075,0.012850218,4026,0,-0.27969018,0.36495078,-10.039914,4026
3650307,-0.00087226916,-0.0046925917,0.013557075,3987,0,-0.27622902,0.38950565,-10.027368,3987
3654294,-0.0010758777,-0.0069288886,0.013365187,3987,0,-0.28067613,0.38617808,-9.971183,3987
3658344,-0.0035246282,-0.0042550913,0.013378826,4050,0,-0.3063274,0.3973784,-10.00926,4050
3662294,-0.0011026072,-0.004705537,0.013123108,3950,0,-0.23585132,0.40304384,-10.084241,3950
3666349,-0.00513533,-0.009457238,0.012963244,4055,0,-0.29677275,0.38358134,-9.928241,4055
3670303,-0.0027624788,-0.0022107896,0.013773705,3954,0,-0.2943033,0.4567607,-10.103689,3954
3674294,0.00019653347,-0.0063868803,0.013808607,3991,0,-0.15914576,0.4668246,-10.079284,3991
3678345,-0.0056991577,-0.010910207,0.0104453135,4051,0,-0.28357416,0.43181404,-9.897741,4051
3682295,-0.0010568594,-0.00019444534,0.013341344,3950,0,-0.24141322,0.5064805,-10.071038,3950
3686313,-0.0010753395,-0.0073508173,0.013437545,4018,0,-0.15108837,0.49910045,-10.013783,4018
3690294,-0.004729364,-0.009258083,0.013633578,3981,0,-0.30030987,0.49418235,-10.007716,3981
3694294,-0.0034228102,-0.0009909611,0.01627843,4000,0,-0.18194395,0.52525586,-10.045583,4000
3698343,-0.0005331628,-0.008942948,0.015077161,4049,0,-0.17752357,0.47612557,-10.009798,4049
3702295,-0.0014186099,-0.006736058,0.014557359,3952,0,-0.24851868,0.45286158,-10.042346,3952
3706303,-0.002877021,-0.0078079123,0.016205857,4008,0,-0.1861351,0.47886062,-10.011449,4008
3710294,0.00041981591,-0.009501429,0.01654203,3991,0,-0.20207712,0.44684407,-10.018372,3991
3714294,-0.0023466968,-0.006048902,0.014998849,4000,0,-0.20918307,0.41495213,-10.019674,4000
3718325,-0.0016060695,-0.0068954937,0.015072496,4031,0,-0.18678899,0.4322974,-10.044074,4031
3722302,-0.0020361214,-0.00849113,0.01512045,3977,0,-0.20391491,0.36460626,-9.993726,3977
3726308,-0.0016149419,-0.0055694706,0.016508784,4006,0,-0.2186515,0.33687395,-10.006587,4006
3730334,-0.002016766,-0.006726502,0.015820382,4026,0,-0.20149302,0.35046315,-10.03671,4026
3734302,-0.00044122324,-0.0062059658,0.014224172,3968,0,-0.20108524,0.3297807,-10.014793,3968
3738316,-0.0017380252,-0.0066297892,0.014027942,4014,0,-0.20441638,0.31858662,-10.030795,4014
3742302,-0.0013910064,-0.005565588,0.01575953,3986,0,-0.21212569,0.3189347,-10.026427,3986
3746309,-0.0019261354,-0.007881651,0.015886579,4007,0,-0.21501131,0.32747567,-10.036576,4007
3750351,-0.0025836732,-0.007855872,0.014486821,4042,0,-0.21263489,0.33724472,-10.038904,4042
3754313,-0.0010767694,-0.00555563,0.011802548,3962,0,-0.20883425,0.34566036,-10.037294,3962
3758308,-0.0025981981,-0.0052439943,0.013441218,3995,0,-0.22312331,0.33111244,-10.019127,3995
3762302,-0.005449494,-0.0066201785,0.013611324,3994,0,-0.23302877,0.3646501,-10.008559,3994
3766308,-0.0032245272,-0.0069007953,0.012842692,4006,0,-0.24117139,0.35286593,-10.013412,4006
3770302,-0.001634595,-0.005213138,0.012780639,3994,0,-0.21326524,0.36423126,-10.055093,3994
3774302,-0.00397876,-0.008123651,0.011199058,4000,0,-0.2211014,0.39392334,-10.008862,4000
3778301,-0.0031122337,-0.0062839705,0.013177735,3999,0,-0.24549626,0.39590815,-10.011586,3999
3782304,-0.0021605464,-0.0056411526,0.01298596,4003,0,-0.24312477,0.39649445,-10.013056,4003
3786358,-0.004071594,-0.0076660695,0.013241931,4054,0,-0.26348266,0.39675617,-10.021999,4054
3790311,-0.0026702178,-0.006593836,0.012837474,3953,0,-0.26693463,0.3950737,-10.023374,3953
3794301,-0.0012006311,-0.00508926,0.012582335,3990,0,-0.2469006,0.38376203,-10.007692,3990
3798302,-0.0039626244,-0.0075783855,0.013456905,4001,0,-0.26659897,0.39387053,-10.0062475,4001
3802302,-0.0031124915,-0.0074612065,0.013352188,4000,0,-0.27943534,0.3856965,-9.995425,4000
3806358,-0.001300276,-0.0067057298,0.013272643,4056,0,-0.24352781,0.38707778,-10.0214405,4056
3810302,-0.002282153,-0.0066364645,0.013670711,3944,0,-0.25581935,0.3571885,-9.982107,3944
3814334,-0.0022478506,-0.006377777,0.012975927,4032,0,-0.27470535,0.3900116,-10.0267515,4032
3818302,0.00032162698,-0.0084138755,0.015110412,3968,0,-0.22708613,0.38468212,-10.011678,3968
3822302,-0.0007645758,-0.0071791722,0.014521703,4000,0,-0.2478564,0.35148653,-9.990421,4000
3826345,-0.0026590426,-0.0026234079,0.015146156,4043,0,-0.23374258,0.3656093,-10.028364,4043
3830301,-0.0015167638,-0.0041367426,0.0146355955,3956,0,-0.20747663,0.383105,-10.014322,3956
3834303,-0.0021474862,-0.006529361,0.014128192,4002,0,-0.25868583,0.35461524,-9.993998,4002
3838302,-0.00033732413,-0.0030012766,0.016075874,3999,0,-0.22150275,0.37414372,-10.016461,3999
3842302,-0.001513613,-0.0071451776,0.0133465845,4000,0,-0.20969261,0.37344298,-10.024702,4000
3846317,-0.0017362495,-0.007427272,0.012401798,4015,0,-0.22024566,0.3632166,-10.042751,4015
3858302,-0.002379202,-0.0059842626,0.013189842,3972,0,-0.21252376,0.3852763,-10.01006,3972
3862302,-0.0027909956,-0.006959048,0.014218019,4000,0,-0.21473743,0.39875573,-9.986308,4000
3866336,-1.1397664e-05,-0.004957485,0.014503379,4034,0,-0.21332273,0.400455,-10.006775,4034
3870302,-0.0023647177,-0.0071519557,0.0159074,3966,0,-0.19564165,0.3800898,-10.009751,3966
3874308,-0.0016019146,-0.00732288,0.015380477,4006,0,-0.19102587,0.40519118,-10.026879,4006
3878302,-0.00044729427,-0.0058981325,0.014125939,3994,0,-0.18465531,0.41123393,-10.010234,3994
3882302,-0.001417051,-0.008277807,0.0124536995,4000,0,-0.1995683,0.4156079,-10.013391,4000
3886309,-0.0009842112,-0.0060511,0.01275586,4007,0,-0.2071008,0.40681362,-9.99598,4007
3890302,-0.0026760248,-0.0070796665,0.014317304,3993,0,-0.20423128,0.40708894,-9.992289,3993
3894312,-0.0012878851,-0.0071663004,0.014092337,4010,0,-0.20493305,0.39512375,-10.025729,4010
3898334,-0.0021728794,-0.006555634,0.012094235,4022,0,-0.20385468,0.39314225,-10.014786,4022
3902308,-0.0034527462,-0.006076335,0.013330374,3974,0,-0.21499245,0.41341555,-10.023178,3974
3906302,-0.0024586727,-0.0048784316,0.015261491,3994,0,-0.20840932,0.42450082,-10.054264,3994
3910304,-0.0017092153,-0.0067598554,0.014434481,4002,0,-0.2116047,0.41177166,-10.022263,4002
3914308,-0.00023123386,-0.0074865716,0.01396994,4004,0,-0.21779214,0.42223915,-10.021688,4004
3918361,-0.0026849688,-0.00771487,0.014710943,4053,0,-0.22577678,0.4092409,-10.000597,4053
3922302,-0.0015134093,-0.006234557,0.011988358,3941,0,-0.22307335,0.4010311,-10.019299,3941
3926302,-0.00077751005,-0.0060814437,0.013293349,4000,0,-0.21632618,0.3992439,-10.022596,4000
3930304,0.00018794593,-0.006462873,0.014857178,4002,0,-0.22400156,0.39842,-10.025044,4002
3934346,0.00042173336,-0.006920776,0.015809847,4042,0,-0.22872311,0.39310753,-10.012076,4042
3938302,-0.00097359344,-0.0066733873,0.015479965,3956,0,-0.22580054,0.3907984,-9.994157,3956
3942302,-0.0015104655,-0.0044817966,0.013452165,4000,0,-0.23976138,0.37870762,-10.013828,4000
3946302,-0.0030098131,-0.004279973,0.013697703,4000,0,-0.23499104,0.36474866,-10.022483,4000
3950302,-0.0023675559,-0.0075713093,0.01334424,4000,0,-0.23979574,0.3674772,-10.018966,4000
3954352,-0.0035126284,-0.0068543735,0.014330185,4050,0,-0.24456434,0.39237392,-10.029327,4050
3958302,-0.002043035,-0.0070657977,0.013789248,3950,0,-0.22380991,0.3740527,-9.997933,3950
3962302,-0.0030103489,-0.0074888594,0.014088959,4000,0,-0.23073196,0.36975697,-10.014687,4000
3966302,-0.0021446224,-0.007710743,0.014082806,4000,0,-0.24362652,0.3918419,-10.016515,4000
3970302,0.0012666192,-0.008052761,0.014577332,4000,0,-0.2492911,0.40031168,-9.99943,4000
3974353,-0.0019758563,-0.0057743494,0.013717735,4051,0,-0.23777276,0.39039725,-9.993077,4051
3978302,-0.003946729,-0.0074537615,0.015316384,3949,0,-0.25280657,0.39981616,-10.008179,3949
3982334,-0.0033226795,-0.0055505657,0.0133144045,4032,0,-0.26131958,0.41073418,-10.021491,4032
3986302,-0.0036352219,-0.0065187137,0.013397269,3968,0,-0.25318432,0.4182111,-10.015304,3968
3990302,-0.0034278824,-0.00695688,0.014010568,4000,0,-0.2594868,0.41716027,-10.026934,4000
3994334,-0.0014971363,-0.0046840413,0.0154872425,4032,0,-0.2531602,0.40993604,-10.026481,4032
3998302,-0.0027843788,-0.0080355285,0.016396388,3968,0,-0.25567085,0.39517868,-10.017372,3968
4002334,-0.0006550108,-0.0055796397,0.014474712,4032,0,-0.24981517,0.39769888,-10.016838,4032
4006301,-0.0026974704,-0.0055931145,0.013635894,3967,0,-0.23554572,0.40462872,-10.036707,3967
4010302,-0.0024524438,-0.010143921,0.016223928,4001,0,-0.23223792,0.3907535,-10.024231,4001
4014308,-0.0012903062,-0.008267995,0.014897819,4006,0,-0.21878576,0.37713283,-10.033069,4006
4018302,-0.0018253599,-0.005148083,0.014183171,3994,0,-0.21587928,0.36080974,-10.02032,3994
4022302,-0.0019293417,-0.0043740375,0.015699029,4000,0,-0.2172545,0.35533506,-10.014357,4000
4026302,-0.0036364722,-0.00614126,0.015012703,4000,0,-0.2125178,0.3534235,-10.015877,4000
4030302,-0.00044283652,-0.003873114,0.014116051,4000,0,-0.21199606,0.36075702,-10.018851,4000
4034308,-0.0013982113,-0.0033932268,0.01521752,4006,0,-0.20932692,0.3512187,-10.045264,4006
4038302,-0.0013031327,-0.00363419,0.013496138,3994,0,-0.20100823,0.36513627,-10.020775,3994
4042329,-0.00097592553,-0.009031915,0.014455177,4027,0,-0.1914464,0.36651775,-10.031514,4027
4046302,-0.0013041002,-0.005640541,0.014039383,3973,0,-0.17528394,0.35347056,-10.05166,3973
4050302,-2.2078577e-05,-0.0047084973,0.0136556905,4000,0,-0.17246209,0.3544098,-10.039501,4000
4054308,0.00028570078,-0.0044081025,0.01163121,4006,0,-0.18191,0.35407862,-10.020374,4006
4058301,-0.0024767006,-0.0074505764,0.013132033,3993,0,-0.19335331,0.36605,-10.018821,3993
4063101,-0.0019571963,-0.007152063,0.012324021,4800,0,-0.1816018,0.37487355,-10.012843,4800
4067094,-0.0003279215,-0.0056864135,0.014472425,3993,0,-0.19576868,0.37098378,-10.022576,3993
4071095,-0.0019222408,-0.0056791753,0.016823279,4001,0,-0.21142338,0.36581174,-10.001412,4001
4075886,-0.0019579001,-0.006634158,0.012524647,4791,0,-0.20649134,0.38074115,-10.028257,4791
4079871,-0.0049401266,-0.006737549,0.011254057,3985,0,-0.2083118,0.37536812,-10.035191,3985
4083871,-0.0030151631,-0.005834104,0.012864645,4000,0,-0.21160986,0.3643717,-10.025295,4000
4087871,-0.0020363308,-0.008827414,0.015087993,4000,0,-0.21307173,0.369197,-10.026307,4000
4091877,-0.002891766,-0.006852074,0.014343659,4006,0,-0.21681233,0.37336278,-10.024172,4006
4095871,-0.0008975235,-0.0059892577,0.010956855,3994,0,-0.21834464,0.39235586,-10.018618,3994
4099891,-0.0037426746,-0.0047651636,0.012380491,4020,0,-0.22199033,0.38871256,-10.010107,4020
4103871,-0.0011906535,-0.0047871927,0.014191262,3980,0,-0.25892672,0.37823233,-10.020529,3980
4107871,-0.001950293,-0.0056141866,0.014710772,4000,0,-0.23829304,0.36618745,-10.044001,4000
4111877,-0.0015952061,-0.006604262,0.013171122,4006,0,-0.23256098,0.37324035,-10.023712,4006
4115880,-0.0025062317,-0.0049156584,0.010995691,4003,0,-0.23638329,0.38358587,-10.001673,4003
4119892,-0.0005409646,-0.004746372,0.014706109,4012,0,-0.24058473,0.38179404,-10.005405,4012
4123871,-0.0022466506,-0.0061716205,0.013405304,3979,0,-0.26253274,0.37852103,-9.983023,3979
4127871,-0.0037372727,-0.00793827,0.01419061,4000,0,-0.2541791,0.38100153,-10.008958,4000
4131877,-0.003125192,-0.007671869,0.013554489,4006,0,-0.26177838,0.38352224,-10.022923,4006
4135916,0.00039035903,-0.0063629197,0.012423798,4039,0,-0.2686093,0.3705958,-10.024448,4039
4139871,-0.00076694356,-0.0050147236,0.013537536,3955,0,-0.25133595,0.3651913,-10.021766,3955
4143871,-0.0008898754,-0.004946094,0.016395092,4000,0,-0.24418461,0.3783031,-10.036637,4000
4147871,-0.000859264,-0.0048931297,0.015610331,4000,0,-0.24345204,0.3852221,-10.047428,4000
4151877,-0.00016020519,-0.0047443523,0.0119371,4006,0,-0.24274117,0.4056978,-10.016105,4006
4155880,-0.0020444116,-0.007222254,0.012934838,4003,0,-0.24603118,0.40584987,-10.032083,4003
4159871,-0.0013779413,-0.0062497705,0.015086384,3991,0,-0.24041153,0.40034565,-10.025265,3991
4163871,-0.00458574,-0.0072690696,0.014013768,4000,0,-0.24320203,0.41573527,-10.041972,4000
4167871,-0.003360699,-0.0055264435,0.012703223,4000,0,-0.2428377,0.4348938,-10.019562,4000
4171880,-0.0015270392,-0.0058592753,0.0131742675,4009,0,-0.20510787,0.45831335,-10.013869,4009
4175900,-2.3035816e-05,-0.0062124035,0.014019834,4020,0,-0.21901879,0.45619124,-9.996328,4020
4179871,9.4957984e-05,-0.0052196495,0.015547485,3971,0,-0.22444744,0.4529511,-10.011628,3971
4183903,-0.0011808736,-0.005685901,0.014479294,4032,0,-0.2179144,0.461293,-10.04016,4032
4187871,-0.0011846428,-0.007493817,0.013966311,3968,0,-0.22668482,0.44246265,-10.048617,3968
4191895,-0.0039452733,-0.005157516,0.013878752,4024,0,-0.19507736,0.43134376,-10.043634,4024
4195894,-0.0045856233,-0.005872269,0.016186893,3999,0,-0.19379099,0.42983937,-10.02061,3999
4199895,-0.003300816,-0.0070069917,0.0153970225,4001,0,-0.18242592,0.4277835,-10.030277,4001
4203908,-0.002328961,-0.0050755898,0.016738096,4013,0,-0.18619789,0.40519252,-10.01538,4013
4207894,-0.0027636876,-0.0059251315,0.017458554,3986,0,-0.19007745,0.38973638,-10.025106,3986
4211901,-0.00076301035,-0.004773936,0.015161402,4007,0,-0.19041628,0.3725829,-10.003304,4007
4215894,-0.0010898903,-0.0050340313,0.01375491,3993,0,-0.18936065,0.37089145,-9.98655,3993
4219894,-0.0018193851,-0.004143951,0.014844142,4000,0,-0.19479875,0.35930112,-10.009244,4000
4223904,-0.0017408909,-0.0047554257,0.01229159,4010,0,-0.18560281,0.356105,-9.998732,4010
4227894,-0.0016210072,-0.006203496,0.013714686,3990,0,-0.19047773,0.34441963,-10.017378,3990
4231901,-0.0017225622,-0.008231155,0.013950798,4007,0,-0.19237278,0.34128597,-10.010778,4007
4235894,0.00018364159,-0.0070417896,0.013352693,3993,0,-0.20533758,0.35019496,-10.018896,3993
4239894,-0.0018190574,-0.0054347324,0.01555056,4000,0,-0.21919408,0.33655083,-10.010281,4000
4243913,-0.0017259853,-0.0038202037,0.012854055,4019,0,-0.2065691,0.3252255,-9.992319,4019
4247894,-0.001733967,-0.0038104092,0.012637449,3981,0,-0.19957384,0.34000707,-10.014564,3981
4251895,-0.0020506002,-0.0037050324,0.012748279,4001,0,-0.205365,0.34296837,-10.029222,4001
4255895,-0.0012017016,-0.005935244,0.0123402085,4000,0,-0.2207434,0.347793,-10.041974,4000
4260701,-0.0017114126,-0.007016813,0.011000596,4806,0,-0.22692598,0.36009768,-10.032056,4806
4264698,-0.0018466515,-0.0069973734,0.01229213,3997,0,-0.23451708,0.371471,-10.01219,3997
4268695,-0.0007558403,-0.006142217,0.01509378,3997,0,-0.23793323,0.37607247,-10.018565,3997
4272699,-0.0012864706,-0.0067063984,0.01550859,4004,0,-0.24071364,0.381261,-10.015091,4004
4276695,-0.0009872665,-0.0045169857,0.011642945,3996,0,-0.26231757,0.38394493,-10.022457,3996
4280702,-0.0012026146,-0.0063179196,0.013912357,4007,0,-0.25719228,0.3897776,-10.037153,4007
4284727,-0.0028792561,-0.0070819193,0.014656835,4025,0,-0.25188574,0.38835287,-10.038199,4025
4288705,-0.0036381865,-0.0048870738,0.015477855,3978,0,-0.24141176,0.3725507,-10.047035,3978
4292695,-0.0026695223,-0.006404816,0.016158152,3990,0,-0.24657309,0.37745446,-10.028147,3990
4296695,-0.0034217697,-0.006955647,0.014006459,4000,0,-0.23747195,0.37964812,-10.034319,4000
4300695,-0.00045094374,-0.0068572448,0.0140961455,4000,0,-0.23363335,0.37423548,-10.030302,4000
4304701,-0.0010796044,-0.0058109825,0.014577272,4006,0,-0.23779924,0.36981446,-10.005956,4006
4308701,-0.0015260704,-0.0044384045,0.012181471,4000,0,-0.25165692,0.36477438,-9.99889,4000
4312700,-0.0012100884,-0.0039777937,0.0113482075,3999,0,-0.25659576,0.37967962,-10.025113,3999
4316701,-0.001933302,-0.0058109276,0.01460059,4001,0,-0.2533206,0.3780526,-10.032369,4001
4321516,-0.0015813945,-0.006691989,0.016344132,4815,0,-0.23737456,0.3815383,-10.038773,4815
4326302,-0.0012460462,-0.0061133145,0.015120975,4786,0,-0.23091607,0.38853955,-10.034212,4786
4331113,-0.0017905134,-0.0053241947,0.013284856,4811,0,-0.23813097,0.3996833,-10.042096,4811
4335103,-0.0014085025,-0.0069217123,0.0129369525,3990,0,-0.23162729,0.3923927,-10.017523,3990
4339071,0.0012470727,-0.0064447904,0.011974768,3968,0,-0.230843,0.40571135,-10.040054,3968
4343071,6.1641867e-06,-0.0058365804,0.012768861,4000,0,-0.2275006,0.39944047,-10.024924,4000
4347070,-0.0018447437,-0.007840855,0.012141897,3999,0,-0.22410324,0.39594886,-10.034739,3999
4351081,-0.0020415802,-0.0065668076,0.012119275,4011,0,-0.21563354,0.3883768,-10.047932,4011
4355104,-0.001328805,-0.007002549,0.009848178,4023,0,-0.2044419,0.38925335,-10.025629,4023
4359071,-0.0010898322,-0.0054463954,0.013206056,3967,0,-0.22113875,0.39364523,-10.023688,3967
4363071,-0.000986836,-0.0056111836,0.012670372,4000,0,-0.20890927,0.3878124,-10.037077,4000
4367101,0.00048419205,-0.0066350256,0.011240615,4030,0,-0.2080977,0.38575602,-10.019806,4030
4371089,0.0011442644,-0.0075649507,0.013101939,3988,0,-0.21703914,0.38758045,-10.05416,3988
4375070,-1.7381546e-05,-0.0074745007,0.013327988,3981,0,-0.21123506,0.38753405,-10.051045,3981
4379071,-0.0007690148,-0.0058989464,0.014148,4001,0,-0.22895382,0.3791708,-10.059209,4001
4383070,-0.0010769716,-0.006841564,0.013904442,3999,0,-0.2156253,0.38309696,-10.039804,3999
4387071,-0.0024585973,-0.005521035,0.01428212,4001,0,-0.22310306,0.3959846,-9.9954195,4001
4391071,-0.0010887746,-0.005249236,0.013972461,4000,0,-0.21704818,0.39583617,-10.016053,4000
4395071,-0.0013026806,-0.0057630446,0.01414532,4000,0,-0.21622746,0.4050505,-10.015257,4000
4399077,-0.003122148,-0.008143349,0.012051474,4006,0,-0.2349544,0.3938037,-10.016433,4006
4403071,-0.003000854,-0.008324698,0.013417244,3994,0,-0.22781552,0.3885632,-10.006742,3994
4407070,-0.0024732514,-0.008009284,0.013005323,3999,0,-0.23668936,0.3985498,-9.997788,3999
4411071,-0.003735418,-0.006193653,0.013618149,4001,0,-0.22556494,0.40909106,-10.006194,4001
4415071,-0.0026746094,-0.0053813756,0.014909832,4000,0,-0.2227744,0.42547703,-10.010529,4000
4419152,-0.0022662296,-0.0056664236,0.013738994,4081,0,-0.24269406,0.41843787,-10.022167,4081
4423071,-0.004605432,-0.006065911,0.012880161,3919,0,-0.24330895,0.4125066,-10.042608,3919
4427071,-0.004394527,-0.0048158388,0.012849115,4000,0,-0.24095698,0.39440015,-10.031313,4000
4431070,-0.0034400905,-0.0045662127,0.01324234,3999,0,-0.24457596,0.40021646,-10.0335245,3999
4435071,-0.0006765443,-0.0074427477,0.016177928,4001,0,-0.2564862,0.3891002,-10.017973,4001
4439122,-0.0026678164,-0.0067908284,0.014883502,4051,0,-0.24753214,0.40747762,-10.015489,4051
4443071,-0.0034303083,-0.005877646,0.013629102,3949,0,-0.2421311,0.38704965,-10.005717,3949
4447100,-0.00011983842,-0.0051098773,0.015540111,4029,0,-0.22885855,0.37308183,-10.024442,4029
4451094,-0.0018194515,-0.0068161027,0.015819978,3994,0,-0.23307711,0.3677829,-10.014711,3994
4455094,-0.0033014936,-0.0060912846,0.015951712,4000,0,-0.22511782,0.3725628,-10.038859,4000
4459126,-0.0026784223,-0.008066776,0.015250833,4032,0,-0.21117674,0.36365423,-10.029906,4032
4463094,-0.0012810361,-0.006597947,0.016038701,3968,0,-0.2226911,0.36990052,-10.030455,3968
4467100,-0.00044734156,-0.0061055804,0.014029306,4006,0,-0.22771572,0.3619238,-9.999647,4006
4471094,-0.00011650698,-0.005939841,0.0151064005,3994,0,-0.22538315,0.35461184,-10.008059,3994
4475094,0.00028511084,-0.005660318,0.013615221,4000,0,-0.21625613,0.33842134,-9.9992695,4000
4479128,-0.00013476962,-0.0054371106,0.0134198265,4034,0,-0.21459919,0.35131845,-10.046681,4034
4483094,-0.0006562072,-0.0045283474,0.014411724,3966,0,-0.20547949,0.36499435,-10.050383,3966
4487101,-0.0017243718,-0.0042629074,0.013154123,4007,0,-0.18997101,0.37337515,-10.0104265,4007
4491094,-0.0019529719,-0.0064608706,0.012324056,3993,0,-0.17563207,0.36746126,-10.006893,3993
4495094,-0.00024494264,-0.006171077,0.012952954,4000,0,-0.18512414,0.36446387,-10.015114,4000
4499148,-0.00045205388,-0.006957687,0.01398919,4054,0,-0.19863205,0.36848244,-10.019124,4054
4503127,-0.0009839734,-0.006716066,0.013139954,3979,0,-0.19613025,0.3774399,-10.016484,3979
4507100,-0.0021576886,-0.006392064,0.013286401,3973,0,-0.18648961,0.37241852,-9.999828,3973
4511093,-0.0023716663,-0.007848838,0.012372363,3993,0,-0.19414163,0.36546627,-9.99298,3993
4515094,-0.0015164424,-0.0062234327,0.011473154,4001,0,-0.20472054,0.37207374,-10.002192,4001
4519117,-0.0014134491,-0.0050939284,0.01279618,4023,0,-0.21767959,0.38318753,-10.005069,4023
4523115,-3.1984797e-05,-0.0037074394,0.012631229,3998,0,-0.22523709,0.3826624,-9.991144,3998
4527101,-0.0016350071,-0.0049364823,0.01141878,3986,0,-0.22002254,0.36465037,-9.99721,3986
4531094,-0.0020543342,-0.0030502279,0.01213794,3993,0,-0.23735286,0.36917162,-10.013638,3993
4535094,-0.0015184359,-0.0066773025,0.012515092,4000,0,-0.2388033,0.37604943,-10.006707,4000
4539100,-0.0039623696,-0.005731009,0.01236978,4006,0,-0.24112047,0.39848655,-10.004195,4006
4543094,-0.0016269406,-0.0047406154,0.011853845,3994,0,-0.23604919,0.40619072,-10.027066,3994
4547094,-0.0059858845,-0.0067655314,0.012009172,4000,0,-0.24731861,0.3863583,-9.999488,4000
4551094,-0.0040758764,-0.0057315547,0.012571592,4000,0,-0.25373894,0.39166078,-10.024603,4000
4555100,-0.0018612703,-0.005794667,0.011583056,4006,0,-0.25139496,0.38643402,-10.03737,4006
4559100,-0.0030042029,-0.008040358,0.012044576,4000,0,-0.25575635,0.3899246,-10.040025,4000
4563094,-0.00089122914,-0.0077270214,0.011943069,3994,0,-0.26390058,0.4126704,-10.047159,3994
4567094,-0.004485499,-0.0063098897,0.013722525,4000,0,-0.2522538,0.40662417,-10.01449,4000
4571094,-0.002063861,-0.005035954,0.0112107145,4000,0,-0.2502813,0.41014427,-10.007591,4000
4575101,-0.0015122371,-0.005971933,0.0131859975,4007,0,-0.2676911,0.41506663,-10.035564,4007
4579100,-0.0019420692,-0.0064852117,0.012849343,3999,0,-0.25187358,0.42423576,-10.035772,3999
4583094,-0.001931554,-0.006763975,0.014420181,3994,0,-0.25463834,0.41052458,-10.027734,3994
4587160,-0.0011821991,-0.004879241,0.015463742,4066,0,-0.24588922,0.40496504,-9.998663,4066
4591094,-0.003238343,-0.007226346,0.014428794,3934,0,-0.24822856,0.39857224,-9.983175,3934
4595101,-0.0034168474,-0.0072417753,0.015703931,4007,0,-0.2339824,0.40195718,-10.007022,4007
4599094,-0.0033252728,-0.006391142,0.013181379,3993,0,-0.23934259,0.40252697,-10.020444,3993
4603094,-0.0019425765,-0.0070670373,0.013993307,4000,0,-0.23199126,0.38415965,-9.992532,4000
4607100,-0.0011880845,-0.0071900603,0.014626504,4006,0,-0.23150665,0.4011696,-10.001298,4006
4611094,-0.0020473218,-0.0067155785,0.01326639,3994,0,-0.18760051,0.38801715,-10.017505,3994
4615101,-0.0018252616,-0.0047565848,0.01483513,4007,0,-0.19937392,0.39152157,-9.985156,4007
4619094,-0.002476424,-0.0055318177,0.013001511,3993,0,-0.19583234,0.4009819,-10.02986,3993
4623094,-0.0020583833,-0.004053483,0.012719843,4000,0,-0.18520989,0.3832474,-10.0169,4000
4627114,-0.0011826737,-0.0046625165,0.015152092,4020,0,-0.18814227,0.36326358,-10.031877,4020
4631094,-0.0035240892,-0.006704358,0.015617457,3980,0,-0.19495738,0.3848119,-10.044418,3980
4635101,-0.0016243197,-0.006468996,0.012531371,4007,0,-0.19205397,0.36734232,-10.039388,4007
4639094,-0.0020442095,-0.0071361973,0.012924873,3993,0,-0.19246677,0.37849167,-10.031435,3993
4643094,-0.002882779,-0.0069074365,0.015395093,4000,0,-0.20334905,0.38093707,-10.007648,4000
4647105,-0.0017279539,-0.0053473823,0.013445689,4011,0,-0.19918084,0.38686377,-10.0246105,4011
4651094,-0.0027953414,-0.0073403725,0.012925212,3989,0,-0.19103041,0.37954637,-10.033177,3989
4655094,0.00018293681,-0.006103058,0.013919696,4000,0,-0.21014352,0.39164454,-10.024439,4000
4659094,-0.0018162518,-0.005436367,0.01309179,4000,0,-0.20050631,0.37904537,-10.008111,4000
4663101,-0.0046990714,-0.0050701154,0.01473471,4007,0,-0.20966457,0.4001663,-10.022659,4007
4667135,-0.0034334278,-0.007354912,0.013131451,4034,0,-0.21973664,0.40628403,-10.018005,4034
4671126,-0.0032120997,-0.0058702724,0.0114978375,3991,0,-0.22150204,0.40564096,-10.003017,3991
4675094,-0.002503468,-0.0037942538,0.00954409,3968,0,-0.22576962,0.4186989,-9.993025,3968
4679094,-0.0030254973,-0.0044518854,0.010060929,4000,0,-0.21424101,0.4295439,-9.990295,4000
4683101,-0.0013108826,-0.0050889077,0.012473375,4007,0,-0.21246706,0.4366093,-10.01065,4007
4687102,-0.0020496214,-0.0061615417,0.012757012,4001,0,-0.22792488,0.444712,-10.03222,4001
4691127,-0.00077947375,-0.005248585,0.011297945,4025,0,-0.2351059,0.45082924,-10.041041,4025
4695094,-0.0009951165,-0.0059280377,0.012128618,3967,0,-0.23144108,0.446414,-10.063293,3967
4699094,-0.0024733313,-0.007130604,0.013038824,4000,0,-0.25033444,0.42092192,-10.024425,4000
4703101,-0.0009826514,-0.0065523437,0.014229131,4007,0,-0.26580286,0.41356602,-10.030851,4007
4707101,-0.0019406959,-0.005800117,0.014363929,4000,0,-0.25888836,0.39353037,-10.012058,4000
4711095,-0.0027846245,-0.006962146,0.014113741,3994,0,-0.25646085,0.37810245,-10.008427,3994
4715094,-0.0012859509,-0.0049842373,0.015137504,3999,0,-0.24947605,0.38220665,-10.027882,3999
4719094,-0.0013939381,-0.0056106327,0.015019855,4000,0,-0.26094544,0.37304625,-10.026335,4000
4723101,-0.0026726902,-0.0062893503,0.013954532,4007,0,-0.2634061,0.35685372,-10.0274105,4007
4727101,-0.002884217,-0.0069013084,0.015181392,4000,0,-0.2584845,0.36448014,-10.016102,4000
4731094,-0.002693341,-0.007645972,0.012702642,3993,0,-0.26464057,0.35620007,-10.011578,3993
4735095,-0.0015064174,-0.006705437,0.015597815,4001,0,-0.2513219,0.3575051,-10.020223,4001
4739094,-0.0030809343,-0.0061652754,0.018082704,3999,0,-0.22740644,0.35675696,-10.026622,3999
4743094,-0.0024690372,-0.005366397,0.014178115,4000,0,-0.21778108,0.3532327,-10.0215845,4000
4747101,-0.00023557503,-0.006275389,0.0128485225,4007,0,-0.21014166,0.3653102,-10.024069,4007
4751094,-0.0012838582,-0.0067329095,0.0137889655,3993,0,-0.21493356,0.36526275,-10.034572,3993
4755149,-0.0020594425,-0.0056807664,0.013643025,4055,0,-0.20972644,0.3686016,-10.032886,4055
4759108,-0.0021504501,-0.0061766515,0.013059922,3959,0,-0.20436765,0.36873147,-10.026745,3959
4763094,-0.0022562207,-0.005148304,0.014080113,3986,0,-0.19778107,0.3898471,-10.038005,3986
4767101,-0.0005517211,-0.0050336714,0.013964581,4007,0,-0.20019484,0.39595464,-10.035327,4007
4771101,-0.00045531653,-0.0061895046,0.013182091,4000,0,-0.20402333,0.40573353,-10.028572,4000
4775141,-0.0028931084,-0.0084159775,0.01342824,4040,0,-0.2134022,0.390683,-10.010999,4040
4779094,-0.0018151174,-0.008012706,0.013749433,3953,0,-0.19950418,0.40137467,-10.02323,3953
4783094,-0.0020304392,-0.005297315,0.014920748,4000,0,-0.19869855,0.41597345,-10.032104,4000
4787101,-0.0027773194,-0.0048758322,0.01537279,4007,0,-0.20238434,0.4061509,-10.015208,4007
4791101,-0.0015092421,-0.005597464,0.015021234,4000,0,-0.18324716,0.41370657,-10.00151,4000
4795118,-0.0022514155,-0.0066882814,0.015287851,4017,0,-0.17566638,0.42695987,-10.020295,4017
4799094,-0.0036417476,-0.006596579,0.012746956,3976,0,-0.19391957,0.42809054,-10.025823,3976
4803094,-0.002370693,-0.009047892,0.01296259,4000,0,-0.21773241,0.4082952,-10.008814,4000
4807094,-0.0012944832,-0.007739936,0.014817214,4000,0,-0.23098014,0.39938322,-9.988979,4000
4811101,0.00070664514,-0.0076552564,0.0128961895,4007,0,-0.22624433,0.38698372,-9.990458,4007
4815100,-0.0022606994,-0.0057524787,0.013296892,3999,0,-0.22585987,0.39252457,-10.010924,3999
4819094,-0.001626939,-0.0053139906,0.012791568,3994,0,-0.23074521,0.39434618,-10.031392,3994
4823095,-0.00150933,-0.0067397193,0.013898806,4001,0,-0.21980071,0.38958967,-10.032101,4001
4827094,-0.00076308957,-0.0069620786,0.014099391,3999,0,-0.23310034,0.38147756,-10.020862,3999
4831095,-0.0020350027,-0.0062702917,0.015304285,4001,0,-0.2313712,0.37962088,-10.045849,4001
4835101,-0.0033146632,-0.008435736,0.01363102,4006,0,-0.2529926,0.3815683,-10.058518,4006
4839130,-0.0025863599,-0.007614589,0.014620868,4029,0,-0.26196566,0.39465502,-10.049848,4029
4843094,-0.0026746313,-0.0068928576,0.012404282,3964,0,-0.2624539,0.38549283,-10.026605,3964
4847094,-0.0013035223,-0.0069124443,0.01272432,4000,0,-0.26516172,0.39657754,-10.015753,4000
4851094,-2.5598978e-05,-0.0067202104,0.013255537,4000,0,-0.25277978,0.38782498,-10.024266,4000
4855106,-0.0004500887,-0.006824813,0.013255901,4012,0,-0.25234574,0.39063108,-10.035179,4012
4859128,-0.0033089747,-0.0064440216,0.014671294,4022,0,-0.2570606,0.38596824,-10.023017,4022
4863095,-0.003949463,-0.006341735,0.014678566,3967,0,-0.2489196,0.39787984,-10.024855,3967
4867094,-0.002365838,-0.0058815107,0.013727782,3999,0,-0.2561956,0.3904143,-10.041449,3999
4871120,-0.0020474417,-0.0068220436,0.013266873,4026,0,-0.24513109,0.3918894,-10.028893,4026
4875101,-0.0033230407,-0.0081621595,0.012363542,3981,0,-0.23830362,0.3980321,-10.00239,3981
4879097,-0.0036413844,-0.0059934407,0.013314097,3996,0,-0.24321146,0.40850937,-10.027249,3996
4883097,-0.0029984668,-0.005693329,0.014380179,4000,0,-0.24677072,0.38481006,-10.056585,4000
4887070,-0.0016040931,-0.006410224,0.01636262,3973,0,-0.23013781,0.37989968,-10.076941,3973
4891095,-0.0014975555,-0.005138895,0.01611183,4025,0,-0.20654286,0.36908922,-10.055677,4025
4895107,-0.0005548799,-0.0055590025,0.013730647,4012,0,-0.20484997,0.36842933,-10.019072,4012
4899101,-0.002882174,-0.005208008,0.015463385,3994,0,-0.20229463,0.3766044,-9.995841,3994
4903135,-0.0017009039,-0.0039922683,0.017308822,4034,0,-0.19470653,0.38398802,-10.010281,4034
4907094,-0.0013890772,-0.005552308,0.015316414,3959,0,-0.1888666,0.38238984,-9.986576,3959
4911094,-0.0019346146,-0.007078437,0.014316718,4000,0,-0.19712543,0.38206843,-10.012881,4000
4915101,-0.001815418,-0.006984237,0.014639482,4007,0,-0.21859348,0.38430765,-9.997848,4007
4919101,-0.0021517735,-0.0062513566,0.014894652,4000,0,-0.19994585,0.3637855,-10.010821,4000
4923141,-0.0030904275,-0.0066733304,0.0154972,4040,0,-0.19191362,0.37055442,-10.012808,4040
4927095,-0.0018237169,-0.004966636,0.014619252,3954,0,-0.19321257,0.36742324,-10.006416,3954
4931095,-0.00012462538,-0.005363542,0.014158849,4000,0,-0.2033701,0.3706964,-10.015212,4000
4935101,-0.002670325,-0.0038523725,0.016372288,4006,0,-0.21889888,0.36859223,-10.04591,4006
4939102,-0.0019163432,-0.006265325,0.015306031,4001,0,-0.22311558,0.37340847,-10.035086,4001
4943166,-0.0012021713,-0.0060340515,0.014803204,4064,0,-0.23247875,0.36593434,-10.012905,4064
4947094,-0.0016220975,-0.0046297386,0.014616087,3928,0,-0.22437523,0.3780983,-10.02059,3928
4951094,-0.002039422,-0.005913174,0.014578832,4000,0,-0.20972507,0.36800614,-10.032075,4000
4955101,-0.002041505,-0.006442466,0.014236199,4007,0,-0.21257724,0.36071345,-10.028981,4007
4959095,-0.0013999882,-0.0048060436,0.013130391,3994,0,-0.21822485,0.37008727,-10.021874,3994
4963094,-0.00076368474,-0.0050436184,0.014066661,3999,0,-0.21787556,0.37359348,-10.016036,3999
4967094,-0.0025814679,-0.006547483,0.011690329,4000,0,-0.23264387,0.38417524,-10.016963,4000
4971095,-0.0041788826,-0.007344893,0.013152095,4001,0,-0.22966932,0.3795964,-10.010871,4001
4975101,-0.0045170863,-0.006668409,0.011998029,4006,0,-0.2233036,0.39445302,-10.044333,4006
4979094,-0.0012863545,-0.007560513,0.013747287,3993,0,-0.18527763,0.38407582,-10.023909,3993
4983094,-0.00204242,-0.007874254,0.013110689,4000,0,-0.23823813,0.35667324,-9.9754305,4000
4987095,-0.0031934816,-0.004238984,0.015074808,4001,0,-0.2320409,0.4050307,-10.08534,4001
4991094,-0.0027825085,-0.007546651,0.015260081,3999,0,-0.17009027,0.3841288,-10.052246,3999
4995101,-0.0029049874,-0.009910763,0.012931122,4007,0,-0.27966455,0.3567816,-10.006095,4007
4999094,-0.00087510154,-0.0020837514,0.012595919,3993,0,-0.22066112,0.3957263,-10.086613,3993
5003094,-0.0019614976,-0.009806917,0.010366111,4000,0,-0.20502181,0.37097207,-10.0236845,4000
5007137,-0.0033060918,-0.00959407,0.014240713,4043,0,-0.28428447,0.3778939,-10.023971,4043
5011099,-0.0029971548,-0.0035026344,0.015216125,3962,0,-0.21271406,0.4112423,-9.992314,3962
5015094,-0.0009767633,-0.0068170917,0.013142113,3995,0,-0.21258125,0.39981052,-10.01488,3995
5019094,-0.0030033542,-0.0047027944,0.013559494,4000,0,-0.254578,0.36889905,-9.996456,4000
5023095,-0.002883504,-0.0057539213,0.01576101,4001,0,-0.24254078,0.40224963,-10.000426,4001
5027122,-0.0013035364,-0.008267111,0.0147106275,4027,0,-0.22618917,0.40276155,-10.040815,4027
5031116,-0.0029985304,-0.00893316,0.0155197205,3994,0,-0.2536836,0.37876782,-9.978794,3994
5035094,-0.0005393661,-0.00452581,0.015044775,3978,0,-0.24529587,0.4072609,-10.0181055,3978
5039094,-0.0009827438,-0.0064470787,0.014339699,4000,0,-0.21019052,0.37744737,-10.029288,4000
5043101,-0.0018271878,-0.009093457,0.0141287185,4007,0,-0.25302148,0.36054838,-9.989489,4007
5047101,-0.00055205653,-0.006055519,0.015315544,4000,0,-0.24131054,0.4024894,-10.032754,4000
5051135,0.0016067842,-0.00639244,0.015482339,4034,0,-0.21282229,0.38958126,-10.049025,4034
5055095,-0.0017604763,-0.008537222,0.013941662,3960,0,-0.2290635,0.35808745,-10.049001,3960
5059095,-0.0023773478,-0.008290147,0.014704595,4000,0,-0.23284759,0.3939348,-10.012292,4000
5063101,-0.0017173543,-0.0067882994,0.015071565,4006,0,-0.21639995,0.39704242,-10.027014,4006
5067071,-0.004584678,-0.006560933,0.014462005,3970,0,-0.2240536,0.38405862,-10.026614,3970
5071104,-0.0024767416,-0.0056448407,0.013098974,4033,0,-0.2082849,0.41154993,-10.030824,4033
5075095,-0.0010861186,-0.00608224,0.013289969,3991,0,-0.20216501,0.3930684,-10.048867,3991
5079094,-0.0021501656,-0.00578068,0.01394229,3999,0,-0.19682199,0.39158288,-10.035563,3999
5083101,-0.0025777286,-0.0056640184,0.013632557,4007,0,-0.2086453,0.41176096,-10.012109,4007
5087094,-0.0020533965,-0.0042526675,0.012946497,3993,0,-0.21125057,0.40813944,-10.039938,3993
5091152,-0.0027033668,-0.0074138753,0.011867316,4058,0,-0.21019776,0.39480004,-10.021569,4058
5095094,-0.003306356,-0.0067659738,0.015099477,3942,0,-0.2123236,0.40268627,-10.006843,3942
5099095,-0.0018358501,-0.005648096,0.013200468,4001,0,-0.20385553,0.40092012,-10.01635,4001
5103101,-3.3529617e-05,-0.0075163073,0.011731667,4006,0,-0.20331542,0.38054824,-9.998954,4006
5107095,-0.00055812363,-0.0069123628,0.01271409,3994,0,-0.20670108,0.37255156,-10.002778,3994
5111132,-0.0025672955,-0.0059293555,0.014908864,4037,0,-0.19091901,0.37193617,-10.012424,4037
5115095,-0.000326688,-0.006669111,0.014749463,3963,0,-0.19571348,0.37043542,-10.009588,3963
5119094,-0.0014056789,-0.0063345125,0.014443185,3999,0,-0.20387584,0.40056425,-10.017894,3999
5123101,0.00071552803,-0.00528036,0.012023684,4007,0,-0.19323157,0.3856146,-9.995444,4007
5127102,-0.0016052811,-0.00877619,0.011886229,4001,0,-0.21857075,0.35771084,-10.003163,4001
5131101,-0.0034219981,-0.007906422,0.013745611,3999,0,-0.23491044,0.3758317,-9.999432,3999
5135109,-0.00012832174,-0.008790439,0.01466091,4008,0,-0.2469396,0.3754242,-10.001819,4008
5139102,0.00018663934,-0.006755557,0.014410987,3993,0,-0.25120345,0.3708793,-10.007288,3993
5143108,-0.0015254653,-0.005172096,0.012150498,4006,0,-0.23504843,0.3731255,-10.028402,4006
5147102,-0.00013025712,-0.005000528,0.013006482,3994,0,-0.22845444,0.38573423,-10.043721,3994
5151102,-0.0025917047,-0.0069023143,0.01241,4000,0,-0.23762828,0.38619372,-10.043253,4000
5155109,-0.0031096886,-0.0066368585,0.013592636,4007,0,-0.24250759,0.3881326,-9.985775,4007
5159108,-0.000863755,-0.006889473,0.015508456,3999,0,-0.2411719,0.38966307,-10.022584,3999
5163108,-0.002989498,-0.003776871,0.014233634,4000,0,-0.21736732,0.39291388,-10.043408,4000
5167102,-0.0018081208,-0.0073401965,0.015585586,3994,0,-0.23392881,0.3772583,-9.9897585,3994
5171102,-0.00034833344,-0.0056891902,0.0144750625,4000,0,-0.21673588,0.37334225,-10.021465,4000
5175140,-0.0035247747,-0.0073314575,0.014951447,4038,0,-0.18494806,0.38510492,-10.040379,4038
5179128,-0.0012575383,-0.0073583084,0.013856527,3988,0,-0.21185178,0.38654432,-10.01422,3988
5183108,8.695367e-05,-0.0064295367,0.014236347,3980,0,-0.21818921,0.39466122,-10.026763,3980
5187102,0.00041780228,-0.008365202,0.014569845,3994,0,-0.20170581,0.37683573,-10.050481,3994
5191102,-0.003329263,-0.0067929113,0.015192757,4000,0,-0.21652447,0.37550566,-10.050356,4000
5195139,-0.0035195374,-0.006974615,0.014425757,4037,0,-0.2096477,0.39392495,-10.032425,4037
5199135,0.0005493544,-0.0056373463,0.013614539,3996,0,-0.20503119,0.38322178,-10.0378475,3996
5203108,-0.00087108254,-0.0053864014,0.014387252,3973,0,-0.21396989,0.3755441,-10.036391,3973
5207102,-0.0011884938,-0.0070772828,0.014207322,3994,0,-0.2254256,0.4077323,-10.0058775,3994
5211102,-0.00056237157,-0.006347559,0.01209991,4000,0,-0.23461461,0.392024,-10.033368,4000
5215102,-0.0012952342,-0.0075662555,0.013537727,4000,0,-0.229683,0.37426177,-10.00837,4000
5219104,-0.0029026042,-0.005717752,0.012449213,4002,0,-0.24274856,0.3791183,-10.0205145,4002
5223108,-0.00066711387,-0.0055625937,0.013537478,4004,0,-0.22725709,0.38358992,-10.027329,4004
5227102,-0.00040931377,-0.006949173,0.013778937,3994,0,-0.23150504,0.37112263,-10.004553,3994
5231102,-0.003115835,-0.0059577757,0.013088313,4000,0,-0.24797854,0.3852513,-10.0192375,4000
5235102,-0.001391583,-0.006143823,0.014881595,4000,0,-0.24073367,0.39180204,-10.01651,4000
5239124,-0.0020601721,-0.006476217,0.012633166,4022,0,-0.2389342,0.41028953,-10.045646,4022
5243109,-0.0005284689,-0.0057160407,0.015136622,3985,0,-0.23264843,0.39957058,-10.029102,3985
5247102,-0.0016157968,-0.0074386387,0.015253082,3993,0,-0.22207068,0.39978924,-10.024942,3993
5251110,-0.0010726919,-0.006302545,0.013699655,4008,0,-0.23661833,0.39315534,-10.026569,4008
5255102,-0.002597447,-0.0074555795,0.013022396,3992,0,-0.23020443,0.39296338,-10.020865,3992
5259134,-0.0032072663,-0.006750429,0.014233608,4032,0,-0.2392343,0.38607728,-10.006767,4032
5263109,-0.002768608,-0.006491053,0.015629264,3975,0,-0.22096951,0.37964353,-10.012282,3975
5267103,-0.0020420684,-0.004930031,0.014080928,3994,0,-0.20662157,0.3846102,-10.002714,3994
5271108,-0.0019373355,-0.005263103,0.011715997,4005,0,-0.20969659,0.37910983,-10.022615,4005
5275103,-0.00345759,-0.0053660986,0.011740401,3995,0,-0.21166202,0.38863608,-10.032658,3995
5279139,-0.0019348537,-0.005826172,0.012360599,4036,0,-0.21052217,0.37291744,-10.023697,4036
5283108,-0.0020515174,-0.0066527603,0.014443697,3969,0,-0.19674654,0.37632602,-10.023597,3969
5287102,-0.0018440929,-0.005584385,0.011812552,3994,0,-0.20643012,0.36151898,-10.028,3994
5291108,-0.0018315334,-0.0062986673,0.013298228,4006,0,-0.19272548,0.38182154,-10.003765,4006
5295102,-0.0013011064,-0.0051894262,0.015248875,3994,0,-0.18892653,0.38099355,-9.997683,3994
5299102,-0.001183947,-0.007642482,0.015138022,4000,0,-0.20056091,0.37233046,-10.020972,4000
5303102,-0.0044963644,-0.0066690026,0.012117944,4000,0,-0.1987867,0.35748976,-10.044577,4000
5307102,-0.0025709146,-0.007330488,0.012502362,4000,0,-0.19783506,0.3636259,-10.040864,4000
5311108,-0.002806331,-0.007839873,0.012155037,4006,0,-0.19722673,0.38038808,-10.029634,4006
5315102,-0.002166864,-0.007508614,0.014305285,3994,0,-0.20290455,0.38259026,-10.012858,3994
5319102,-0.0030093747,-0.0039314213,0.013271009,4000,0,-0.20093831,0.37955856,-10.009168,4000
5323102,-0.0010870188,-0.0051326356,0.013645002,4000,0,-0.20951863,0.40171823,-10.000042,4000
5327121,0.00020106467,-0.00711781,0.013019573,4019,0,-0.22403334,0.4014487,-10.004669,4019
5331109,-0.0021644358,-0.0054634437,0.014079644,3988,0,-0.24018978,0.41075414,-9.998043,3988
5335102,-0.0025743104,-0.0053862478,0.0146056805,3993,0,-0.23638257,0.4118349,-10.001442,3993
5339102,-0.00087120966,-0.0055806534,0.014156073,4000,0,-0.24118476,0.41452074,-10.008928,4000
5343121,-0.0026945556,-0.0050025377,0.013126732,4019,0,-0.23163764,0.40292093,-10.019066,4019
5347140,-0.003714694,-0.0055967947,0.014841971,4019,0,-0.23883566,0.40639052,-10.009573,4019
5351108,-0.0018327276,-0.004539185,0.014298109,3968,0,-0.24638177,0.40061963,-9.983503,3968
5355102,-0.0022861771,-0.004414176,0.012090585,3994,0,-0.2559781,0.39969653,-9.996913,3994
5359107,-0.0015272668,-0.005270446,0.011723695,4005,0,-0.25901094,0.3940555,-10.024092,4005
5363138,-0.0020459215,-0.0058730384,0.013516856,4031,0,-0.25267404,0.40065148,-10.009397,4031
5367109,-0.0018168492,-0.006509576,0.01593789,3971,0,-0.2668397,0.38725755,-10.026843,3971
5371108,-0.0005546555,-0.0063971207,0.013367805,3999,0,-0.26766288,0.39124495,-10.037939,3999
5375102,-0.0015187368,-0.0049029384,0.013340665,3994,0,-0.25173235,0.3842814,-10.021095,3994
5379103,-0.00012700686,-0.0057793176,0.0137182,4001,0,-0.24366891,0.37550446,-10.026804,4001
5383102,0.0012581394,-0.004776585,0.0152323935,3999,0,-0.23891687,0.38279298,-10.0280285,3999
5387102,-0.0023694772,-0.0050745425,0.014816687,4000,0,-0.23490407,0.36867568,-10.002073,4000
5391108,-0.0029981502,-0.00524715,0.013869783,4006,0,-0.21428916,0.3740064,-10.002577,4006
5395102,-0.0012942771,-0.0040655658,0.013595394,3994,0,-0.2050385,0.3766572,-10.044932,3994
5399145,0.00019765469,-0.0048069013,0.013549063,4043,0,-0.20962349,0.37202185,-10.012153,4043
5403102,-0.00012060033,-0.0047523985,0.014621107,3957,0,-0.20522618,0.38802183,-10.002508,3957
5407102,-0.0011912492,-0.0066445894,0.014116351,4000,0,-0.1938202,0.38799128,-10.016509,4000
5411108,-0.0006694391,-0.005905287,0.011900715,4006,0,-0.20686807,0.38282555,-10.031066,4006
5415102,-0.001846054,-0.0056270286,0.01277861,3994,0,-0.20294793,0.39501435,-10.02379,3994
5419102,-0.0023571805,-0.0052547925,0.013979586,4000,0,-0.20642145,0.4043217,-10.039788,4000
5423102,-0.0032147698,-0.0058301208,0.015010098,4000,0,-0.19395776,0.39368203,-10.040202,4000
5427134,-0.0033171077,-0.005881356,0.013729833,4032,0,-0.1901305,0.39328527,-10.027803,4032
5431108,-0.0012952933,-0.0059827645,0.01340261,3974,0,-0.18611217,0.3927341,-10.0161915,3974
5435102,-0.0017383046,-0.004318626,0.012183783,3994,0,-0.1904002,0.36570844,-9.990059,3994
5439102,-0.0022593734,-0.0065474305,0.014244904,4000,0,-0.19524154,0.36787042,-10.016865,4000
5443102,-0.0006567535,-0.0056982497,0.014789732,4000,0,-0.19757707,0.36753678,-10.008622,4000
5447135,-0.0005687012,-0.007403106,0.014293066,4033,0,-0.20534779,0.37226826,-10.018049,4033
5451102,-0.0020454237,-0.00854512,0.013512479,3967,0,-0.21546185,0.3724571,-10.024181,3967
5455127,-0.0007692905,-0.0064372164,0.01380609,4025,0,-0.21843474,0.35409027,-10.045024,4025
5459108,0.00031712485,-0.0073031136,0.0148267625,3981,0,-0.22313754,0.36295483,-10.03546,3981
5463102,-0.0005670494,-0.005641703,0.013083686,3994,0,-0.2092219,0.38418585,-10.027521,3994
5467102,-0.0017289331,-0.0060638087,0.013077667,4000,0,-0.21934879,0.38119566,-10.038158,4000
5471108,-0.0015189057,-0.0049735233,0.0123745445,4006,0,-0.23209502,0.38398102,-10.0121,4006
5475125,-0.00044439896,-0.0058747926,0.013406547,4017,0,-0.22390445,0.39483947,-10.006489,4017
5479077,-0.0012023945,-0.0066552493,0.014438046,3952,0,-0.21523996,0.4021395,-9.999934,3952
5483071,9.42814e-05,-0.0071711866,0.012052916,3994,0,-0.2275549,0.38671997,-9.98851,3994
5487071,0.00028917223,-0.0072130444,0.012277287,4000,0,-0.23690835,0.3826732,-10.0181875,4000
5491071,-0.0019481288,-0.007395474,0.011428271,4000,0,-0.24872386,0.38580018,-10.009161,4000
5495075,-0.0009948211,-0.0049076923,0.012998766,4004,0,-0.24943009,0.37948203,-10.019781,4004
5499077,-0.0007657049,-0.0067125773,0.013607312,4002,0,-0.24872442,0.38093323,-10.008048,4002
5503071,-0.0032049872,-0.007631654,0.011952654,3994,0,-0.24230991,0.372953,-10.009886,3994
5507071,-0.0022741456,-0.005868023,0.013394765,4000,0,-0.2221167,0.37852433,-10.018679,4000
5511126,-0.0022294733,-0.0065117134,0.016355235,4055,0,-0.23167849,0.37994337,-10.018957,4055
5515095,-0.0019140618,-0.009597042,0.015807496,3969,0,-0.23258913,0.39325592,-10.014126,3969
5519077,-0.0018131103,-0.008327016,0.016081437,3982,0,-0.23927355,0.39436895,-10.018847,3982
5523071,-0.0033288288,-0.005228265,0.013552143,3994,0,-0.24268326,0.39239725,-10.019386,3994
5527071,-0.002030453,-0.0059757107,0.016048893,4000,0,-0.24320598,0.3824626,-10.018805,4000
5531104,-0.002453406,-0.0065024626,0.016054848,4033,0,-0.223634,0.3683832,-10.016135,4033
5535071,-0.003955932,-0.0064549856,0.014674013,3967,0,-0.22212555,0.37910026,-10.022401,3967
5539077,-0.0033205978,-0.0064203427,0.013836012,4006,0,-0.21103589,0.3772994,-10.011748,4006
5543071,-0.0021651813,-0.006054297,0.013075123,3994,0,-0.22660172,0.37871936,-9.989482,3994
5547071,-0.0023403664,-0.004863992,0.0148153305,4000,0,-0.21941511,0.3692654,-9.9658165,4000
5551070,-0.0013052495,-0.0051311213,0.015984904,3999,0,-0.21796072,0.3681806,-9.977147,3999
5555070,-0.00022472038,-0.0065528466,0.014779859,4000,0,-0.21004373,0.34996346,-9.987231,4000
5559077,6.86554e-05,-0.006945011,0.011238181,4007,0,-0.202396,0.36084172,-10.013108,4007
5563071,-0.00015339606,-0.006121024,0.012097418,3994,0,-0.20567,0.36673117,-10.009152,3994
5567070,-0.0013609577,-0.0077810036,0.013204341,3999,0,-0.20161235,0.3679691,-10.010482,3999
5571071,-0.0028003415,-0.005587773,0.014397445,4001,0,-0.1942311,0.3850636,-10.018574,4001
5575071,-0.0027811755,-0.0059127463,0.01458258,4000,0,-0.19475497,0.38972747,-10.001586,4000
5579071,-0.0033406084,-0.005353712,0.013010194,4000,0,-0.1960455,0.40361813,-10.001492,4000
5583071,-0.0013218872,-0.006682301,0.01324476,4000,0,-0.22237077,0.40665546,-10.00491,4000
5587070,-0.00012821863,-0.007995669,0.013318625,3999,0,-0.2203556,0.4006245,-10.031352,3999
5591071,-0.0014157556,-0.0087139895,0.01297442,4001,0,-0.20786852,0.4041002,-10.035555,4001
5595090,-0.0015197839,-0.0080863815,0.012472956,4019,0,-0.20595308,0.4097063,-10.032689,4019
5599077,-0.0019275756,-0.005952745,0.0127670765,3987,0,-0.21970148,0.42331037,-10.036115,3987
5603079,-0.0026810716,-0.0058941473,0.014041304,4002,0,-0.23401338,0.40509477,-10.021307,4002
5607071,-0.0020445369,-0.0055633457,0.01374224,3992,0,-0.23418725,0.3923935,-10.039975,3992
5611071,-0.0033243727,-0.0073528686,0.013249098,4000,0,-0.22419153,0.3851706,-10.031754,4000
5615104,-0.0020398258,-0.00624274,0.014557878,4033,0,-0.21114668,0.3970232,-10.026601,4033
5619077,-0.0023675791,-0.006128098,0.01435828,3973,0,-0.22269285,0.3891764,-10.044566,3973
5623112,0.00029769278,-0.005586594,0.0143642435,4035,0,-0.22554672,0.3815559,-10.035287,4035
5627071,-0.0015139568,-0.0076008113,0.014081958,3959,0,-0.23569383,0.3833184,-10.043806,3959
5631071,-0.0030010936,-0.009659695,0.014733815,4000,0,-0.23354869,0.3889864,-10.027808,4000
5635070,0.00015554189,-0.0064753983,0.0122202085,3999,0,-0.236045,0.38445,-10.035011,3999
5639077,-0.0030738055,-0.006652676,0.014749121,4007,0,-0.23788998,0.37851587,-10.029301,4007
5643080,-0.0024663678,-0.0076229423,0.014626737,4003,0,-0.24079335,0.37864077,-10.022266,4003
5647070,-0.0046046833,-0.0068584858,0.011999233,3990,0,-0.23993093,0.3671742,-10.033931,3990
5651071,-0.0036468082,-0.007321472,0.0141930785,4001,0,-0.23604676,0.3670313,-10.021385,4001
5655071,-0.0022697693,-0.0055869827,0.013959724,4000,0,-0.22878046,0.35056365,-10.013192,4000
5659071,-0.0011899063,-0.0050244867,0.013857841,4000,0,-0.24072433,0.360485,-10.013311,4000
5663100,-0.002783699,-0.0053691072,0.014396428,4029,0,-0.2399451,0.37299109,-10.037406,4029
5667077,-0.00089187047,-0.0082037905,0.013519279,3977,0,-0.23118141,0.38199067,-10.011413,3977
5671086,-0.0006572889,-0.0066293417,0.013581678,4009,0,-0.23783748,0.38901177,-10.018511,4009
5675070,-0.0005378997,-0.0066410676,0.0140105,3984,0,-0.22556974,0.38893887,-10.027679,3984
5679106,-0.000585285,-0.006401995,0.013055272,4036,0,-0.22167982,0.3896836,-10.035403,4036
5683926,-0.0017645557,-0.0074704764,0.015332204,4820,0,-0.21480641,0.39195898,-10.018881,4820
5687901,-0.0041595413,-0.0042028227,0.014766579,3975,0,-0.20114331,0.4015841,-10.043835,3975
5691894,-0.0034207525,-0.0030587143,0.014917963,3993,0,-0.20538059,0.39151603,-10.033101,3993
5695926,-0.00095963717,-0.0048073176,0.015654635,4032,0,-0.19879737,0.38491577,-10.045818,4032
5699895,0.0002942721,-0.0075740716,0.013431559,3969,0,-0.22069652,0.39854318,-10.028876,3969
5703930,-0.000546949,-0.006306858,0.013699673,4035,0,-0.21636726,0.3970385,-10.026639,4035
5707901,-0.0004588048,-0.006123583,0.012002903,3971,0,-0.21112779,0.39070502,-10.025803,3971
5711894,-0.00138793,-0.0053200903,0.015775995,3993,0,-0.21644166,0.38793567,-10.038903,3993
5715916,-0.0010638393,-0.004673518,0.01548558,4022,0,-0.19723134,0.37416136,-10.017094,4022
5719894,-2.663528e-05,-0.006296454,0.013487305,3978,0,-0.19322963,0.36718318,-9.99917,3978
5723899,-0.0016333038,-0.005430002,0.01300638,4005,0,-0.19097723,0.3857975,-10.0098915,4005
5727894,-0.0050116577,-0.005928921,0.014913221,3995,0,-0.21292648,0.3843106,-10.0089,3995
5731895,-0.0025856493,-0.007236327,0.01324873,4001,0,-0.21014017,0.37722597,-10.009705,4001
5735901,-0.0032055778,-0.004701095,0.013249226,4006,0,-0.20496915,0.37346146,-10.0379925,4006
5740694,-0.0005429112,-0.0053322436,0.013534582,4793,0,-0.19543754,0.3602963,-10.03798,4793
5744695,-0.0007629127,-0.007821268,0.014276857,4001,0,-0.20061062,0.3607775,-10.030991,4001
5748695,-0.0020351927,-0.007009277,0.015271285,4000,0,-0.2032767,0.36998433,-9.997961,4000
5752695,-0.0025850846,-0.007203647,0.012296431,4000,0,-0.21289793,0.37943494,-10.020391,4000
5756713,-0.0013127824,-0.0069750436,0.011866369,4018,0,-0.20813043,0.38292876,-10.010409,4018
5760696,-0.0016341984,-0.006109735,0.011477422,3983,0,-0.2077936,0.38182768,-10.0300865,3983
5764706,-0.003756733,-0.00871983,0.012767212,4010,0,-0.21199244,0.37786376,-10.014432,4010
5768695,-0.002690264,-0.0065951184,0.012637311,3989,0,-0.21835127,0.38156933,-10.025777,3989
5772695,-0.0005653474,-0.004870001,0.0124837635,4000,0,-0.2244063,0.40543306,-10.01037,4000
5776671,-0.00013981012,-0.0072641326,0.011202484,3976,0,-0.2225624,0.3902828,-10.01248,3976
5780695,-0.0020220021,-0.0065418934,0.014335485,4024,0,-0.22147235,0.3811903,-10.015966,4024
5784733,-0.002254293,-0.0069535365,0.014008636,4038,0,-0.24704385,0.38408628,-10.025941,4038
5788695,-0.0016100374,-0.0049748127,0.014931279,3962,0,-0.24556531,0.38252643,-10.023109,3962
5792695,-0.0002303431,-0.0056971763,0.014362848,4000,0,-0.24996196,0.36434484,-10.03576,4000
5796727,-0.0029027276,-0.0053144745,0.012906407,4032,0,-0.23478214,0.37107593,-10.059594,4032
5800695,-0.002136259,-0.0071498016,0.01571917,3968,0,-0.23951927,0.3798262,-10.049961,3968
5804701,-0.0019384172,-0.0062261354,0.0142410435,4006,0,-0.24188092,0.37066084,-10.049537,4006
5808694,-0.0017256222,-0.006516511,0.013592781,3993,0,-0.23792191,0.37578803,-10.022967,3993
5812695,-0.0010761049,-0.0064922064,0.015499473,4001,0,-0.23207855,0.37986735,-10.003728,4001
5816716,0.00062730815,-0.0068308553,0.0162315,4021,0,-0.25445634,0.37128702,-9.9948015,4021
5820695,0.00084034255,-0.008640838,0.016043866,3979,0,-0.24947454,0.37810642,-10.043958,3979
5824709,-0.0009847948,-0.0049967696,0.013007203,4014,0,-0.22660592,0.38710484,-10.053272,4014
5828695,-0.001829234,-0.003771538,0.0142392805,3986,0,-0.22804631,0.39852613,-10.051807,3986
5832695,-0.000984615,-0.005132373,0.013644382,4000,0,-0.20549254,0.40329054,-10.039405,4000
5836695,-0.00118161,-0.0053585554,0.013953414,4000,0,-0.18757592,0.39384195,-10.006306,4000
5840695,-0.004058042,-0.007401265,0.014315661,4000,0,-0.2010298,0.38715044,-10.01944,4000
5844695,-0.0027776703,-0.004147368,0.015614348,4000,0,-0.20914003,0.38730782,-10.011157,4000
5848695,-0.0031095922,-0.0036218024,0.013194178,4000,0,-0.20431298,0.38093606,-10.018078,4000
5852694,-0.002138705,-0.005777133,0.013618763,3999,0,-0.2039176,0.39034364,-10.027375,3999
5856695,-0.0037424036,-0.004523554,0.014326016,4001,0,-0.2078306,0.38790056,-10.037086,4001
5860695,-0.0032196702,-0.0056463494,0.013531616,4000,0,-0.2119803,0.37492254,-10.014019,4000
5864701,-0.0020544427,-0.0057396516,0.013099319,4006,0,-0.20305435,0.38096294,-10.022946,4006
5868695,-0.0009880059,-0.0075340485,0.012481901,3994,0,-0.19244196,0.40139607,-10.028429,3994
5872695,0.00051648595,-0.0053012925,0.014800258,4000,0,-0.17609014,0.39340246,-10.01944,4000
5876695,-0.00066121964,-0.004292085,0.013883373,4000,0,-0.18326312,0.38736475,-10.013236,4000
5880727,-0.0033181668,-0.0039561386,0.013491699,4032,0,-0.18670195,0.404609,-10.024516,4032
5884701,-0.0018413431,-0.0059853364,0.013512106,3974,0,-0.19838081,0.41010556,-10.052551,3974
5888695,-0.0018376457,-0.0044841426,0.013152252,3994,0,-0.19886895,0.39587283,-10.057016,3994
5892695,-0.004286537,-0.0058737113,0.013625971,4000,0,-0.19290103,0.3851127,-10.02762,4000
5896670,-0.0018186813,-0.00723883,0.0154993525,3975,0,-0.19545309,0.3715103,-10.046987,3975
5901494,-0.00028801986,-0.0067680115,0.013993424,4824,0,-0.20393857,0.37003002,-10.002047,4824
5905497,-0.002044473,-0.007902509,0.013644425,4003,0,-0.21528155,0.37756902,-10.007107,4003
5909495,-0.0034231415,-0.007935169,0.014504175,3998,0,-0.22784188,0.37181407,-10.0193405,3998
5913495,-0.005455573,-0.008524438,0.013218464,4000,0,-0.22317187,0.37447947,-10.038954,4000
5917516,-0.0030156127,-0.006258849,0.009995662,4021,0,-0.22640781,0.37899336,-10.02006,4021
5921495,0.0010284339,-0.005593262,0.011806526,3979,0,-0.22541036,0.36441663,-10.014375,3979
5925517,-0.0005574838,-0.0071487725,0.013347227,4022,0,-0.22114223,0.37471882,-10.019823,4022
5929495,-0.002148578,-0.007506889,0.014515892,3978,0,-0.22744362,0.37614405,-10.03208,3978
5933495,-0.0016292118,-0.0070905737,0.01444045,4000,0,-0.23886527,0.37034935,-10.019304,4000
5937495,-0.0013121507,-0.0049317493,0.01131193,4000,0,-0.23318045,0.37807518,-10.032,4000
5941495,-0.0012165945,-0.008558514,0.01149195,4000,0,-0.24951111,0.38934729,-10.0376005,4000
5945495,-2.259468e-05,-0.008648507,0.013595515,4000,0,-0.24279346,0.38104934,-10.03476,4000
5949495,-0.0010854176,-0.005576517,0.01395677,4000,0,-0.2512905,0.39665192,-10.0171995,4000
5953495,-0.0013098752,-0.006695007,0.013055645,4000,0,-0.25422263,0.3892521,-10.022844,4000
5957471,-0.0022500197,-0.005997791,0.0138231525,3976,0,-0.2429808,0.38842195,-9.99274,3976
5961495,-0.0019403119,-0.004377579,0.013464309,4024,0,-0.2507656,0.4072488,-10.006715,4024
5965495,-0.0014102566,-0.0040647318,0.01359055,4000,0,-0.24732028,0.39950386,-10.003777,4000
5969495,-0.0015142267,-0.005036601,0.01396824,4000,0,-0.2473472,0.39625898,-9.996718,4000
5973501,-0.0009755654,-0.0054595955,0.01394918,4006,0,-0.23584324,0.40161246,-9.997471,4006
5977495,-0.0015032982,-0.0058367318,0.015215858,3994,0,-0.23454945,0.3991628,-10.020116,3994
