timestamp,lat,lon,alt,delta_alt,vel_n,vel_e,vel_d,yaw,eph,epv,terrain_alt,lat_lon_reset_counter,alt_reset_counter,terrain_alt_valid,dead_reckoning
98640443,45.38405184515449,-71.92739676137205,229.99478,-0.0,-3.5371335,0.68993795,0.07862021,-1.4182849,1.9752603,3.2414794,0.0,3,0,0,0
98644442,45.38405171780909,-71.92739672592313,229.99445,-0.0,-3.5320036,0.6897727,0.08160995,-1.418274,1.9752603,3.2414794,0.0,3,0,0,0
98845101,45.38404582753736,-71.92739630406614,229.98636,-0.0,-3.291299,0.5962298,0.103682935,-1.4187939,1.9753262,3.241626,0.0,3,0,0,0
99046028,45.384040301736526,-71.92739569845297,229.98444,-0.0,-3.08334,0.59903795,0.08021353,-1.4200643,1.9755188,3.2418518,0.0,3,0,0,0
99246672,45.38403509320134,-71.92739515674052,229.99739,-0.0,-2.8906507,0.6321001,0.09685356,-1.4202247,1.9757146,3.242078,0.0,3,0,0,0
99451495,45.384029929676565,-71.92739489411645,230.00127,-0.0,-2.7663066,0.55932945,0.1162549,-1.4201002,1.9761742,3.2424664,0.0,3,0,0,0
99652307,45.38402500657118,-71.92739474228448,229.98976,-0.0,-2.716871,0.4705125,0.14596073,-1.4215235,1.9762806,3.2426264,0.0,3,0,0,0
99853149,45.38402005821641,-71.92739466745681,229.97455,-0.0,-2.7921646,0.45626003,0.12077832,-1.4233167,1.9767323,3.2430277,0.0,3,0,0,0
100053954,45.384014969342275,-71.92739436390049,229.95795,-0.0,-2.947793,0.34137344,0.12606882,-1.4247317,1.976806,3.24319,0.0,3,0,0,0
100254698,45.38400961260428,-71.9273943722328,229.93753,-0.0,-3.153825,0.23397118,0.14385848,-1.427499,1.9769939,3.2434282,0.0,3,0,0,0
100459485,45.384003612552966,-71.92739452870187,229.93529,-0.0,-3.4130545,0.19934945,0.12554786,-1.430462,1.9771686,3.2436523,0.0,3,0,0,0
100660449,45.38399724528606,-71.92739473683785,229.95279,-0.0,-3.569125,0.14517291,0.045370445,-1.4337668,1.9773192,3.2438598,0.0,3,0,0,0
100861127,45.38399062113272,-71.9273948695945,229.97905,-0.0,-3.6703267,0.0831074,0.09670455,-1.4358025,1.9774851,3.244067,0.0,3,0,0,0
101066092,45.383983634704094,-71.92739516940216,230.01717,-0.0,-3.7567778,-0.026891766,0.123925485,-1.4419479,1.9779211,3.2444315,0.0,3,0,0,0
101266826,45.383976591189345,-71.9273952871646,230.0638,-0.0,-3.9071116,-0.038148418,0.11160704,-1.444726,1.9780741,3.244625,0.0,3,0,0,0
101471511,45.38396915795427,-71.92739561697655,230.13185,-0.0,-4.0445967,-0.030462872,0.007738513,-1.4468272,1.9781989,3.2448087,0.0,3,0,0,0
101672232,45.38396176698476,-71.92739601946964,230.19016,-0.0,-4.161801,-0.20815292,0.051410362,-1.4493253,1.9782916,3.2449849,0.0,3,0,0,0
101877101,45.38395399507719,-71.92739653808053,230.2594,-0.0,-4.3320465,-0.17095299,0.07728599,-1.4511522,1.9786202,3.245309,0.0,3,0,0,0
102078022,45.38394606783062,-71.92739729112323,230.32927,-0.0,-4.4411902,-0.27787903,0.032337647,-1.456183,1.9787005,3.2454803,0.0,3,0,0,0
102278716,45.38393785350767,-71.92739773705381,230.3834,-0.0,-4.5699058,-0.2889554,0.009079844,-1.4599117,1.9786545,3.2455654,0.0,3,0,0,0
102483562,45.38392929886546,-71.92739833169378,230.43289,-0.0,-4.7265973,-0.37004274,0.03156733,-1.4589003,1.978981,3.245874,0.0,3,0,0,0
102684279,45.38392067561048,-71.92739894151237,230.47867,-0.0,-4.8639255,-0.38154608,0.0062440024,-1.4608591,1.97901,3.2460055,0.0,3,0,0,0
102888283,45.38391154407163,-71.9273993464521,230.52127,-0.0,-5.035065,-0.4017128,-0.004881018,-1.46148,1.979018,3.2461212,0.0,3,0,0,0
103089925,45.383902172662545,-71.92739981749186,230.57011,-0.0,-5.202498,-0.41715834,-0.0652895,-1.4647999,1.97923,3.2463605,0.0,3,0,0,0
103294842,45.38389232700174,-71.9274002247658,230.62143,-0.0,-5.357983,-0.4421969,-0.016943676,-1.4680492,1.9790261,3.246335,0.0,3,0,0,0
103495550,45.38388232380574,-71.92740048532211,230.67845,-0.0,-5.55561,-0.45919237,-0.0858245,-1.4714668,1.9789118,3.2463536,0.0,3,0,0,0
103699612,45.38387185184709,-71.92740071536387,230.74812,-0.0,-5.7789807,-0.41541025,-0.10529572,-1.4750473,1.9790012,3.246483,0.0,3,0,0,0
103900282,45.38386118118565,-71.92740084435822,230.81906,-0.0,-5.9579916,-0.40209454,-0.055312887,-1.4795309,1.9788249,3.2464352,0.0,3,0,0,0
104101079,45.38385009555394,-71.92740091060026,230.89503,-0.0,-6.1338053,-0.4142209,-0.07736178,-1.4859902,1.9786105,3.246342,0.0,3,0,0,0
104306107,45.383838505480675,-71.92740077543185,230.97499,-0.0,-6.332992,-0.390637,-0.07547576,-1.4921387,1.9784915,3.2462864,0.0,3,0,0,0
104506796,45.38382682044708,-71.92740047974732,231.0564,-0.0,-6.5504117,-0.32205462,-0.1042505,-1.4983004,1.9781895,3.2460802,0.0,3,0,0,0
104707562,45.38381474459473,-71.9273999963288,231.13835,-0.0,-6.763854,-0.33569798,-0.10650272,-1.5034432,1.9778743,3.245828,0.0,3,0,0,0
104735686,45.383813037508304,-71.92739991205205,231.15,-0.0,-6.7931013,-0.33222115,-0.11569597,-1.5034666,1.9725386,3.2423236,0.0,3,0,0,0
105141138,45.38378757173024,-71.92739817857537,231.3217,-0.0,-7.177234,-0.41099712,-0.21528886,-1.4963231,1.9718833,3.2416384,0.0,3,0,0,0
105345967,45.38377423779307,-71.92739727461968,231.41078,-0.0,-7.362195,-0.4440474,-0.23117363,-1.4860153,1.9718076,3.2414172,0.0,3,0,0,0
105546704,45.383760800113755,-71.92739663474426,231.51176,-0.0,-7.5310764,-0.46263504,-0.20576848,-1.4765996,1.9714824,3.241038,0.0,3,0,0,0
105751571,45.383746880498116,-71.92739595401191,231.60796,-0.0,-7.669309,-0.5281042,-0.23892082,-1.4625983,1.9711729,3.2406433,0.0,3,0,0,0
105952265,45.3837328615312,-71.92739532013458,231.70044,-0.0,-7.8872366,-0.5485095,-0.127879,-1.4482667,1.9708921,3.2402716,0.0,3,0,0,0
106153102,45.38371844076831,-71.9273950384297,231.78693,-0.0,-8.055031,-0.68708915,-0.29237413,-1.4329379,1.9706365,3.2399116,0.0,3,0,0,0
106353981,45.38370374390791,-71.92739500911897,231.90173,-0.0,-8.180004,-0.8181709,-0.30072907,-1.4200724,1.9704404,3.2395809,0.0,3,0,0,0
106554726,45.38368868806589,-71.92739531128208,232.02249,-0.0,-8.316993,-0.82914764,-0.4361948,-1.4128457,1.9704748,3.2394068,0.0,3,0,0,0
106759506,45.38367298836198,-71.92739600193369,232.11464,-0.0,-8.415568,-1.0488248,-0.31389165,-1.3991207,1.9701939,3.239033,0.0,3,0,0,0
106960254,45.38365744619335,-71.92739689167557,232.21664,-0.0,-8.614174,-1.0203892,-0.3098535,-1.3854507,1.9700214,3.2387376,0.0,3,0,0,0
107161169,45.38364162134028,-71.92739797619834,232.33083,-0.0,-8.710069,-1.1557969,-0.3296095,-1.378107,1.9700699,3.238594,0.0,3,0,0,0
107361929,45.383625655968515,-71.92739926859177,232.4405,-0.0,-8.859121,-1.1420506,-0.30881342,-1.3719753,1.9698256,3.238251,0.0,3,0,0,0
107562758,45.38360937388009,-71.92740055534385,232.55121,-0.0,-8.983424,-1.1100874,-0.33632734,-1.3722671,1.9697065,3.2379866,0.0,3,0,0,0
107767465,45.38359228051433,-71.927402099277,232.66562,-0.0,-9.1129675,-1.0604322,-0.35320982,-1.3709058,1.9696156,3.2377315,0.0,3,0,0,0
107968287,45.38357534303667,-71.92740353321061,232.77661,-0.0,-9.209553,-1.0836715,-0.31381634,-1.3699048,1.9695235,3.2374918,0.0,3,0,0,0
108169105,45.38355829962077,-71.92740493511376,232.88066,-0.0,-9.249428,-1.007597,-0.31358746,-1.3716947,1.9694508,3.2372706,0.0,3,0,0,0
108369964,45.383541193080966,-71.92740623720225,232.97375,-0.0,-9.2099695,-0.8861903,-0.20154323,-1.3755746,1.9696097,3.2372103,0.0,3,0,0,0
108570773,45.38352428908568,-71.92740722810032,233.05463,-0.0,-9.066262,-0.80452436,-0.25434592,-1.3789783,1.9694655,3.2369611,0.0,3,0,0,0
108775516,45.38350739991029,-71.9274079053055,233.14317,-0.0,-8.953353,-0.6495987,-0.28238147,-1.3821087,1.969659,3.2369492,0.0,3,0,0,0
108975667,45.38349122595441,-71.92740839893808,233.2276,-0.0,-8.789209,-0.5524402,-0.34776062,-1.3843228,1.9695575,3.2367482,0.0,3,0,0,0
109181143,45.383474765471455,-71.9274088470969,233.29567,-0.0,-8.760317,-0.44013262,-0.2132902,-1.3864692,1.9695778,3.2366314,0.0,3,0,0,0
109381934,45.38345873093689,-71.92740942971112,233.35759,-0.0,-8.790973,-0.3780785,-0.18732643,-1.3865278,1.9695926,3.2365208,0.0,3,0,0,0
109581904,45.383442659076586,-71.92740974498669,233.40865,-0.0,-8.857113,-0.3783582,-0.22042862,-1.3898209,1.9695857,3.2364128,0.0,3,0,0,0
109786715,45.38342599001092,-71.92741033793271,233.48541,-0.0,-8.980586,-0.25182196,-0.1953651,-1.3933449,1.9698015,3.2364464,0.0,3,0,0,0
109987526,45.38340950757192,-71.92741083489838,233.56029,-0.0,-9.030977,-0.31112078,-0.20747174,-1.3959152,1.9697993,3.2363467,0.0,3,0,0,0
110188337,45.38339294499312,-71.92741129361875,233.64716,-0.0,-9.1145115,-0.22836804,-0.2340262,-1.3972812,1.9697795,3.2362447,0.0,3,0,0,0
110389961,45.38337635771331,-71.9274114630452,233.72456,-0.0,-9.160014,-0.20479475,-0.26538974,-1.3968493,1.969762,3.2361417,0.0,3,0,0,0
110589966,45.383359843437376,-71.92741151956736,233.7857,-0.0,-9.229695,-0.1452332,-0.26635233,-1.3997287,1.969793,3.236072,0.0,3,0,0,0
110794733,45.383342836247024,-71.92741151392406,233.82658,-0.0,-9.260456,-0.12872332,-0.23998262,-1.4005373,1.9700022,3.2361224,0.0,3,0,0,0
110995726,45.383326104605686,-71.92741151666903,233.8594,-0.0,-9.307001,-0.07967067,-0.17934355,-1.4016,1.9698845,3.2359807,0.0,3,0,0,0
111196431,45.38330923464123,-71.92741173385365,233.89801,-0.0,-9.342473,-0.08005585,-0.16626161,-1.3997797,1.969898,3.2359238,0.0,3,0,0,0
111401133,45.38329193049496,-71.92741189963058,233.94049,-0.0,-9.368728,-0.03972017,-0.15690112,-1.4019654,1.9700016,3.2359414,0.0,3,0,0,0
111601931,45.38327492769607,-71.9274120614624,233.98856,-0.0,-9.386957,0.009674393,-0.1638502,-1.4025898,1.9699631,3.2358837,0.0,3,0,0,0
111806688,45.38325754670344,-71.92741221358733,234.04102,-0.0,-9.407687,-0.007694258,-0.14853899,-1.4032485,1.9699681,3.2358382,0.0,3,0,0,0
112007511,45.383240477487284,-71.927412312068,234.08916,-0.0,-9.421999,0.08948171,-0.19374882,-1.4051647,1.9699063,3.2357762,0.0,3,0,0,0
112212273,45.38322307508721,-71.92741227185597,234.13805,-0.0,-9.42516,0.122785546,-0.161931,-1.4067345,1.970073,3.2358534,0.0,3,0,0,0
112413205,45.383206068994504,-71.92741214546923,234.18555,-0.0,-9.398507,0.1401374,-0.15542822,-1.4076605,1.9700116,3.2357812,0.0,3,0,0,0
112613933,45.38318905521724,-71.92741206333555,234.223,-0.0,-9.404627,0.17350796,-0.106071234,-1.4100982,1.969917,3.2356524,0.0,3,0,0,0
112818704,45.38317171868538,-71.927411979652,234.2532,-0.0,-9.413174,0.21294473,-0.08106102,-1.4129015,1.9699035,3.2355711,0.0,3,0,0,0
113019563,45.38315480645475,-71.9274116771449,234.26233,-0.0,-9.373176,0.28231463,-0.12708762,-1.4168276,1.9697943,3.2354214,0.0,3,0,0,0
113224286,45.38313776632952,-71.92741111627647,234.25629,-0.0,-9.263814,0.34127712,-0.06370128,-1.4206343,1.9699423,3.235426,0.0,3,0,0,0
113425247,45.38312125754147,-71.92741035344807,234.2511,-0.0,-9.143645,0.44248787,-0.11801534,-1.4222516,1.9697405,3.2352216,0.0,3,0,0,0
113629852,45.38310459012063,-71.92740958605361,234.23918,-0.0,-9.0269575,0.48919678,-0.07449831,-1.4259928,1.9696561,3.2350917,0.0,3,0,0,0
113830689,45.38308838542422,-71.92740864858267,234.23567,-0.0,-8.929277,0.5876836,-0.102170005,-1.4323688,1.9695513,3.2349665,0.0,3,0,0,0
114031568,45.383072353083094,-71.9274076584699,234.23581,-0.0,-8.835682,0.70022684,-0.05758384,-1.4351591,1.96946,3.2348475,0.0,3,0,0,0
114235503,45.383056270242804,-71.92740658408935,234.23944,-0.0,-8.703971,0.70601946,-0.06575951,-1.4400387,1.9696103,3.23488,0.0,3,0,0,0
114437093,45.3830406600075,-71.92740556046941,234.24222,-0.0,-8.57528,0.73514676,-0.09448383,-1.4415071,1.9695352,3.2347598,0.0,3,0,0,0
114641927,45.38302506678838,-71.92740468617885,234.24585,-0.0,-8.465211,0.7603741,-0.027468808,-1.4453666,1.9695529,3.2346954,0.0,3,0,0,0
114841998,45.38301008724207,-71.92740381933574,234.24933,-0.0,-8.327237,0.80988944,-0.05948176,-1.4503124,1.9694467,3.2345672,0.0,3,0,0,0
115046710,45.382995067625764,-71.9274028656605,234.26524,-0.0,-8.163599,0.8600625,-0.08123559,-1.4526113,1.9693722,3.2344563,0.0,3,0,0,0
115251516,45.382980398758,-71.92740186967349,234.29138,-0.0,-7.970057,0.8626095,-0.15671699,-1.4545794,1.9694957,3.2344718,0.0,3,0,0,0
115452287,45.38296643687634,-71.92740079665771,234.32242,-0.0,-7.7418537,0.8871538,-0.19947436,-1.4563051,1.9694088,3.2343593,0.0,3,0,0,0
115657042,45.382952633078354,-71.92739960515836,234.38081,-0.0,-7.4158063,0.90572923,-0.27728152,-1.4584076,1.9693677,3.2342608,0.0,3,0,0,0
115857872,45.38293967953029,-71.92739853037003,234.44836,-0.0,-7.077617,0.94161695,-0.32507777,-1.4591563,1.9692467,3.234126,0.0,3,0,0,0
116062712,45.38292714040364,-71.92739757677538,234.5364,-0.0,-6.703403,0.9259983,-0.31822848,-1.4577681,1.9693378,3.23412,0.0,3,0,0,0
116263648,45.382915414201484,-71.92739669920452,234.61607,-0.0,-6.341357,0.93959576,-0.2839865,-1.4566749,1.9691776,3.2339709,0.0,3,0,0,0
116468322,45.38290412163252,-71.92739605028406,234.69641,-0.0,-5.9636087,0.905902,-0.2971072,-1.4554064,1.9691955,3.233945,0.0,3,0,0,0
116669125,45.38289371169865,-71.92739548196609,234.76991,-0.0,-5.6225533,0.94960195,-0.21305104,-1.4543601,1.9688047,3.2336676,0.0,3,0,0,0
116869885,45.38288403839214,-71.92739518749032,234.85013,-0.0,-5.1655107,0.87195945,-0.24642883,-1.453114,1.9685308,3.2334516,0.0,3,0,0,0
117074770,45.38287499797032,-71.92739508229565,234.92911,-0.0,-4.725838,0.88759565,-0.14578693,-1.4509332,1.9682803,3.2332544,0.0,3,0,0,0
117275445,45.38286682975462,-71.92739517157092,235.01285,-0.0,-4.2940135,0.86442894,-0.12988329,-1.447421,1.9678947,3.2329698,0.0,3,0,0,0
117476313,45.38285949367533,-71.92739555674083,235.10739,-0.0,-3.843849,0.8258,-0.1267269,-1.4472432,1.9675294,3.2326856,0.0,3,0,0,0
117677204,45.382852895869604,-71.92739588583545,235.20001,-0.0,-3.4218893,0.8337203,-0.09139063,-1.446024,1.9672043,3.2324202,0.0,3,0,0,0
117877994,45.38284696223596,-71.92739637439152,235.29169,-0.0,-3.0167103,0.7683124,-0.1059857,-1.4451199,1.9669591,3.2321744,0.0,3,0,0,0
118079479,45.38284174601765,-71.92739682672749,235.38847,-0.0,-2.6038632,0.7648821,-0.09042905,-1.4452729,1.9666594,3.2318766,0.0,3,0,0,0
118885868,45.38282855150569,-71.92739863093108,235.7231,-0.0,-1.1890463,0.623547,-0.03509676,-1.4423763,1.9662021,3.2311447,0.0,3,0,0,0
119089856,45.38282662156596,-71.92739925614025,235.794,-0.0,-0.9652871,0.5319194,-0.0033785834,-1.4428247,1.966315,3.2311158,0.0,3,0,0,0
119290743,45.38282514941093,-71.92739997895058,235.85397,-0.0,-0.7464053,0.4905927,-0.01437172,-1.4431826,1.9661123,3.2308905,0.0,3,0,0,0
119491485,45.38282405270503,-71.92740065712852,235.9102,-0.0,-0.51056564,0.42104626,-0.0010135924,-1.4441261,1.9660293,3.2307346,0.0,3,0,0,0
119696317,45.382823384142995,-71.92740136083839,235.96506,-0.0,-0.24303646,0.38223177,0.011443174,-1.444328,1.9661647,3.2307374,0.0,3,0,0,0
119897032,45.38282325734758,-71.92740206709875,236.01865,-0.0,0.047075916,0.34294462,0.037290752,-1.4446663,1.9660982,3.2306132,0.0,3,0,0,0
120097895,45.38282323319704,-71.92740287579691,236.07135,-0.0,-0.04059789,0.23119812,-0.0019778179,-1.4434577,1.9660465,3.2304988,0.0,3,0,0,0
120298683,45.38282312286904,-71.92740383260258,236.13182,-0.0,-0.044025075,0.13815822,0.0048572607,-1.4444282,1.9659532,3.2303822,0.0,3,0,0,0
120499510,45.382823074567135,-71.92740487746161,236.19409,-0.0,-0.035411596,0.05304864,0.00036172668,-1.4435097,1.9658612,3.230268,0.0,3,0,0,0
120700351,45.38282303065656,-71.92740601705357,236.25827,-0.0,-0.032752126,-0.022365239,-0.012288415,-1.443654,1.9657705,3.230154,0.0,3,0,0,0
120901103,45.38282296533879,-71.92740716350819,236.3272,-0.0,-0.02510322,-0.10226367,-0.01808427,-1.4433861,1.965681,3.2300396,0.0,3,0,0,0
121106652,45.38282288026065,-71.92740838730735,236.40187,-0.0,-0.019380825,-0.17692244,-0.025981251,-1.4430115,1.9657052,3.2299995,0.0,3,0,0,0
121307477,45.382822833056714,-71.92740959570833,236.48312,-0.0,-0.015823651,-0.24873629,-0.031796943,-1.4425753,1.965574,3.2298493,0.0,3,0,0,0
121511607,45.38282274194064,-71.92741084324568,236.56812,-0.0,-0.010256465,-0.31088784,-0.042580232,-1.4421759,1.9657434,3.2298772,0.0,3,0,0,0
121712460,45.382822670584936,-71.92741201235172,236.64551,-0.0,-0.0055562123,-0.37784258,-0.04924207,-1.4417844,1.9656595,3.2297559,0.0,3,0,0,0
121913039,45.38282262118531,-71.92741318111577,236.7319,-0.0,-0.002744697,-0.42617768,-0.05461153,-1.4412215,1.9656235,3.2296474,0.0,3,0,0,0
122113893,45.38282257507907,-71.9274143341032,236.81865,-0.0,0.0030471396,-0.48155364,-0.061871115,-1.4408324,1.9655788,3.2295432,0.0,3,0,0,0
122314043,45.38282247737597,-71.92741546900628,236.9129,-0.0,0.0036169211,-0.52172536,-0.070745125,-1.4404624,1.9655056,3.2294087,0.0,3,0,0,0
122519476,45.38282231709802,-71.92741663054173,237.014,-0.0,0.0029207547,-0.5646726,-0.08141219,-1.4400904,1.965451,3.2292786,0.0,3,0,0,0
122723560,45.38282223256854,-71.92741775882638,237.11818,-0.0,0.0070417686,-0.5995092,-0.085301824,-1.4399369,1.965618,3.2292798,0.0,3,0,0,0
122924366,45.38282218207095,-71.92741885092975,237.22713,-0.0,0.008166701,-0.6354757,-0.09415842,-1.439662,1.9655838,3.2291346,0.0,3,0,0,0
123045034,45.38282210797003,-71.92741953490484,237.29903,-0.0,0.011045201,-0.6496309,-0.103108376,-1.4395785,1.9633884,3.227591,0.0,3,0,0,0
143545095,45.38184596353255,-71.92967732559435,240.06625,-0.0,-5.2646813,-11.883707,-0.2292782,-0.7538518,1.9640741,3.2191472,0.0,3,0,0,0
143745931,45.381835533846626,-71.92970653126486,240.01169,-0.0,-5.2032537,-11.687003,-0.17921379,-0.75877035,1.9641836,3.2191472,0.0,3,0,0,0
143946788,45.3818251793643,-71.92973513264003,239.9465,-0.0,-5.1246476,-11.470285,-0.1709782,-0.7647224,1.9644786,3.2192843,0.0,3,0,0,0
144150762,45.38181478865253,-71.92976346126322,239.88889,-0.0,-5.042744,-11.238985,-0.16490726,-0.7702734,1.9644792,3.2192242,0.0,3,0,0,0
144351562,45.38180470369094,-71.92979083139042,239.83083,-0.0,-4.9454603,-10.994211,-0.14752457,-0.77591,1.9645877,3.2192395,0.0,3,0,0,0
144556387,45.38179452815747,-71.92981802137079,239.77614,-0.0,-4.8123,-10.735072,-0.15710758,-0.78031987,1.964906,3.2193997,0.0,3,0,0,0
144757070,45.381784936673185,-71.92984402701707,239.71991,-0.0,-4.654396,-10.482477,-0.13465191,-0.78312534,1.9649944,3.2194154,0.0,3,0,0,0
144961868,45.38177537647617,-71.9298697470213,239.67117,-0.0,-4.475276,-10.247078,-0.15781529,-0.7806162,1.9653268,3.2195947,0.0,3,0,0,0
145163657,45.381766309756394,-71.92989449115204,239.64761,-0.0,-4.304637,-10.045715,-0.15300083,-0.7764303,1.9653399,3.2195754,0.0,3,0,0,0
145367652,45.38175753285338,-71.9299191547935,239.62592,-0.0,-4.13851,-9.869623,-0.16719271,-0.7727594,1.96549,3.2196455,0.0,3,0,0,0
145568242,45.38174932901545,-71.92994302914713,239.61139,-0.0,-3.9825532,-9.691346,-0.1810672,-0.7692875,1.9655887,3.2196858,0.0,3,0,0,0
145769081,45.38174132168887,-71.92996646020241,239.59192,-0.0,-3.8299267,-9.525604,-0.15327078,-0.76647764,1.965757,3.219755,0.0,3,0,0,0
145973953,45.3817333796749,-71.92998998620476,239.56284,-0.0,-3.6456096,-9.378858,-0.10331487,-0.7586457,1.9661522,3.2199726,0.0,3,0,0,0
146174822,45.38172585868126,-71.93001271138786,239.53595,-0.0,-3.4837122,-9.237238,-0.111758664,-0.75078434,1.9663583,3.2200654,0.0,3,0,0,0
146376236,45.3817185781096,-71.93003509994907,239.50037,-0.0,-3.3336194,-9.083162,-0.11911556,-0.74256575,1.9667143,3.2202463,0.0,3,0,0,0
146544267,45.38171291633099,-71.93005360027804,239.47528,-0.0,-3.2079072,-8.95402,-0.1244844,-0.7357284,1.9660717,3.219757,0.0,3,0,0,0
148872449,45.38164949060453,-71.93027432524805,239.31621,-0.0,-1.8863524,-6.8844376,-0.09012835,-0.6403848,1.9731013,3.2244263,0.0,3,0,0,0
148892440,45.381649150794395,-71.93027600152345,239.31567,-0.0,-1.8737153,-6.8654003,-0.09744721,-0.6399947,1.9738209,3.224877,0.0,3,0,0,0
150710779,45.38162696698023,-71.93040896081627,239.21,-0.0,-0.9926436,-4.7367363,-0.020943321,-0.63263214,1.972995,3.2270858,0.0,3,0,0,0
150915591,45.3816254094417,-71.930421138269,239.19922,-0.0,-0.87822926,-4.4644217,-0.03853643,-0.6332703,1.9725257,3.2271686,0.0,3,0,0,0
151116376,45.381623934807905,-71.93043244592957,239.18117,-0.0,-0.7867209,-4.188715,-0.02679267,-0.6340249,1.9722008,3.227354,0.0,3,0,0,0
151317095,45.381622772513474,-71.93044315342294,239.15602,-0.0,-0.66452444,-3.8984761,-0.032487314,-0.6353107,1.971504,3.22729,0.0,3,0,0,0
151517935,45.381621846264494,-71.93045312886943,239.11783,-0.0,-0.5508194,-3.6010973,-0.013538009,-0.6365186,1.9708748,3.2272713,0.0,3,0,0,0
151718656,45.38162114014258,-71.93046238770279,239.06583,-0.0,-0.4403637,-3.2960918,0.0036168937,-0.63781154,1.9702098,3.2272165,0.0,3,0,0,0
151923620,45.38162060913268,-71.93047113721036,239.00159,-0.0,-0.31429026,-2.9912887,0.005660146,-0.6396021,1.9696271,3.2272122,0.0,3,0,0,0
152124441,45.38162028508044,-71.93047901536981,238.93689,-0.0,-0.20810515,-2.6871257,0.028496733,-0.64176524,1.9689186,3.227107,0.0,3,0,0,0
152325016,45.381620024171724,-71.9304860966105,238.87767,-0.0,-0.10553201,-2.3831584,0.032200847,-0.64381355,1.9680513,3.2268806,0.0,3,0,0,0
152525910,45.381619892274465,-71.93049239988693,238.82378,-0.0,-3.481633e-05,-2.0741997,0.050732486,-0.6464446,1.9673004,3.2267027,0.0,3,0,0,0
152726009,45.38161985370956,-71.9304979488373,238.76811,-0.0,0.09824416,-1.7571542,0.055673435,-0.6492643,1.9665984,3.226518,0.0,3,0,0,0
152926774,45.38162000178978,-71.93050277140469,238.70593,-0.0,0.20212042,-1.4411151,0.06211805,-0.65230167,1.9658834,3.226301,0.0,3,0,0,0
153131489,45.38162028052659,-71.93050689142157,238.63141,-0.0,0.29616907,-1.11979,0.08036611,-0.65543246,1.9654188,3.2262282,0.0,3,0,0,0
153332267,45.38162067455302,-71.93051022136058,238.5563,-0.0,0.360448,-0.8301603,0.09270132,-0.6592553,1.9647567,3.2259877,0.0,3,0,0,0
153397104,45.381620823829046,-71.93051121112235,238.52924,-0.0,0.37567794,-0.7555858,0.09072513,-0.66038585,1.9607091,3.2232087,0.0,3,0,0,0
158049847,45.38161997939192,-71.93051997038165,236.64662,-0.0,-0.8841802,0.5818199,0.33470878,-0.7561803,1.9525218,3.2130408,0.0,3,0,0,0
158253995,45.381619859180994,-71.93052002136744,236.5765,-0.0,-0.8970828,0.57376957,0.34207207,-0.7597137,1.9522114,3.2124243,0.0,3,0,0,0
158338659,45.38161974995062,-71.9305199750586,236.54964,-0.0,-0.9082379,0.5711842,0.34557146,-0.7612164,1.9496702,3.2101867,0.0,3,0,0,0
158740345,45.381619695604606,-71.93052015694698,236.4379,-0.0,-0.9146506,0.5450482,0.34980798,-0.7674896,1.9492459,3.209181,0.0,3,0,0,0
158945202,45.38161969230813,-71.93052027553755,236.39117,-0.0,-0.9169304,0.53130054,0.35285696,-0.7708105,1.9492363,3.2088678,0.0,3,0,0,0
159145930,45.38161972029792,-71.93052043965139,236.35027,-0.0,-0.91066897,0.51535827,0.35212103,-0.7739263,1.9490995,3.2084703,0.0,3,0,0,0
159349858,45.38161976255884,-71.93052061666053,236.31349,-0.0,-0.9017646,0.49591506,0.35166872,-0.77716815,1.9489889,3.2081058,0.0,3,0,0,0
159550788,45.38161973620837,-71.93052073915733,236.28021,-0.0,-0.895033,0.47995847,0.3514348,-0.780251,1.9488546,3.2077541,0.0,3,0,0,0
159753039,45.38161986958504,-71.93052099529685,236.25818,-0.0,-0.876334,0.4583282,0.34745112,-0.783485,1.9488871,3.2075362,0.0,3,0,0,0
159953924,45.381619940387274,-71.93052123482647,236.24127,-0.0,-0.8616546,0.43704936,0.34518588,-0.7864958,1.9487554,3.2072005,0.0,3,0,0,0
160157958,45.38161998484217,-71.9305214753316,236.22794,-0.0,-0.8463642,0.416108,0.3397726,-0.78954375,1.9486394,3.2068849,0.0,3,0,0,0
160362780,45.38162013139258,-71.93052172775973,236.21613,-0.0,-0.8228989,0.39507422,0.3348805,-0.79256815,1.9486827,3.2066898,0.0,3,0,0,0
160562817,45.381620238423025,-71.93052194189292,236.20663,-0.0,-0.80195886,0.37604108,0.3304468,-0.79588664,1.948593,3.2064133,0.0,3,0,0,0
160763646,45.381620417358185,-71.93052221327382,236.20125,-0.0,-0.7749299,0.3544239,0.3246049,-0.79894483,1.9485155,3.2061486,0.0,3,0,0,0
160875482,45.38162052329227,-71.93052237172596,236.19968,-0.0,-0.7600729,0.34198582,0.32334346,-0.8007258,1.9508255,3.2077775,0.0,3,0,0,0
164440323,45.381624351718806,-71.93052885475655,236.41957,-0.0,-0.2496856,-0.029122429,0.20118672,-0.8618084,1.948161,3.2041614,0.0,3,0,0,0
164641174,45.38162454986431,-71.93052917380925,236.44324,-0.0,-0.22643383,-0.041094918,0.193719,-0.86531943,1.948089,3.2040696,0.0,3,0,0,0
164846047,45.38162476447676,-71.93052949735636,236.47128,-0.0,-0.20109624,-0.05576292,0.18525445,-0.8689083,1.9481896,3.204101,0.0,3,0,0,0
165046696,45.381624941215335,-71.9305298062486,236.49646,-0.0,-0.17933853,-0.068234965,0.17954889,-0.8724526,1.9480346,3.203963,0.0,3,0,0,0
165251469,45.381625127834226,-71.93053011221079,236.52094,-0.0,-0.15635012,-0.08060124,0.17216511,-0.8760365,1.9481237,3.204,0.0,3,0,0,0
165452266,45.38162531006213,-71.93053040957638,236.5411,-0.0,-0.13353355,-0.090511896,0.16616201,-0.8793404,1.9480546,3.2039254,0.0,3,0,0,0
165653172,45.38162547088431,-71.93053064930614,236.55771,-0.0,-0.11343968,-0.098841496,0.16338442,-0.882627,1.9479609,3.2038493,0.0,3,0,0,0
165857841,45.381625641039,-71.93053084449159,236.57248,-0.0,-0.094389535,-0.10363516,0.1573097,-0.8859101,1.9478923,3.2037787,0.0,3,0,0,0
166058676,45.38162583205257,-71.93053101642887,236.58601,-0.0,-0.07211231,-0.11053726,0.15310058,-0.8891185,1.947986,3.2038274,0.0,3,0,0,0
167274833,45.38162636831492,-71.9305316060894,236.62228,-0.0,0.009235959,-0.12469792,0.1416966,-0.9080798,1.9478493,3.2037048,0.0,3,0,0,0
167476306,45.38162646327252,-71.9305317026081,236.614,-0.0,0.01926262,-0.12423696,0.14182574,-0.91119784,1.9478053,3.2036934,0.0,3,0,0,0
167680297,45.38162655768171,-71.93053178037108,236.60426,-0.0,0.031961054,-0.12713008,0.14190587,-0.91420466,1.9477965,3.2037046,0.0,3,0,0,0
167884347,45.38162665922719,-71.93053183703425,236.59293,-0.0,0.042913273,-0.12582347,0.14418162,-0.9170722,1.9478914,3.2038047,0.0,3,0,0,0
168085213,45.38162677010363,-71.93053190796007,236.57898,-0.0,0.054796472,-0.1265581,0.14416644,-0.9199277,1.9477624,3.2037501,0.0,3,0,0,0
168290019,45.381626876588705,-71.93053198416071,236.56192,-0.0,0.063945405,-0.12845425,0.14669283,-0.9228681,1.9478678,3.2038572,0.0,3,0,0,0
168490729,45.38162697374212,-71.93053207325538,236.54465,-0.0,0.07255207,-0.12933096,0.14803033,-0.92560756,1.9478261,3.2038581,0.0,3,0,0,0
168695680,45.381627056075445,-71.93053215160384,236.52928,-0.0,0.081032746,-0.13012081,0.1481942,-0.92819464,1.9477823,3.2038558,0.0,3,0,0,0
168896307,45.38162711206214,-71.93053220338034,236.51785,-0.0,0.08621627,-0.12932464,0.14990574,-0.9308034,1.9477392,3.2038524,0.0,3,0,0,0
169097173,45.38162715432558,-71.93053228250817,236.50821,-0.0,0.08847471,-0.13264208,0.1493431,-0.9335849,1.9478859,3.203967,0.0,3,0,0,0
169297949,45.38162718561082,-71.93053236730123,236.49763,-0.0,0.08973547,-0.13455473,0.14659555,-0.9364167,1.947764,3.2039034,0.0,3,0,0,0
169498791,45.38162721415209,-71.93053243079859,236.49136,-0.0,0.08869363,-0.13948074,0.14653921,-0.93921757,1.94774,3.2038999,0.0,3,0,0,0
169702775,45.381627209758555,-71.93053252086482,236.48642,-0.0,0.08341076,-0.14501528,0.14624274,-0.94194907,1.9477218,3.2039042,0.0,3,0,0,0
169904442,45.381627188347174,-71.930532682827,236.48267,-0.0,0.058149222,-0.16968073,0.14473031,-0.94459164,1.9476883,3.2038977,0.0,3,0,0,0
170104368,45.38162703684303,-71.93053295653512,236.47864,-0.0,-0.042199243,-0.25118542,0.13828821,-0.94698423,1.947651,3.203891,0.0,3,0,0,0
170309164,45.381626694314804,-71.93053346546098,236.47298,-0.0,-0.15852953,-0.35008085,0.13932313,-0.9492316,1.947756,3.2039857,0.0,3,0,0,0
170509912,45.3816261953407,-71.9305343106137,236.4643,-0.0,-0.30342245,-0.47006127,0.1434827,-0.9512684,1.9477333,3.203982,0.0,3,0,0,0
170714719,45.38162544660448,-71.93053560081049,236.44875,-0.0,-0.5030152,-0.6384892,0.14285827,-0.9525645,1.9476783,3.2039695,0.0,3,0,0,0
170915595,45.381624399249745,-71.93053749469075,236.42616,-0.0,-0.7722226,-0.877285,0.14121279,-0.9533828,1.9478056,3.204078,0.0,3,0,0,0
171116277,45.381623023629935,-71.93054021497682,236.40439,-0.0,-1.0781987,-1.1500564,0.14305264,-0.9550945,1.9476565,3.204009,0.0,3,0,0,0
171317182,45.38162131370475,-71.93054385153935,236.3804,-0.0,-1.3830783,-1.4597073,0.15037075,-0.955733,1.9476008,3.2039986,0.0,3,0,0,0
171521157,45.381619296914415,-71.93054858802921,236.35007,-0.0,-1.661008,-1.7598854,0.158795,-0.9562243,1.9475794,3.2040076,0.0,3,0,0,0
171541949,45.38161908392623,-71.93054912900274,236.34657,-0.0,-1.6870857,-1.7896236,0.15778969,-0.95624775,1.9442133,3.201537,0.0,3,0,0,0
179810704,45.38156828115686,-71.93137201184427,236.63956,-0.0,0.07747728,-12.531333,0.032627393,-0.8923024,1.9463067,3.1991434,0.0,3,0,0,0
180015503,45.38156787224709,-71.93140426807665,236.66776,-0.0,0.12770993,-12.723283,-0.034848265,-0.8925352,1.9465674,3.1991062,0.0,3,0,0,0
180216334,45.38156745126383,-71.93143618553319,236.70398,-0.0,0.17853443,-12.892089,-0.04578428,-0.89276403,1.94667,3.1989644,0.0,3,0,0,0
180421053,45.38156704286318,-71.93146907945791,236.73436,-0.0,0.2568908,-13.064407,0.0067422236,-0.89310545,1.9467705,3.1988273,0.0,3,0,0,0
180621849,45.38156668057109,-71.93150167642037,236.75851,-0.0,0.3339682,-13.205504,-0.023774574,-0.89347565,1.9468364,3.1986856,0.0,3,0,0,0
180825999,45.381566316598324,-71.93153498648901,236.79413,-0.0,0.40069228,-13.333891,-0.099082805,-0.89335006,1.9470494,3.198651,0.0,3,0,0,0
181026830,45.381565989399505,-71.93156809181028,236.82976,-0.0,0.45391077,-13.493817,-0.0070817834,-0.89357007,1.9470984,3.1985147,0.0,3,0,0,0
181131500,45.3815658724203,-71.93158558303975,236.83891,-0.0,0.49227756,-13.563427,0.03904652,-0.8938029,1.9453578,3.1971495,0.0,3,0,0,0
199990817,45.3815196895768,-71.93307446095726,235.34853,-0.0,-0.4135858,0.15466459,0.05006494,-0.9567919,1.947592,3.1999683,0.0,4,0,0,0
200194062,45.38151973019569,-71.93307445822599,235.28276,-0.0,-0.39766636,0.15007389,0.057619546,-0.95742756,1.947703,3.1998956,0.0,4,0,0,0
200397919,45.381519746113376,-71.93307446838688,235.22495,-0.0,-0.3809328,0.14357632,0.05752992,-0.95833117,1.9477218,3.1997592,0.0,4,0,0,0
200598733,45.38151982570109,-71.93307453325798,235.1712,-0.0,-0.36197484,0.13677868,0.053985193,-0.9590831,1.947846,3.1996992,0.0,4,0,0,0
200799481,45.38151997335179,-71.93307461728213,235.12181,-0.0,-0.34098023,0.12844512,0.050523657,-0.9594465,1.9479033,3.1995974,0.0,4,0,0,0
201004305,45.38152017424528,-71.93307471655044,235.07336,-0.0,-0.31683162,0.120360084,0.049412854,-0.9598143,1.9481488,3.1996195,0.0,4,0,0,0
201204261,45.3815203597693,-71.93307482011542,235.03049,-0.0,-0.2931019,0.113057114,0.045801397,-0.96016216,1.9481136,3.1994526,0.0,4,0,0,0
201405142,45.38152053596201,-71.93307492289802,234.99007,-0.0,-0.27149484,0.10332107,0.043406215,-0.9605932,1.9481587,3.1993475,0.0,4,0,0,0
201609880,45.38152073850153,-71.93307503623325,234.94698,-0.0,-0.24904893,0.09512482,0.03998494,-0.9610298,1.9483864,3.199357,0.0,4,0,0,0
201810680,45.38152092786806,-71.93307513589117,234.90675,-0.0,-0.22917247,0.09172369,0.035970636,-0.9614936,1.9483799,3.199228,0.0,4,0,0,0
202012277,45.38152110296317,-71.9330752343755,234.86981,-0.0,-0.21020938,0.082813434,0.03136603,-0.96195096,1.9483832,3.1991076,0.0,4,0,0,0
202212443,45.38152126378713,-71.93307532660653,234.83525,-0.0,-0.19372939,0.07638133,0.02832846,-0.9623572,1.9483823,3.1989925,0.0,4,0,0,0
202413175,45.38152142461159,-71.9330754082875,234.8035,-0.0,-0.17804472,0.07375849,0.02290524,-0.9626858,1.9483377,3.1988516,0.0,4,0,0,0
202617936,45.38152158543426,-71.93307552747982,234.77325,-0.0,-0.1627464,0.06716243,0.018448686,-0.9630271,1.9482929,3.1987169,0.0,4,0,0,0
202817889,45.3815217610763,-71.93307566699221,234.74565,-0.0,-0.1467613,0.059762202,0.011402322,-0.96340394,1.9482465,3.198582,0.0,4,0,0,0
203022700,45.38152196471158,-71.9330758225278,234.71954,-0.0,-0.12938185,0.051707607,0.008215414,-0.96359754,1.9483862,3.1985507,0.0,4,0,0,0
203223573,45.381522152427216,-71.9330760093213,234.69608,-0.0,-0.1164356,0.042567313,0.004912255,-0.9642525,1.9482397,3.1983578,0.0,4,0,0,0
203424319,45.381522343435336,-71.93307621526152,234.67433,-0.0,-0.10194036,0.03418506,-0.0014286299,-0.9647029,1.9481808,3.1982234,0.0,4,0,0,0
203629114,45.38152254322632,-71.93307641221551,234.65216,-0.0,-0.08911423,0.0292491,-0.007363374,-0.9651589,1.9482989,3.1981971,0.0,4,0,0,0
203829902,45.38152273643251,-71.93307656696861,234.63235,-0.0,-0.076578334,0.022913985,-0.0130833825,-0.9658582,1.9481466,3.1980097,0.0,4,0,0,0
204034756,45.38152291536737,-71.93307671898512,234.61438,-0.0,-0.06478948,0.018455783,-0.017505357,-0.9662818,1.9482635,3.1979847,0.0,4,0,0,0
204235437,45.38152306740614,-71.93307686826378,234.59793,-0.0,-0.05700554,0.016220804,-0.021958867,-0.9663594,1.9481919,3.197856,0.0,4,0,0,0
204435537,45.38152321450496,-71.9330770140253,234.58304,-0.0,-0.048506565,0.011399257,-0.029472819,-0.96652734,1.9481156,3.1977286,0.0,4,0,0,0
204640400,45.381523376423175,-71.9330771801069,234.57031,-0.0,-0.040700603,0.007388084,-0.033472557,-0.9666171,1.9480153,3.1975913,0.0,4,0,0,0
204841032,45.38152355865114,-71.93307733837563,234.56058,-0.0,-0.03142528,0.0054638707,-0.039416093,-0.9667387,1.9479073,3.1974657,0.0,4,0,0,0
205041830,45.38152374911217,-71.93307750680447,234.55426,-0.0,-0.023461454,0.0008727877,-0.045803364,-0.96697164,1.9478233,3.1973484,0.0,4,0,0,0
205246796,45.38152393133948,-71.93307767835846,234.54832,-0.0,-0.01657253,-0.0018015584,-0.052778766,-0.96670824,1.9479321,3.1973424,0.0,4,0,0,0
205447591,45.381524082280414,-71.93307782841852,234.54292,-0.0,-0.009898996,-0.005674841,-0.059478085,-0.9659487,1.9478674,3.1972392,0.0,4,0,0,0
205651514,45.38152420193461,-71.93307796401804,234.53986,-0.0,-0.0076152,-0.006780747,-0.06401871,-0.9661275,1.9478836,3.1971893,0.0,4,0,0,0
205853917,45.381524322686815,-71.93307809531949,234.54079,-0.0,-0.005228485,-0.008735139,-0.07048706,-0.9664717,1.9478099,3.1970932,0.0,4,0,0,0
206057887,45.381524445634376,-71.93307823170082,234.5409,-0.0,-0.0017795203,-0.009401302,-0.07518493,-0.9664456,1.9477496,3.1970112,0.0,4,0,0,0
206258727,45.381524563092924,-71.93307836808162,234.53683,-0.0,0.001977286,-0.012875082,-0.08043575,-0.9665235,1.9478326,3.1970136,0.0,4,0,0,0
206458720,45.38152467341594,-71.93307850016355,234.5308,-0.0,0.0037838768,-0.014325431,-0.083818555,-0.96692836,1.9476899,3.196887,0.0,4,0,0,0
206663672,45.38152477715262,-71.93307862247626,234.52136,-0.0,0.0057335775,-0.014016674,-0.086233534,-0.9676284,1.9476155,3.1968062,0.0,4,0,0,0
206864429,45.38152492809363,-71.93307877058261,234.50856,-0.0,0.011068851,-0.017453771,-0.08609179,-0.9682459,1.9477327,3.196839,0.0,4,0,0,0
207064410,45.381525081779465,-71.93307891243735,234.49426,-0.0,0.015322012,-0.017663434,-0.09051884,-0.9685101,1.9476225,3.1967356,0.0,4,0,0,0
207265238,45.381525223388984,-71.93307906405948,234.48175,-0.0,0.02162747,-0.02101484,-0.093033254,-0.9688218,1.9475653,3.1966753,0.0,4,0,0,0
207466767,45.381525378171524,-71.93307922857743,234.4698,-0.0,0.023277566,-0.021423213,-0.093119435,-0.9692553,1.9475378,3.1966398,0.0,4,0,0,0
207671542,45.381525550519655,-71.93307937863959,234.4602,-0.0,0.026959065,-0.021695241,-0.097265355,-0.9695882,1.9474804,3.1965938,0.0,4,0,0,0
207873129,45.38152570530335,-71.9330795193222,234.4491,-0.0,0.0312081,-0.022890942,-0.09946712,-0.9697782,1.947462,3.1965663,0.0,4,0,0,0
208077033,45.38152583758173,-71.93307966664526,234.43666,-0.0,0.03419574,-0.023549464,-0.101458825,-0.9698138,1.9475863,3.1966329,0.0,4,0,0,0
208277878,45.381525972606035,-71.93307978466284,234.42465,-0.0,0.035994533,-0.021938574,-0.103121206,-0.9699042,1.9475354,3.1965973,0.0,4,0,0,0
208477040,45.38152613397812,-71.93307989291444,234.41103,-0.0,0.039868604,-0.022110198,-0.105735935,-0.97012496,1.9475229,3.1965826,0.0,4,0,0,0
208682722,45.38152627229558,-71.933080016012,234.39786,-0.0,0.040602777,-0.023265788,-0.10754459,-0.97047466,1.9475582,3.1966152,0.0,4,0,0,0
208884351,45.381526390305034,-71.93308011058333,234.38159,-0.0,0.042366292,-0.023949455,-0.10747091,-0.970781,1.9475214,3.196596,0.0,4,0,0,0
209085998,45.381526485810504,-71.93308018444311,234.36255,-0.0,0.040658392,-0.021483649,-0.10819086,-0.9710238,1.9475332,3.1966102,0.0,4,0,0,0
209286715,45.38152661150537,-71.933080262604,234.34087,-0.0,0.04122358,-0.018832961,-0.11043588,-0.9710368,1.9475125,3.19661,0.0,4,0,0,0
209489176,45.3815267536664,-71.93308035991288,234.32013,-0.0,0.044234388,-0.01921047,-0.11000533,-0.97091633,1.9474131,3.196565,0.0,4,0,0,0
209689874,45.38152689911962,-71.93308048262041,234.29535,-0.0,0.04656567,-0.019203255,-0.11278922,-0.97117376,1.9475931,3.1966937,0.0,4,0,0,0
209893836,45.381527067627275,-71.93308059399864,234.26772,-0.0,0.050222572,-0.020788481,-0.11226907,-0.9713287,1.9475217,3.196666,0.0,4,0,0,0
210094843,45.381527255896934,-71.93308067411934,234.23923,-0.0,0.055440653,-0.019622043,-0.11059249,-0.97179395,1.9475193,3.1966898,0.0,4,0,0,0
210295537,45.3815274414238,-71.93308071829141,234.21051,-0.0,0.05559784,-0.014225524,-0.10844639,-0.971864,1.9475014,3.1967103,0.0,4,0,0,0
210500448,45.381527609933165,-71.933080794112,234.18048,-0.0,0.05730284,-0.013042244,-0.10799053,-0.97195154,1.9476621,3.196844,0.0,4,0,0,0
210701097,45.38152775483876,-71.93308089063969,234.15254,-0.0,0.061509658,-0.014146069,-0.10856213,-0.9719653,1.9476631,3.1968853,0.0,4,0,0,0
210906002,45.38152788218023,-71.93308097114519,234.12477,-0.0,0.060637124,-0.012843136,-0.107439674,-0.9720553,1.9477642,3.196986,0.0,4,0,0,0
211106807,45.381528000190144,-71.93308105594797,234.09837,-0.0,0.06036777,-0.011527448,-0.10856729,-0.9720743,1.947772,3.1970377,0.0,4,0,0,0
211310719,45.381528100086626,-71.93308113410633,234.06891,-0.0,0.05798527,-0.008507841,-0.10709391,-0.97216755,1.9478017,3.1971004,0.0,4,0,0,0
211513090,45.38152817199102,-71.93308117162469,234.04022,-0.0,0.055155896,-0.0047354316,-0.10629031,-0.9720705,1.9478105,3.1971543,0.0,4,0,0,0
211717952,45.38152817363759,-71.93308117436005,234.00826,-0.0,0.049368627,-0.0024180834,-0.1046473,-0.9721233,1.948028,3.197343,0.0,4,0,0,0
211918689,45.381528186261505,-71.93308119194474,233.97668,-0.0,0.044429265,0.0016691278,-0.102915354,-0.97193915,1.9480474,3.1974144,0.0,4,0,0,0
212121891,45.38152825816413,-71.93308126619293,233.94655,-0.0,0.04201358,0.0023606669,-0.10137391,-0.9720105,1.9481343,3.1975403,0.0,4,0,0,0
212326697,45.381528321832896,-71.93308134747372,233.91484,-0.0,0.04234108,0.00013808462,-0.099368356,-0.97214305,1.948107,3.1975963,0.0,4,0,0,0
212530731,45.38152837507451,-71.93308138733471,233.87901,-0.0,0.040034976,0.0045419526,-0.09682059,-0.9722612,1.9482824,3.1977782,0.0,4,0,0,0
212731503,45.38152838440637,-71.93308137639481,233.84517,-0.0,0.032923255,0.0067063672,-0.09352995,-0.97220474,1.9482807,3.197856,0.0,4,0,0,0
212936473,45.381528348181085,-71.93308132911136,233.8095,-0.0,0.029116724,0.014661238,-0.09227271,-0.9720868,1.9484384,3.1980314,0.0,4,0,0,0
213137076,45.38152835861001,-71.9330813338013,233.77397,-0.0,0.025021018,0.017351981,-0.08921978,-0.9721795,1.9483745,3.1980696,0.0,4,0,0,0
213337877,45.38152837013713,-71.93308133028573,233.73306,-0.0,0.013481885,0.015093797,-0.08623102,-0.97214484,1.9483919,3.1981623,0.0,4,0,0,0
213538733,45.38152838715076,-71.93308137913029,233.69318,-0.0,0.002897528,0.009836111,-0.08183174,-0.97217995,1.9484076,3.198255,0.0,4,0,0,0
213740366,45.381528385500395,-71.93308145493428,233.65123,-0.0,-0.0061699864,0.0012757564,-0.07783355,-0.97223455,1.9445736,3.1958523,0.0,4,0,0,0
213941887,45.38152836189326,-71.93308154519366,233.60976,-0.0,-0.015618699,-0.00049540703,-0.073521055,-0.97229415,1.9484432,3.1984484,0.0,4,0,0,0
214144407,45.381528381647826,-71.93308166827967,233.56717,-0.0,-0.020685881,-0.004545153,-0.07117674,-0.97230697,1.9446554,3.196062,0.0,4,0,0,0
214345157,45.38152837944482,-71.93308182184151,233.52937,-0.0,-0.024174463,-0.009733845,-0.06883239,-0.97244275,1.9446442,3.1961265,0.0,4,0,0,0
214549918,45.3815283695574,-71.93308197110443,233.49353,-0.0,-0.0318936,-0.011084744,-0.064737774,-0.97251326,1.9485099,3.1987362,0.0,4,0,0,0
214750726,45.38152838656539,-71.93308213678118,233.45459,-0.0,-0.03553244,-0.016577898,-0.060697146,-0.9725563,1.9446341,3.196253,0.0,4,0,0,0
214955662,45.38152839918047,-71.93308233801513,233.41052,-0.0,-0.040384565,-0.019831162,-0.05728426,-0.9725901,1.9447802,3.1964073,0.0,4,0,0,0
215156306,45.38152835910002,-71.93308255799963,233.3665,-0.0,-0.046291746,-0.028757125,-0.052342083,-0.97268784,1.9447937,3.196457,0.0,4,0,0,0
215360366,45.38152832286357,-71.93308274242685,233.32405,-0.0,-0.05347933,-0.033496063,-0.049267843,-0.97276115,1.9447876,3.196495,0.0,4,0,0,0
215561212,45.38152829101729,-71.93308294912687,233.27554,-0.0,-0.06010031,-0.04166253,-0.04304869,-0.97280586,1.9448483,3.1965725,0.0,4,0,0,0
215761903,45.381528270694595,-71.93308322577103,233.23836,-0.0,-0.067956,-0.054861423,-0.037534542,-0.972836,1.9447982,3.1965728,0.0,4,0,0,0
215966793,45.38152825750388,-71.93308358017377,233.19963,-0.0,-0.07985016,-0.06885122,-0.038295735,-0.9730684,1.9447926,3.1965785,0.0,4,0,0,0
216167543,45.38152823937178,-71.93308396075582,233.16327,-0.0,-0.08927012,-0.08455371,-0.0348328,-0.9731406,1.9447887,3.1965709,0.0,4,0,0,0
216372299,45.38152821081034,-71.93308434563504,233.12502,-0.0,-0.09622702,-0.09588068,-0.03136853,-0.97328967,1.9449205,3.1966527,0.0,4,0,0,0
216572439,45.381528169074194,-71.93308475200384,233.08647,-0.0,-0.10036234,-0.108945176,-0.028906522,-0.97342277,1.9449292,3.1966245,0.0,4,0,0,0
216777130,45.381528089461774,-71.93308520017845,233.04877,-0.0,-0.10660836,-0.12198266,-0.02344049,-0.9734906,1.9450015,3.1966355,0.0,4,0,0,0
216977897,45.38152800381119,-71.93308565343213,233.01566,-0.0,-0.11080759,-0.1320023,-0.025330966,-0.97351694,1.9449807,3.1965802,0.0,4,0,0,0
217180325,45.38152789675185,-71.93308613911542,232.98163,-0.0,-0.11425956,-0.14105605,-0.023276582,-0.9737484,1.9449757,3.1965315,0.0,4,0,0,0
217383499,45.38152780231636,-71.93308664316486,232.94617,-0.0,-0.1087504,-0.14958702,-0.019264584,-0.97362596,1.9449496,3.196463,0.0,4,0,0,0
217585932,45.381527682632516,-71.93308712337648,232.9127,-0.0,-0.109132886,-0.15092291,-0.020396648,-0.97379136,1.9449396,3.1964245,0.0,4,0,0,0
217789183,45.38152754318747,-71.93308761882518,232.87321,-0.0,-0.10811005,-0.16031437,-0.013312942,-0.9737536,1.9451106,3.1964974,0.0,4,0,0,0
217993141,45.381527398251826,-71.93308814631426,232.83617,-0.0,-0.10243546,-0.15959261,-0.008425736,-0.97363585,1.9451673,3.1964839,0.0,4,0,0,0
218193889,45.38152729119101,-71.9330886624755,232.80278,-0.0,-0.08618791,-0.15797879,-0.01095183,-0.973849,1.9451649,3.196432,0.0,4,0,0,0
218398709,45.381527209380515,-71.93308916144649,232.77208,-0.0,-0.07276603,-0.15455376,-0.00850858,-0.9740344,1.9451677,3.1963933,0.0,4,0,0,0
218599443,45.381527148976424,-71.93308967683079,232.74411,-0.0,-0.064599834,-0.15902422,-0.008812586,-0.97398984,1.9451715,3.1963577,0.0,4,0,0,0
218800434,45.38152709241392,-71.93309020745446,232.71536,-0.0,-0.06197609,-0.16369626,-0.0075989603,-0.97389317,1.9453204,3.1964276,0.0,4,0,0,0
219004334,45.38152702048231,-71.93309073455991,232.68994,-0.0,-0.06337789,-0.17165692,-0.004355934,-0.9736429,1.9452683,3.196352,0.0,4,0,0,0
219205956,45.38152695513632,-71.93309128628283,232.66876,-0.0,-0.065342925,-0.1809163,-0.0026519897,-0.97355366,1.9452806,3.1963325,0.0,4,0,0,0
219409846,45.38152688155296,-71.93309191810728,232.64877,-0.0,-0.072002694,-0.1964337,0.00032743995,-0.97354406,1.9454386,3.1964166,0.0,4,0,0,0
219610769,45.381526775582266,-71.93309259330107,232.6298,-0.0,-0.082020365,-0.21530378,0.00015809853,-0.9738624,1.945397,3.1963794,0.0,4,0,0,0
219811637,45.381526631735646,-71.93309330287654,232.60959,-0.0,-0.097559,-0.2346977,0.0015598387,-0.9737967,1.94541,3.1963663,0.0,4,0,0,0
220016446,45.381526455501245,-71.93309406480843,232.58984,-0.0,-0.1107588,-0.25189734,0.0063439556,-0.97412,1.9454206,3.1963553,0.0,4,0,0,0
220217077,45.38152625950175,-71.93309492247045,232.56985,-0.0,-0.173487,-0.3092614,0.007348346,-0.97400224,1.9455978,3.1964555,0.0,4,0,0,0
220421932,45.381525869176905,-71.93309606809115,232.55356,-0.0,-0.3369027,-0.445901,0.005386652,-0.97387654,1.9455502,3.1964073,0.0,4,0,0,0
220621971,45.38152514290226,-71.93309766068909,232.53738,-0.0,-0.6037389,-0.64803267,0.015838472,-0.9745475,1.9455849,3.196418,0.0,4,0,0,0
220822764,45.381523941794164,-71.93309993469654,232.52028,-0.0,-0.95021063,-0.9200262,0.02254291,-0.9756395,1.9456004,3.196422,0.0,4,0,0,0
220948387,45.38152289659692,-71.93310174021816,232.51097,-0.0,-1.1688595,-1.0982076,0.03936812,-0.9768198,1.9443161,3.1955192,0.0,4,0,0,0
246932301,45.37857520777678,-71.93371140702409,236.27147,-0.0,-14.0700865,-3.0793798,-0.21897908,-1.372182,1.9588542,3.2033594,0.0,4,0,0,0
247133122,45.37854957469886,-71.93371953478464,236.38416,-0.0,-13.981261,-2.8859456,-0.17137909,-1.3781786,1.958654,3.2024693,0.0,4,0,0,0
247337883,45.37852360242801,-71.93372711783387,236.4923,-0.0,-13.868971,-2.6315749,-0.12371027,-1.3892689,1.9585742,3.2016904,0.0,4,0,0,0
247538810,45.37849828448982,-71.93373392809897,236.59064,-0.0,-13.790618,-2.373174,-0.11390731,-1.4004301,1.9584228,3.2009048,0.0,4,0,0,0
247743552,45.37847253294158,-71.93374030773498,236.6967,-0.0,-13.715813,-2.0941362,-0.06583692,-1.4160235,1.9537346,3.1969104,0.0,4,0,0,0
247943496,45.37844749281927,-71.93374578174966,236.78996,-0.0,-13.644248,-1.795989,-0.028541625,-1.4309721,1.9535867,3.1963065,0.0,4,0,0,0
248144291,45.378422529584164,-71.93375049307917,236.88564,-0.0,-13.56352,-1.5108869,-0.0254669,-1.446461,1.9535346,3.1958115,0.0,4,0,0,0
249357076,45.37827515521311,-71.933763033945,237.47664,-0.0,-13.2785845,0.15465015,0.06627287,-1.5387605,1.9535033,3.1937814,0.0,4,0,0,0
249557118,45.378251175889,-71.93376259214779,237.56735,-0.0,-13.280299,0.40282592,0.09913977,-1.5542052,1.9582188,3.1964097,0.0,4,0,0,0
249757887,45.37822727345072,-71.93376141932164,237.65887,-0.0,-13.279618,0.67024356,0.15381984,-1.5694898,1.9534419,3.1932566,0.0,4,0,0,0
249961859,45.37820295497915,-71.93375960449771,237.74988,-0.0,-13.274925,0.92253435,0.16605075,-1.5843045,1.9535584,3.193099,0.0,4,0,0,0
250162719,45.37817913713871,-71.93375719349142,237.84059,-0.0,-13.260323,1.175599,0.13565974,-1.599782,1.9534802,3.1928463,0.0,4,0,0,0
250363523,45.378155345690715,-71.93375394517743,237.9378,-0.0,-13.244991,1.4658202,0.15428226,-1.6155757,1.953387,3.192584,0.0,4,0,0,0
250568399,45.37813112834534,-71.9337497528409,238.03615,-0.0,-13.221503,1.7595878,0.18083416,-1.634268,1.9532638,3.1922781,0.0,4,0,0,0
250644318,45.378122197801034,-71.93374795650791,238.07799,-0.0,-13.208432,1.8852383,0.14099993,-1.6415658,1.9550554,3.193287,0.0,4,0,0,0
250869216,45.378095789335596,-71.93374193966808,238.17795,-0.0,-13.17332,2.2376065,0.14532241,-1.6643337,1.9553969,3.193226,0.0,4,0,0,0
251166721,45.37806102677462,-71.93373223353346,238.30371,-0.0,-13.103211,2.786625,0.17799692,-1.6989924,1.9527054,3.191194,0.0,4,0,0,0
274459529,45.37738953635826,-71.93005514635665,254.42743,-0.0,-0.31902114,11.113857,-0.6186103,-1.8817992,1.9709324,3.183117,0.0,4,0,0,0
274660446,45.37738927241218,-71.93002619009977,254.583,-0.0,-0.3542584,11.082238,-0.23661341,-1.8696558,1.9711728,3.1829493,0.0,4,0,0,0
274861157,45.37738896563948,-71.92999746573041,254.71565,-0.0,-0.41319427,10.953962,-0.4077779,-1.8596677,1.9712849,3.1827323,0.0,4,0,0,0
275061837,45.37738877960878,-71.92996918658568,254.87994,-0.0,-0.4676581,10.893008,-0.54154104,-1.8499392,1.9714307,3.182531,0.0,4,0,0,0
275262856,45.37738853428652,-71.9299410576684,255.04288,-0.0,-0.5144409,10.804211,-0.53161764,-1.8421291,1.971476,3.1823077,0.0,4,0,0,0
275466734,45.377388097949684,-71.9299124233542,255.19824,-0.0,-0.61004764,10.753931,-0.48572436,-1.8327608,1.9718992,3.1822295,0.0,4,0,0,0
275667470,45.377387454112515,-71.92988418990504,255.34708,-0.0,-0.6888116,10.716994,-0.4694428,-1.825857,1.9720681,3.182066,0.0,4,0,0,0
275872331,45.37738669610992,-71.92985529419079,255.49481,-0.0,-0.77997816,10.683724,-0.47138768,-1.8191674,1.972493,3.182011,0.0,4,0,0,0
276073155,45.37738591942439,-71.9298270556584,255.63857,-0.0,-0.8593283,10.657412,-0.48333263,-1.8118869,1.9725543,3.1818328,0.0,4,0,0,0
276274039,45.37738521298978,-71.9297989009378,255.78738,-0.0,-0.9306517,10.627361,-0.45933795,-1.8051468,1.9727364,3.1816957,0.0,4,0,0,0
276477956,45.37738457901213,-71.92977028986618,255.93376,-0.0,-0.8991303,10.570174,-0.39636648,-1.7992275,1.972934,3.1815693,0.0,4,0,0,0
276678806,45.377384285336234,-71.92974223538111,256.07074,-0.0,-0.7573003,10.500673,-0.32192177,-1.7919086,1.9730916,3.1814358,0.0,4,0,0,0
276879436,45.377384190355016,-71.92971423931569,256.20474,-0.0,-0.6347394,10.441065,-0.31131902,-1.7845682,1.9732686,3.1813238,0.0,4,0,0,0
277084308,45.37738421832631,-71.92968596096375,256.3368,-0.0,-0.5046994,10.395718,-0.26215833,-1.7783945,1.9736823,3.1813102,0.0,4,0,0,0
277284447,45.37738427920672,-71.92965867209746,256.46094,-0.0,-0.3864431,10.339051,-0.27390093,-1.7712016,1.9738495,3.181221,0.0,4,0,0,0
277485204,45.37738439716187,-71.92963163915122,256.58423,-0.0,-0.34368038,10.263672,-0.2719929,-1.7641832,1.9738934,3.1810963,0.0,4,0,0,0
277685994,45.377384468995395,-71.92960502465843,256.70547,-0.0,-0.34656066,10.18125,-0.26014882,-1.7578202,1.9740477,3.1810167,0.0,4,0,0,0
277886807,45.37738412694558,-71.92957868384637,256.79367,-0.0,-0.427803,10.127933,-0.05896948,-1.7513391,1.9742439,3.1809578,0.0,4,0,0,0
278091599,45.37738359277818,-71.9295520939474,256.8992,-0.0,-0.44367152,10.047023,-0.12876426,-1.7432135,1.9746585,3.1809733,0.0,4,0,0,0
278295529,45.37738308823985,-71.92952582619405,257.01123,-0.0,-0.49952012,9.910602,-0.2520066,-1.7301548,1.974823,3.1809096,0.0,4,0,0,0
278496363,45.37738265833229,-71.9295003842188,257.12103,-0.0,-0.50689346,9.857685,-0.0806316,-1.724393,1.9749423,3.1808326,0.0,4,0,0,0
278701123,45.37738235467315,-71.92947454938478,257.22464,-0.0,-0.512216,9.822057,-0.002954224,-1.7184026,1.975358,3.1808443,0.0,4,0,0,0
278901891,45.377381899504265,-71.92944913417335,257.32022,-0.0,-0.5664212,9.768679,-0.060911864,-1.7120316,1.9754337,3.1807358,0.0,4,0,0,0
279106639,45.377381472877474,-71.92942342182491,257.41833,-0.0,-0.61937153,9.685416,-0.06933043,-1.7067561,1.9758794,3.180758,0.0,4,0,0,0
279306813,45.3773810583078,-71.92939852118658,257.53003,-0.0,-0.61122686,9.599482,-0.24458349,-1.6984072,1.9760997,3.1807053,0.0,4,0,0,0
279507494,45.37738061738262,-71.92937379656465,257.69318,-0.0,-0.71798986,9.518047,-0.30820596,-1.6862673,1.9763083,3.1806512,0.0,4,0,0,0
279712281,45.377379908590804,-71.92934887599135,257.81256,-0.0,-0.8886002,9.521961,-0.07337242,-1.6750821,1.9767855,3.180695,0.0,4,0,0,0
279913051,45.37737911964936,-71.92932424649848,257.85217,-0.0,-0.96196544,9.4613285,0.3746767,-1.6660775,1.9769092,3.1806097,0.0,4,0,0,0
280117055,45.3773782736223,-71.92929925344474,257.8801,-0.0,-1.0609274,9.387898,0.07306572,-1.6620955,1.9771413,3.1805532,0.0,4,0,0,0
280145121,45.377378179262706,-71.92929583371351,257.8895,-0.0,-1.0718423,9.380394,-0.007478114,-1.6617979,1.9723804,3.1788476,0.0,4,0,0,0
311147475,45.37757142230137,-71.9254953988167,272.79758,-0.0,2.459502,0.9306302,-0.0275628,-2.162683,1.9648529,3.1972814,0.0,5,0,0,0
311352437,45.377572915262085,-71.92549243440112,272.78122,-0.0,1.9652708,0.73393357,-0.027094938,-2.158062,1.9645939,3.1974807,0.0,5,0,0,0
311553135,45.37757429405138,-71.92548948776717,272.7668,-0.0,1.4911107,0.59561133,0.018759966,-2.153576,1.9642103,3.1975718,0.0,5,0,0,0
311737069,45.37757535886871,-71.92548655599182,272.74963,-0.0,1.0208492,0.534676,0.084550336,-2.14819,1.9634187,3.1973872,0.0,5,0,0,0
