timestamp,voltage5V_v,voltage3V3_v,v3v3_valid,usb_connected,brick_valid,usb_valid,servo_valid,periph_5V_OC,hipower_5V_OC
3235603,5.219092,0.0,0,0,1,0,0,0,0
3735603,5.244873,0.0,0,0,1,0,0,0,0
4245603,5.2464843,0.0,0,0,1,0,0,0,0
4745603,5.215869,0.0,0,0,1,0,0,0,0
5245603,5.2464843,0.0,0,0,1,0,0,0,0
5745610,5.2738767,0.0,0,0,1,0,0,0,0
6245603,5.2738767,0.0,0,0,1,0,0,0,0
6745603,5.244873,0.0,0,0,1,0,0,0,0
7245603,5.2916017,0.0,0,0,1,0,0,0,0
7745603,5.2770996,0.0,0,0,1,0,0,0,0
8245603,5.264209,0.0,0,0,1,0,0,0,0
8745603,5.244873,0.0,0,0,1,0,0,0,0
9255603,5.2368164,0.0,0,0,1,0,0,0,0
9755610,5.293213,0.0,0,0,1,0,0,0,0
10255608,5.2497067,0.0,0,0,1,0,0,0,0
10755603,5.219092,0.0,0,0,1,0,0,0,0
11265626,5.2480955,0.0,0,0,1,0,0,0,0
11765606,5.2384276,0.0,0,0,1,0,0,0,0
12265603,5.2142577,0.0,0,0,1,0,0,0,0
12765603,5.2867675,0.0,0,0,1,0,0,0,0
13265603,5.2867675,0.0,0,0,1,0,0,0,0
13765607,5.240039,0.0,0,0,1,0,0,0,0
14265603,5.2497067,0.0,0,0,1,0,0,0,0
14765624,5.24165,0.0,0,0,1,0,0,0,0
15265603,5.22876,0.0,0,0,1,0,0,0,0
15775603,5.244873,0.0,0,0,1,0,0,0,0
16275610,5.2513185,0.0,0,0,1,0,0,0,0
16775603,5.244873,0.0,0,0,1,0,0,0,0
17275603,5.270654,0.0,0,0,1,0,0,0,0
17775603,5.256152,0.0,0,0,1,0,0,0,0
18285603,5.28999,0.0,0,0,1,0,0,0,0
18785603,5.2867675,0.0,0,0,1,0,0,0,0
19285610,5.2497067,0.0,0,0,1,0,0,0,0
19785603,5.2368164,0.0,0,0,1,0,0,0,0
20295652,5.294824,0.0,0,0,1,0,0,0,0
20795603,5.2368164,0.0,0,0,1,0,0,0,0
21295608,5.2110353,0.0,0,0,1,0,0,0,0
21795603,5.2335935,0.0,0,0,1,0,0,0,0
22295603,5.2384276,0.0,0,0,1,0,0,0,0
22805603,5.2126465,0.0,0,0,1,0,0,0,0
23305603,5.2851562,0.0,0,0,1,0,0,0,0
23805610,5.280322,0.0,0,0,1,0,0,0,0
24305603,5.244873,0.0,0,0,1,0,0,0,0
24805635,5.270654,0.0,0,0,1,0,0,0,0
25305603,5.2851562,0.0,0,0,1,0,0,0,0
25815603,5.2513185,0.0,0,0,1,0,0,0,0
26315635,5.2480955,0.0,0,0,1,0,0,0,0
26815603,5.2464843,0.0,0,0,1,0,0,0,0
27315603,5.2126465,0.0,0,0,1,0,0,0,0
27815605,5.24165,0.0,0,0,1,0,0,0,0
28315603,5.2480955,0.0,0,0,1,0,0,0,0
28815603,5.2142577,0.0,0,0,1,0,0,0,0
29315603,5.2464843,0.0,0,0,1,0,0,0,0
29815613,5.2480955,0.0,0,0,1,0,0,0,0
30315609,5.2384276,0.0,0,0,1,0,0,0,0
30825603,5.2770996,0.0,0,0,1,0,0,0,0
31325641,5.2464843,0.0,0,0,1,0,0,0,0
31825630,5.24165,0.0,0,0,1,0,0,0,0
32325603,5.231982,0.0,0,0,1,0,0,0,0
32825603,5.244873,0.0,0,0,1,0,0,0,0
33325613,5.22876,0.0,0,0,1,0,0,0,0
33825612,5.243262,0.0,0,0,1,0,0,0,0
34335603,5.231982,0.0,0,0,1,0,0,0,0
34835631,5.2464843,0.0,0,0,1,0,0,0,0
35335603,5.2916017,0.0,0,0,1,0,0,0,0
35835603,5.21748,0.0,0,0,1,0,0,0,0
36335603,5.2851562,0.0,0,0,1,0,0,0,0
36835603,5.2480955,0.0,0,0,1,0,0,0,0
37345603,5.244873,0.0,0,0,1,0,0,0,0
37845603,5.2770996,0.0,0,0,1,0,0,0,0
38345603,5.2497067,0.0,0,0,1,0,0,0,0
38845603,5.2513185,0.0,0,0,1,0,0,0,0
39345613,5.22876,0.0,0,0,1,0,0,0,0
39845606,5.2497067,0.0,0,0,1,0,0,0,0
40355603,5.243262,0.0,0,0,1,0,0,0,0
40855603,5.2497067,0.0,0,0,1,0,0,0,0
41355603,5.2464843,0.0,0,0,1,0,0,0,0
41855603,5.2867675,0.0,0,0,1,0,0,0,0
42355603,5.2529297,0.0,0,0,1,0,0,0,0
42855603,5.270654,0.0,0,0,1,0,0,0,0
43355631,5.280322,0.0,0,0,1,0,0,0,0
43865603,5.21748,0.0,0,0,1,0,0,0,0
44365605,5.278711,0.0,0,0,1,0,0,0,0
44865614,5.2497067,0.0,0,0,1,0,0,0,0
45365607,5.235205,0.0,0,0,1,0,0,0,0
45865603,5.215869,0.0,0,0,1,0,0,0,0
46365603,5.2497067,0.0,0,0,1,0,0,0,0
46865603,5.215869,0.0,0,0,1,0,0,0,0
47375603,5.2094235,0.0,0,0,1,0,0,0,0
47875603,5.28999,0.0,0,0,1,0,0,0,0
48375613,5.264209,0.0,0,0,1,0,0,0,0
49375650,5.2480955,0.0,0,0,1,0,0,0,0
49875605,5.270654,0.0,0,0,1,0,0,0,0
50375603,5.2126465,0.0,0,0,1,0,0,0,0
50885607,5.244873,0.0,0,0,1,0,0,0,0
51385610,5.2464843,0.0,0,0,1,0,0,0,0
51885603,5.2142577,0.0,0,0,1,0,0,0,0
52385603,5.2223144,0.0,0,0,1,0,0,0,0
52885603,5.2883787,0.0,0,0,1,0,0,0,0
53385604,5.259375,0.0,0,0,1,0,0,0,0
53885603,5.2513185,0.0,0,0,1,0,0,0,0
54395602,5.2480955,0.0,0,0,1,0,0,0,0
54895603,5.2497067,0.0,0,0,1,0,0,0,0
55395603,5.244873,0.0,0,0,1,0,0,0,0
55895603,5.24165,0.0,0,0,1,0,0,0,0
56395603,5.215869,0.0,0,0,1,0,0,0,0
56895603,5.215869,0.0,0,0,1,0,0,0,0
57395603,5.2480955,0.0,0,0,1,0,0,0,0
57895603,5.244873,0.0,0,0,1,0,0,0,0
58405603,5.2126465,0.0,0,0,1,0,0,0,0
58905605,5.2513185,0.0,0,0,1,0,0,0,0
59405603,5.2754884,0.0,0,0,1,0,0,0,0
59905621,5.244873,0.0,0,0,1,0,0,0,0
60405619,5.2480955,0.0,0,0,1,0,0,0,0
60905603,5.2996583,0.0,0,0,1,0,0,0,0
61405608,5.215869,0.0,0,0,1,0,0,0,0
61905604,5.2368164,0.0,0,0,1,0,0,0,0
62405603,5.240039,0.0,0,0,1,0,0,0,0
63415603,5.2110353,0.0,0,0,1,0,0,0,0
63915609,5.2497067,0.0,0,0,1,0,0,0,0
64415603,5.278711,0.0,0,0,1,0,0,0,0
64915626,5.219092,0.0,0,0,1,0,0,0,0
65415603,5.278711,0.0,0,0,1,0,0,0,0
65915603,5.2916017,0.0,0,0,1,0,0,0,0
66415603,5.243262,0.0,0,0,1,0,0,0,0
66925603,5.2497067,0.0,0,0,1,0,0,0,0
67425603,5.2480955,0.0,0,0,1,0,0,0,0
67925602,5.244873,0.0,0,0,1,0,0,0,0
68425647,5.219092,0.0,0,0,1,0,0,0,0
68925604,5.2513185,0.0,0,0,1,0,0,0,0
69435601,5.2335935,0.0,0,0,1,0,0,0,0
69935640,5.2529297,0.0,0,0,1,0,0,0,0
70435603,5.215869,0.0,0,0,1,0,0,0,0
70935603,5.254541,0.0,0,0,1,0,0,0,0
71435603,5.280322,0.0,0,0,1,0,0,0,0
71935603,5.2770996,0.0,0,0,1,0,0,0,0
72435603,5.283545,0.0,0,0,1,0,0,0,0
72935603,5.2513185,0.0,0,0,1,0,0,0,0
73435618,5.2513185,0.0,0,0,1,0,0,0,0
73935603,5.2497067,0.0,0,0,1,0,0,0,0
74445603,5.2513185,0.0,0,0,1,0,0,0,0
74945603,5.2480955,0.0,0,0,1,0,0,0,0
75445607,5.244873,0.0,0,0,1,0,0,0,0
75945603,5.2384276,0.0,0,0,1,0,0,0,0
76445603,5.2754884,0.0,0,0,1,0,0,0,0
76945603,5.2513185,0.0,0,0,1,0,0,0,0
77445603,5.2770996,0.0,0,0,1,0,0,0,0
77945603,5.2964354,0.0,0,0,1,0,0,0,0
78455636,5.269043,0.0,0,0,1,0,0,0,0
78955603,5.2110353,0.0,0,0,1,0,0,0,0
79455613,5.2497067,0.0,0,0,1,0,0,0,0
79955603,5.2464843,0.0,0,0,1,0,0,0,0
80455603,5.2384276,0.0,0,0,1,0,0,0,0
80955605,5.244873,0.0,0,0,1,0,0,0,0
81455603,5.2239256,0.0,0,0,1,0,0,0,0
81955603,5.2029786,0.0,0,0,1,0,0,0,0
82455603,5.2883787,0.0,0,0,1,0,0,0,0
82955603,5.2819333,0.0,0,0,1,0,0,0,0
83465652,5.215869,0.0,0,0,1,0,0,0,0
83965620,5.269043,0.0,0,0,1,0,0,0,0
84465603,5.2770996,0.0,0,0,1,0,0,0,0
84965603,5.2078123,0.0,0,0,1,0,0,0,0
85465603,5.2529297,0.0,0,0,1,0,0,0,0
85965609,5.2480955,0.0,0,0,1,0,0,0,0
86465607,5.21748,0.0,0,0,1,0,0,0,0
86965603,5.2094235,0.0,0,0,1,0,0,0,0
87465604,5.254541,0.0,0,0,1,0,0,0,0
87975603,5.215869,0.0,0,0,1,0,0,0,0
88475630,5.2142577,0.0,0,0,1,0,0,0,0
88975603,5.2883787,0.0,0,0,1,0,0,0,0
89475603,5.2497067,0.0,0,0,1,0,0,0,0
89975620,5.21748,0.0,0,0,1,0,0,0,0
90475603,5.2513185,0.0,0,0,1,0,0,0,0
91485603,5.220703,0.0,0,0,1,0,0,0,0
91985603,5.2497067,0.0,0,0,1,0,0,0,0
92485603,5.235205,0.0,0,0,1,0,0,0,0
92985603,5.21748,0.0,0,0,1,0,0,0,0
93485648,5.2497067,0.0,0,0,1,0,0,0,0
93995603,5.2867675,0.0,0,0,1,0,0,0,0
94495603,5.240039,0.0,0,0,1,0,0,0,0
94995610,5.2867675,0.0,0,0,1,0,0,0,0
95495603,5.28999,0.0,0,0,1,0,0,0,0
95995603,5.2480955,0.0,0,0,1,0,0,0,0
96495603,5.2368164,0.0,0,0,1,0,0,0,0
96995603,5.235205,0.0,0,0,1,0,0,0,0
97495647,5.244873,0.0,0,0,1,0,0,0,0
97995603,5.2223144,0.0,0,0,1,0,0,0,0
98495641,5.243262,0.0,0,0,1,0,0,0,0
99005650,5.21748,0.0,0,0,1,0,0,0,0
99505603,5.2513185,0.0,0,0,1,0,0,0,0
100005603,5.244873,0.0,0,0,1,0,0,0,0
100505603,5.2480955,0.0,0,0,1,0,0,0,0
101005603,5.293213,0.0,0,0,1,0,0,0,0
101505609,5.2577634,0.0,0,0,1,0,0,0,0
102005623,5.2464843,0.0,0,0,1,0,0,0,0
102505603,5.2480955,0.0,0,0,1,0,0,0,0
103005603,5.2497067,0.0,0,0,1,0,0,0,0
103515615,5.21748,0.0,0,0,1,0,0,0,0
104015603,5.24165,0.0,0,0,1,0,0,0,0
104515626,5.2464843,0.0,0,0,1,0,0,0,0
105015603,5.2368164,0.0,0,0,1,0,0,0,0
105515620,5.2384276,0.0,0,0,1,0,0,0,0
106025604,5.269043,0.0,0,0,1,0,0,0,0
106525603,5.2851562,0.0,0,0,1,0,0,0,0
107025634,5.2513185,0.0,0,0,1,0,0,0,0
107525603,5.2480955,0.0,0,0,1,0,0,0,0
108025603,5.270654,0.0,0,0,1,0,0,0,0
108525609,5.2239256,0.0,0,0,1,0,0,0,0
109025606,5.21748,0.0,0,0,1,0,0,0,0
109535602,5.2480955,0.0,0,0,1,0,0,0,0
110035603,5.215869,0.0,0,0,1,0,0,0,0
110535609,5.219092,0.0,0,0,1,0,0,0,0
111035615,5.2464843,0.0,0,0,1,0,0,0,0
111535603,5.2867675,0.0,0,0,1,0,0,0,0
112045634,5.235205,0.0,0,0,1,0,0,0,0
112545630,5.302881,0.0,0,0,1,0,0,0,0
113045603,5.2964354,0.0,0,0,1,0,0,0,0
113545624,5.2513185,0.0,0,0,1,0,0,0,0
114045603,5.2529297,0.0,0,0,1,0,0,0,0
114545603,5.219092,0.0,0,0,1,0,0,0,0
115045603,5.24165,0.0,0,0,1,0,0,0,0
115555606,5.2529297,0.0,0,0,1,0,0,0,0
116055603,5.2529297,0.0,0,0,1,0,0,0,0
116555603,5.219092,0.0,0,0,1,0,0,0,0
117055610,5.2464843,0.0,0,0,1,0,0,0,0
117555603,5.243262,0.0,0,0,1,0,0,0,0
118055603,5.2464843,0.0,0,0,1,0,0,0,0
119055640,5.243262,0.0,0,0,1,0,0,0,0
119555603,5.270654,0.0,0,0,1,0,0,0,0
120055603,5.2384276,0.0,0,0,1,0,0,0,0
120555603,5.244873,0.0,0,0,1,0,0,0,0
121055611,5.2497067,0.0,0,0,1,0,0,0,0
121555603,5.244873,0.0,0,0,1,0,0,0,0
122065635,5.2529297,0.0,0,0,1,0,0,0,0
122565603,5.2513185,0.0,0,0,1,0,0,0,0
123065603,5.278711,0.0,0,0,1,0,0,0,0
123565603,5.2851562,0.0,0,0,1,0,0,0,0
124065603,5.2722654,0.0,0,0,1,0,0,0,0
124565603,5.269043,0.0,0,0,1,0,0,0,0
125075604,5.215869,0.0,0,0,1,0,0,0,0
125575620,5.244873,0.0,0,0,1,0,0,0,0
126075609,5.243262,0.0,0,0,1,0,0,0,0
126575603,5.20459,0.0,0,0,1,0,0,0,0
127075633,5.2094235,0.0,0,0,1,0,0,0,0
127575603,5.2384276,0.0,0,0,1,0,0,0,0
128085603,5.244873,0.0,0,0,1,0,0,0,0
128585603,5.2126465,0.0,0,0,1,0,0,0,0
129085603,5.293213,0.0,0,0,1,0,0,0,0
129585603,5.28999,0.0,0,0,1,0,0,0,0
130085643,5.2271485,0.0,0,0,1,0,0,0,0
130585603,5.2464843,0.0,0,0,1,0,0,0,0
131095607,5.243262,0.0,0,0,1,0,0,0,0
131595603,5.2142577,0.0,0,0,1,0,0,0,0
132095635,5.2480955,0.0,0,0,1,0,0,0,0
132595603,5.2271485,0.0,0,0,1,0,0,0,0
133095605,5.2126465,0.0,0,0,1,0,0,0,0
133595603,5.2464843,0.0,0,0,1,0,0,0,0
134105614,5.240039,0.0,0,0,1,0,0,0,0
134605610,5.22876,0.0,0,0,1,0,0,0,0
135105614,5.2497067,0.0,0,0,1,0,0,0,0
135605610,5.2883787,0.0,0,0,1,0,0,0,0
136105603,5.264209,0.0,0,0,1,0,0,0,0
136605603,5.244873,0.0,0,0,1,0,0,0,0
137115649,5.294824,0.0,0,0,1,0,0,0,0
137615603,5.243262,0.0,0,0,1,0,0,0,0
138115603,5.2770996,0.0,0,0,1,0,0,0,0
138615603,5.2497067,0.0,0,0,1,0,0,0,0
139115611,5.2480955,0.0,0,0,1,0,0,0,0
139615603,5.215869,0.0,0,0,1,0,0,0,0
140115603,5.2497067,0.0,0,0,1,0,0,0,0
140615603,5.2738767,0.0,0,0,1,0,0,0,0
141125614,5.225537,0.0,0,0,1,0,0,0,0
141625603,5.28999,0.0,0,0,1,0,0,0,0
142125620,5.2738767,0.0,0,0,1,0,0,0,0
142625618,5.2480955,0.0,0,0,1,0,0,0,0
143125603,5.244873,0.0,0,0,1,0,0,0,0
143625605,5.2480955,0.0,0,0,1,0,0,0,0
144135613,5.215869,0.0,0,0,1,0,0,0,0
144635603,5.244873,0.0,0,0,1,0,0,0,0
145135604,5.2368164,0.0,0,0,1,0,0,0,0
145635603,5.21748,0.0,0,0,1,0,0,0,0
146135603,5.2464843,0.0,0,0,1,0,0,0,0
146645603,5.2625976,0.0,0,0,1,0,0,0,0
147145619,5.2480955,0.0,0,0,1,0,0,0,0
147645603,5.2916017,0.0,0,0,1,0,0,0,0
148145637,5.2126465,0.0,0,0,1,0,0,0,0
148645603,5.2867675,0.0,0,0,1,0,0,0,0
149155603,5.244873,0.0,0,0,1,0,0,0,0
149655603,5.244873,0.0,0,0,1,0,0,0,0
150155603,5.225537,0.0,0,0,1,0,0,0,0
150655622,5.2142577,0.0,0,0,1,0,0,0,0
151155603,5.2384276,0.0,0,0,1,0,0,0,0
151655603,5.243262,0.0,0,0,1,0,0,0,0
152155639,5.2480955,0.0,0,0,1,0,0,0,0
152655603,5.2625976,0.0,0,0,1,0,0,0,0
153155603,5.28999,0.0,0,0,1,0,0,0,0
153665603,5.293213,0.0,0,0,1,0,0,0,0
154165606,5.2529297,0.0,0,0,1,0,0,0,0
154665603,5.243262,0.0,0,0,1,0,0,0,0
155165603,5.24165,0.0,0,0,1,0,0,0,0
155665628,5.240039,0.0,0,0,1,0,0,0,0
156165603,5.2480955,0.0,0,0,1,0,0,0,0
156665603,5.2239256,0.0,0,0,1,0,0,0,0
157165628,5.219092,0.0,0,0,1,0,0,0,0
157675603,5.2513185,0.0,0,0,1,0,0,0,0
158175603,5.244873,0.0,0,0,1,0,0,0,0
158675603,5.2529297,0.0,0,0,1,0,0,0,0
159175603,5.2851562,0.0,0,0,1,0,0,0,0
159675648,5.235205,0.0,0,0,1,0,0,0,0
160175603,5.2497067,0.0,0,0,1,0,0,0,0
160675615,5.2335935,0.0,0,0,1,0,0,0,0
161175603,5.2480955,0.0,0,0,1,0,0,0,0
161685611,5.219092,0.0,0,0,1,0,0,0,0
162185606,5.2513185,0.0,0,0,1,0,0,0,0
162685603,5.215869,0.0,0,0,1,0,0,0,0
163185603,5.215869,0.0,0,0,1,0,0,0,0
163685607,5.2464843,0.0,0,0,1,0,0,0,0
164185603,5.264209,0.0,0,0,1,0,0,0,0
164685603,5.2480955,0.0,0,0,1,0,0,0,0
165185603,5.293213,0.0,0,0,1,0,0,0,0
165685649,5.28999,0.0,0,0,1,0,0,0,0
167195605,5.293213,0.0,0,0,1,0,0,0,0
167695603,5.243262,0.0,0,0,1,0,0,0,0
168195603,5.2464843,0.0,0,0,1,0,0,0,0
168695603,5.243262,0.0,0,0,1,0,0,0,0
169195603,5.244873,0.0,0,0,1,0,0,0,0
169695603,5.2110353,0.0,0,0,1,0,0,0,0
170205604,5.28999,0.0,0,0,1,0,0,0,0
170705635,5.22876,0.0,0,0,1,0,0,0,0
171205603,5.259375,0.0,0,0,1,0,0,0,0
171705606,5.2464843,0.0,0,0,1,0,0,0,0
172205603,5.254541,0.0,0,0,1,0,0,0,0
172705607,5.2883787,0.0,0,0,1,0,0,0,0
173205610,5.215869,0.0,0,0,1,0,0,0,0
173705603,5.2529297,0.0,0,0,1,0,0,0,0
174215603,5.2335935,0.0,0,0,1,0,0,0,0
174715603,5.2480955,0.0,0,0,1,0,0,0,0
175215612,5.2384276,0.0,0,0,1,0,0,0,0
175715614,5.28999,0.0,0,0,1,0,0,0,0
176215642,5.256152,0.0,0,0,1,0,0,0,0
176715603,5.231982,0.0,0,0,1,0,0,0,0
177215603,5.293213,0.0,0,0,1,0,0,0,0
177725603,5.24165,0.0,0,0,1,0,0,0,0
178225603,5.2029786,0.0,0,0,1,0,0,0,0
178725603,5.2513185,0.0,0,0,1,0,0,0,0
179225630,5.2480955,0.0,0,0,1,0,0,0,0
179725603,5.215869,0.0,0,0,1,0,0,0,0
180225614,5.2480955,0.0,0,0,1,0,0,0,0
180735615,5.244873,0.0,0,0,1,0,0,0,0
181235603,5.2497067,0.0,0,0,1,0,0,0,0
181735603,5.2497067,0.0,0,0,1,0,0,0,0
182235603,5.294824,0.0,0,0,1,0,0,0,0
182735603,5.278711,0.0,0,0,1,0,0,0,0
183235606,5.243262,0.0,0,0,1,0,0,0,0
183735641,5.293213,0.0,0,0,1,0,0,0,0
184235603,5.2480955,0.0,0,0,1,0,0,0,0
184735603,5.2126465,0.0,0,0,1,0,0,0,0
185245603,5.2513185,0.0,0,0,1,0,0,0,0
185745621,5.2513185,0.0,0,0,1,0,0,0,0
186245603,5.2335935,0.0,0,0,1,0,0,0,0
186745603,5.2497067,0.0,0,0,1,0,0,0,0
187245609,5.2529297,0.0,0,0,1,0,0,0,0
187755603,5.2464843,0.0,0,0,1,0,0,0,0
188255611,5.2964354,0.0,0,0,1,0,0,0,0
188755603,5.28999,0.0,0,0,1,0,0,0,0
189255619,5.21748,0.0,0,0,1,0,0,0,0
189755603,5.2851562,0.0,0,0,1,0,0,0,0
190255603,5.2497067,0.0,0,0,1,0,0,0,0
190755639,5.220703,0.0,0,0,1,0,0,0,0
191255603,5.2497067,0.0,0,0,1,0,0,0,0
191755603,5.2464843,0.0,0,0,1,0,0,0,0
192255603,5.243262,0.0,0,0,1,0,0,0,0
192765612,5.21748,0.0,0,0,1,0,0,0,0
193265603,5.2625976,0.0,0,0,1,0,0,0,0
193765603,5.2722654,0.0,0,0,1,0,0,0,0
194265625,5.2883787,0.0,0,0,1,0,0,0,0
194765643,5.2513185,0.0,0,0,1,0,0,0,0
195265603,5.2513185,0.0,0,0,1,0,0,0,0
195765626,5.254541,0.0,0,0,1,0,0,0,0
196265603,5.2223144,0.0,0,0,1,0,0,0,0
196765604,5.2513185,0.0,0,0,1,0,0,0,0
197265613,5.2513185,0.0,0,0,1,0,0,0,0
197765638,5.2223144,0.0,0,0,1,0,0,0,0
198275603,5.24165,0.0,0,0,1,0,0,0,0
198775603,5.2464843,0.0,0,0,1,0,0,0,0
199275608,5.2497067,0.0,0,0,1,0,0,0,0
199775603,5.2464843,0.0,0,0,1,0,0,0,0
200275603,5.254541,0.0,0,0,1,0,0,0,0
200775636,5.2480955,0.0,0,0,1,0,0,0,0
201285603,5.243262,0.0,0,0,1,0,0,0,0
201785603,5.215869,0.0,0,0,1,0,0,0,0
202285613,5.2480955,0.0,0,0,1,0,0,0,0
202785645,5.2480955,0.0,0,0,1,0,0,0,0
203285603,5.21748,0.0,0,0,1,0,0,0,0
203785603,5.2770996,0.0,0,0,1,0,0,0,0
204295632,5.254541,0.0,0,0,1,0,0,0,0
204795603,5.2577634,0.0,0,0,1,0,0,0,0
205295606,5.240039,0.0,0,0,1,0,0,0,0
205795603,5.2980466,0.0,0,0,1,0,0,0,0
206295609,5.2754884,0.0,0,0,1,0,0,0,0
206795603,5.256152,0.0,0,0,1,0,0,0,0
207295603,5.2513185,0.0,0,0,1,0,0,0,0
207795603,5.244873,0.0,0,0,1,0,0,0,0
208295642,5.219092,0.0,0,0,1,0,0,0,0
208805603,5.2335935,0.0,0,0,1,0,0,0,0
209305632,5.243262,0.0,0,0,1,0,0,0,0
209805603,5.2368164,0.0,0,0,1,0,0,0,0
210305629,5.2223144,0.0,0,0,1,0,0,0,0
210805603,5.2851562,0.0,0,0,1,0,0,0,0
211315609,5.2851562,0.0,0,0,1,0,0,0,0
211815603,5.2464843,0.0,0,0,1,0,0,0,0
212315604,5.3012695,0.0,0,0,1,0,0,0,0
212815603,5.2754884,0.0,0,0,1,0,0,0,0
213315603,5.243262,0.0,0,0,1,0,0,0,0
213815603,5.2851562,0.0,0,0,1,0,0,0,0
214325653,5.2142577,0.0,0,0,1,0,0,0,0
214825603,5.2142577,0.0,0,0,1,0,0,0,0
215325613,5.2513185,0.0,0,0,1,0,0,0,0
215825619,5.2497067,0.0,0,0,1,0,0,0,0
216325603,5.215869,0.0,0,0,1,0,0,0,0
216825603,5.2480955,0.0,0,0,1,0,0,0,0
217335603,5.269043,0.0,0,0,1,0,0,0,0
217835603,5.243262,0.0,0,0,1,0,0,0,0
218335603,5.2754884,0.0,0,0,1,0,0,0,0
218835603,5.2384276,0.0,0,0,1,0,0,0,0
219335653,5.2126465,0.0,0,0,1,0,0,0,0
219845603,5.230371,0.0,0,0,1,0,0,0,0
220345603,5.2497067,0.0,0,0,1,0,0,0,0
220845603,5.2529297,0.0,0,0,1,0,0,0,0
221345611,5.2480955,0.0,0,0,1,0,0,0,0
221845603,5.21748,0.0,0,0,1,0,0,0,0
222345603,5.219092,0.0,0,0,1,0,0,0,0
222845639,5.254541,0.0,0,0,1,0,0,0,0
223345632,5.294824,0.0,0,0,1,0,0,0,0
223845603,5.244873,0.0,0,0,1,0,0,0,0
224355640,5.2513185,0.0,0,0,1,0,0,0,0
224855603,5.244873,0.0,0,0,1,0,0,0,0
225355603,5.270654,0.0,0,0,1,0,0,0,0
225855603,5.2480955,0.0,0,0,1,0,0,0,0
226355603,5.2223144,0.0,0,0,1,0,0,0,0
226855603,5.2513185,0.0,0,0,1,0,0,0,0
227365603,5.2464843,0.0,0,0,1,0,0,0,0
227865635,5.2384276,0.0,0,0,1,0,0,0,0
228365622,5.270654,0.0,0,0,1,0,0,0,0
228865603,5.2819333,0.0,0,0,1,0,0,0,0
229365630,5.254541,0.0,0,0,1,0,0,0,0
229865606,5.2980466,0.0,0,0,1,0,0,0,0
230375603,5.278711,0.0,0,0,1,0,0,0,0
230875603,5.2110353,0.0,0,0,1,0,0,0,0
231375603,5.2368164,0.0,0,0,1,0,0,0,0
231875603,5.215869,0.0,0,0,1,0,0,0,0
232375603,5.244873,0.0,0,0,1,0,0,0,0
232875603,5.2513185,0.0,0,0,1,0,0,0,0
233385613,5.2368164,0.0,0,0,1,0,0,0,0
233885605,5.243262,0.0,0,0,1,0,0,0,0
234385628,5.2964354,0.0,0,0,1,0,0,0,0
234885603,5.2497067,0.0,0,0,1,0,0,0,0
235385611,5.28999,0.0,0,0,1,0,0,0,0
235885603,5.2497067,0.0,0,0,1,0,0,0,0
236385636,5.2464843,0.0,0,0,1,0,0,0,0
236885613,5.225537,0.0,0,0,1,0,0,0,0
237385603,5.2464843,0.0,0,0,1,0,0,0,0
237895627,5.2513185,0.0,0,0,1,0,0,0,0
238395603,5.219092,0.0,0,0,1,0,0,0,0
238895603,5.2513185,0.0,0,0,1,0,0,0,0
239395603,5.2497067,0.0,0,0,1,0,0,0,0
239895609,5.2110353,0.0,0,0,1,0,0,0,0
240395607,5.280322,0.0,0,0,1,0,0,0,0
240905603,5.2980466,0.0,0,0,1,0,0,0,0
241405603,5.244873,0.0,0,0,1,0,0,0,0
241905603,5.278711,0.0,0,0,1,0,0,0,0
242405603,5.2513185,0.0,0,0,1,0,0,0,0
242905636,5.2384276,0.0,0,0,1,0,0,0,0
243405603,5.2271485,0.0,0,0,1,0,0,0,0
243915603,5.2335935,0.0,0,0,1,0,0,0,0
244415630,5.2126465,0.0,0,0,1,0,0,0,0
244915614,5.2464843,0.0,0,0,1,0,0,0,0
245415603,5.283545,0.0,0,0,1,0,0,0,0
245915603,5.215869,0.0,0,0,1,0,0,0,0
246415603,5.280322,0.0,0,0,1,0,0,0,0
246915603,5.2335935,0.0,0,0,1,0,0,0,0
247425603,5.2754884,0.0,0,0,1,0,0,0,0
247925635,5.24165,0.0,0,0,1,0,0,0,0
248425603,5.2368164,0.0,0,0,1,0,0,0,0
249425605,5.2464843,0.0,0,0,1,0,0,0,0
249925607,5.240039,0.0,0,0,1,0,0,0,0
250435610,5.235205,0.0,0,0,1,0,0,0,0
250935603,5.2867675,0.0,0,0,1,0,0,0,0
251435603,5.2480955,0.0,0,0,1,0,0,0,0
251935603,5.244873,0.0,0,0,1,0,0,0,0
252435603,5.2883787,0.0,0,0,1,0,0,0,0
252945611,5.256152,0.0,0,0,1,0,0,0,0
253445603,5.2625976,0.0,0,0,1,0,0,0,0
253945603,5.2770996,0.0,0,0,1,0,0,0,0
254445603,5.2497067,0.0,0,0,1,0,0,0,0
254945604,5.21748,0.0,0,0,1,0,0,0,0
255445603,5.244873,0.0,0,0,1,0,0,0,0
255945603,5.215869,0.0,0,0,1,0,0,0,0
256445607,5.2335935,0.0,0,0,1,0,0,0,0
256955603,5.2529297,0.0,0,0,1,0,0,0,0
257455603,5.2497067,0.0,0,0,1,0,0,0,0
257955652,5.220703,0.0,0,0,1,0,0,0,0
258455603,5.2513185,0.0,0,0,1,0,0,0,0
258955603,5.2819333,0.0,0,0,1,0,0,0,0
259455603,5.2464843,0.0,0,0,1,0,0,0,0
259955603,5.2480955,0.0,0,0,1,0,0,0,0
260455603,5.2497067,0.0,0,0,1,0,0,0,0
260955603,5.2464843,0.0,0,0,1,0,0,0,0
261455604,5.2110353,0.0,0,0,1,0,0,0,0
261965627,5.2513185,0.0,0,0,1,0,0,0,0
262465603,5.2513185,0.0,0,0,1,0,0,0,0
262965621,5.21748,0.0,0,0,1,0,0,0,0
263465603,5.254541,0.0,0,0,1,0,0,0,0
263965603,5.2497067,0.0,0,0,1,0,0,0,0
264465649,5.24165,0.0,0,0,1,0,0,0,0
264965645,5.293213,0.0,0,0,1,0,0,0,0
265475603,5.283545,0.0,0,0,1,0,0,0,0
265975603,5.21748,0.0,0,0,1,0,0,0,0
266475612,5.2335935,0.0,0,0,1,0,0,0,0
266975603,5.2513185,0.0,0,0,1,0,0,0,0
267475603,5.2223144,0.0,0,0,1,0,0,0,0
267975641,5.220703,0.0,0,0,1,0,0,0,0
268485603,5.293213,0.0,0,0,1,0,0,0,0
268985603,5.244873,0.0,0,0,1,0,0,0,0
269485604,5.244873,0.0,0,0,1,0,0,0,0
269985607,5.28999,0.0,0,0,1,0,0,0,0
270485603,5.28999,0.0,0,0,1,0,0,0,0
270985603,5.219092,0.0,0,0,1,0,0,0,0
271495610,5.2851562,0.0,0,0,1,0,0,0,0
271995603,5.2480955,0.0,0,0,1,0,0,0,0
272495603,5.264209,0.0,0,0,1,0,0,0,0
272995629,5.225537,0.0,0,0,1,0,0,0,0
273495609,5.2497067,0.0,0,0,1,0,0,0,0
273995603,5.244873,0.0,0,0,1,0,0,0,0
274495603,5.24165,0.0,0,0,1,0,0,0,0
275005648,5.294824,0.0,0,0,1,0,0,0,0
275505603,5.293213,0.0,0,0,1,0,0,0,0
276005603,5.244873,0.0,0,0,1,0,0,0,0
276505646,5.2513185,0.0,0,0,1,0,0,0,0
277005603,5.2883787,0.0,0,0,1,0,0,0,0
277505635,5.2464843,0.0,0,0,1,0,0,0,0
278005603,5.219092,0.0,0,0,1,0,0,0,0
278505603,5.244873,0.0,0,0,1,0,0,0,0
279015607,5.2497067,0.0,0,0,1,0,0,0,0
279515603,5.2094235,0.0,0,0,1,0,0,0,0
280015605,5.240039,0.0,0,0,1,0,0,0,0
280515604,5.270654,0.0,0,0,1,0,0,0,0
281015603,5.219092,0.0,0,0,1,0,0,0,0
281515646,5.2754884,0.0,0,0,1,0,0,0,0
282015603,5.244873,0.0,0,0,1,0,0,0,0
282525615,5.2867675,0.0,0,0,1,0,0,0,0
283025603,5.2497067,0.0,0,0,1,0,0,0,0
283525603,5.21748,0.0,0,0,1,0,0,0,0
284025603,5.2674317,0.0,0,0,1,0,0,0,0
284525603,5.2480955,0.0,0,0,1,0,0,0,0
285025603,5.220703,0.0,0,0,1,0,0,0,0
285525619,5.254541,0.0,0,0,1,0,0,0,0
286035603,5.2513185,0.0,0,0,1,0,0,0,0
286535642,5.2480955,0.0,0,0,1,0,0,0,0
287035604,5.215869,0.0,0,0,1,0,0,0,0
287535603,5.294824,0.0,0,0,1,0,0,0,0
288035603,5.2529297,0.0,0,0,1,0,0,0,0
288545611,5.2110353,0.0,0,0,1,0,0,0,0
289045603,5.2964354,0.0,0,0,1,0,0,0,0
289545603,5.2464843,0.0,0,0,1,0,0,0,0
290045603,5.215869,0.0,0,0,1,0,0,0,0
290545626,5.2480955,0.0,0,0,1,0,0,0,0
291045603,5.2497067,0.0,0,0,1,0,0,0,0
291545640,5.2239256,0.0,0,0,1,0,0,0,0
292045622,5.2335935,0.0,0,0,1,0,0,0,0
292555603,5.28999,0.0,0,0,1,0,0,0,0
293055603,5.2464843,0.0,0,0,1,0,0,0,0
293555603,5.219092,0.0,0,0,1,0,0,0,0
294055603,5.2964354,0.0,0,0,1,0,0,0,0
294555604,5.264209,0.0,0,0,1,0,0,0,0
295055603,5.231982,0.0,0,0,1,0,0,0,0
295565623,5.2497067,0.0,0,0,1,0,0,0,0
296065627,5.2480955,0.0,0,0,1,0,0,0,0
297065603,5.2497067,0.0,0,0,1,0,0,0,0
297565603,5.219092,0.0,0,0,1,0,0,0,0
298065609,5.2480955,0.0,0,0,1,0,0,0,0
298565648,5.2497067,0.0,0,0,1,0,0,0,0
299065603,5.2513185,0.0,0,0,1,0,0,0,0
299565603,5.2722654,0.0,0,0,1,0,0,0,0
300075603,5.2271485,0.0,0,0,1,0,0,0,0
300575603,5.2497067,0.0,0,0,1,0,0,0,0
301075605,5.2851562,0.0,0,0,1,0,0,0,0
301575609,5.259375,0.0,0,0,1,0,0,0,0
302075615,5.2883787,0.0,0,0,1,0,0,0,0
302575603,5.2513185,0.0,0,0,1,0,0,0,0
303075603,5.2142577,0.0,0,0,1,0,0,0,0
303575603,5.2513185,0.0,0,0,1,0,0,0,0
304075603,5.2674317,0.0,0,0,1,0,0,0,0
304575609,5.2770996,0.0,0,0,1,0,0,0,0
305085638,5.2964354,0.0,0,0,1,0,0,0,0
305585603,5.2851562,0.0,0,0,1,0,0,0,0
306085603,5.2464843,0.0,0,0,1,0,0,0,0
306585614,5.28999,0.0,0,0,1,0,0,0,0
307085603,5.2497067,0.0,0,0,1,0,0,0,0
307585603,5.225537,0.0,0,0,1,0,0,0,0
308085603,5.2497067,0.0,0,0,1,0,0,0,0
308585613,5.244873,0.0,0,0,1,0,0,0,0
309085603,5.2609863,0.0,0,0,1,0,0,0,0
309595609,5.2480955,0.0,0,0,1,0,0,0,0
310095616,5.2480955,0.0,0,0,1,0,0,0,0
310595603,5.219092,0.0,0,0,1,0,0,0,0
311095603,5.280322,0.0,0,0,1,0,0,0,0
311595631,5.293213,0.0,0,0,1,0,0,0,0
312095605,5.2754884,0.0,0,0,1,0,0,0,0
312605603,5.2513185,0.0,0,0,1,0,0,0,0
313105603,5.2754884,0.0,0,0,1,0,0,0,0
313605614,5.2464843,0.0,0,0,1,0,0,0,0
314105613,5.24165,0.0,0,0,1,0,0,0,0
314605603,5.2335935,0.0,0,0,1,0,0,0,0
315105636,5.2142577,0.0,0,0,1,0,0,0,0
315605603,5.24165,0.0,0,0,1,0,0,0,0
316105604,5.24165,0.0,0,0,1,0,0,0,0
316605635,5.2464843,0.0,0,0,1,0,0,0,0
317105603,5.2770996,0.0,0,0,1,0,0,0,0
317605603,5.2738767,0.0,0,0,1,0,0,0,0
