timestamp,time_utc_usec,lat,lon,alt,alt_ellipsoid,s_variance_m_s,c_variance_rad,eph,epv,hdop,vdop,noise_per_ms,jamming_indicator,vel_m_s,vel_n_m_s,vel_e_m_s,vel_d_m_s,cog_rad,timestamp_time_relative,fix_type,vel_ned_valid,satellites_used
37423462,0,0,0,-17000,0,20.928001,3.1415925,4294967.5,3750000.2,99.99,99.99,104,6,0.0,0.0,0.0,0.0,0.0,0,0,0,0
37624458,0,0,0,-17000,0,21.024,3.1415925,4294967.5,3750000.2,99.99,99.99,104,6,0.0,0.0,0.0,0.0,0.0,0,0,0,0
37823461,0,0,0,-17000,0,21.119001,3.1415925,4294967.5,3750000.2,99.99,99.99,104,6,0.0,0.0,0.0,0.0,0.0,0,0,0,0
38023578,0,0,0,-17000,0,21.213001,3.1415925,4294967.5,3750000.2,99.99,99.99,104,6,0.0,0.0,0.0,0.0,0.0,0,0,0,0
38223459,0,0,0,-17000,0,21.307001,3.1415925,4294967.5,3750000.2,99.99,99.99,104,9,0.0,0.0,0.0,0.0,0.0,0,0,0,0
38423502,0,0,0,-17000,0,21.401001,3.1415925,4294967.5,3750000.2,99.99,99.99,104,9,0.0,0.0,0.0,0.0,0.0,0,0,0,0
38625194,0,0,0,-17000,0,21.494001,3.1415925,4294967.5,3750000.2,99.99,99.99,104,9,0.0,0.0,0.0,0.0,0.0,0,0,0,0
38823710,0,0,0,-17000,0,21.587002,3.1415925,4294967.5,3750000.2,99.99,99.99,104,9,0.0,0.0,0.0,0.0,0.0,0,0,0,0
39022465,0,0,0,-17000,0,21.679,3.1415925,4294967.5,3750000.2,99.99,99.99,104,9,0.0,0.0,0.0,0.0,0.0,0,0,0,0
39222467,0,0,0,-17000,0,21.772001,3.1415925,4294967.5,3750000.2,99.99,99.99,104,10,0.0,0.0,0.0,0.0,0.0,0,0,0,0
39422608,0,0,0,-17000,0,21.863,3.1415925,4294967.5,3750000.2,99.99,99.99,104,10,0.0,0.0,0.0,0.0,0.0,0,0,0,0
39622621,0,0,0,-17000,0,21.954,3.1415925,4294967.5,3750000.2,99.99,99.99,104,10,0.0,0.0,0.0,0.0,0.0,0,0,0,0
39823658,0,0,0,-17000,0,22.045002,3.1415925,4294967.5,3750000.2,99.99,99.99,104,10,0.0,0.0,0.0,0.0,0.0,0,0,0,0
40023466,0,0,0,-17000,0,22.136002,3.1415925,4294967.5,3750000.2,99.99,99.99,104,10,0.0,0.0,0.0,0.0,0.0,0,0,0,0
40223465,0,0,0,-17000,0,22.226002,3.1415925,4294967.5,3750000.2,99.99,99.99,104,19,0.0,0.0,0.0,0.0,0.0,0,0,0,0
40424487,0,0,0,-17000,0,22.316002,3.1415925,4294967.5,3750000.2,99.99,99.99,104,19,0.0,0.0,0.0,0.0,0.0,0,0,0,0
40623459,0,0,0,-17000,0,22.405,3.1415925,4294967.5,3750000.2,99.99,99.99,104,19,0.0,0.0,0.0,0.0,0.0,0,0,0,0
40821531,0,0,0,-17000,0,22.494001,3.1415925,4294967.5,3750000.2,99.99,99.99,104,19,0.0,0.0,0.0,0.0,0.0,0,0,0,0
41023335,0,0,0,-17000,0,22.583,3.1415925,4294967.5,3750000.2,99.99,99.99,104,19,0.0,0.0,0.0,0.0,0.0,0,0,0,0
41221604,0,0,0,-17000,0,22.672,3.1415925,4294967.5,3750000.2,99.99,99.99,104,6,0.0,0.0,0.0,0.0,0.0,0,0,0,0
41422537,0,0,0,-17000,0,22.76,3.1415925,4294967.5,3750000.2,99.99,99.99,104,6,0.0,0.0,0.0,0.0,0.0,0,0,0,0
41625542,0,0,0,-17000,0,22.847002,3.1415925,4294967.5,3750000.2,99.99,99.99,104,6,0.0,0.0,0.0,0.0,0.0,0,0,0,0
41822541,0,0,0,-17000,0,22.935001,3.1415925,4294967.5,3750000.2,99.99,99.99,104,6,0.0,0.0,0.0,0.0,0.0,0,0,0,0
42023534,0,0,0,-17000,0,23.022001,3.1415925,4294967.5,3750000.2,99.99,99.99,104,6,0.0,0.0,0.0,0.0,0.0,0,0,0,0
42224501,0,0,0,-17000,0,23.108002,3.1415925,4294967.5,3750000.2,99.99,99.99,104,8,0.0,0.0,0.0,0.0,0.0,0,0,0,0
42423463,0,0,0,-17000,0,23.195002,3.1415925,4294967.5,3750000.2,99.99,99.99,104,8,0.0,0.0,0.0,0.0,0.0,0,0,0,0
42623503,0,0,0,-17000,0,23.281002,3.1415925,4294967.5,3750000.2,99.99,99.99,104,8,0.0,0.0,0.0,0.0,0.0,0,0,0,0
42823460,0,0,0,-17000,0,23.367,3.1415925,4294967.5,3750000.2,99.99,99.99,104,8,0.0,0.0,0.0,0.0,0.0,0,0,0,0
43824454,0,0,0,-17000,0,23.791,3.1415925,4294967.5,3750000.2,99.99,99.99,104,9,0.0,0.0,0.0,0.0,0.0,0,0,0,0
44023463,0,0,0,-17000,0,23.875002,3.1415925,4294967.5,3750000.2,99.99,99.99,104,9,0.0,0.0,0.0,0.0,0.0,0,0,0,0
44222854,0,0,0,-17000,0,23.958002,3.1415925,4294967.5,3750000.2,99.99,99.99,104,7,0.0,0.0,0.0,0.0,0.0,0,0,0,0
44422663,0,0,0,-17000,0,24.042002,3.1415925,4294967.5,3750000.2,99.99,99.99,104,7,0.0,0.0,0.0,0.0,0.0,0,0,0,0
44623459,0,0,0,-17000,0,24.125002,3.1415925,4294967.5,3750000.2,99.99,99.99,104,7,0.0,0.0,0.0,0.0,0.0,0,0,0,0
44823465,0,0,0,-17000,0,24.207,3.1415925,4294967.5,3750000.2,99.99,99.99,104,7,0.0,0.0,0.0,0.0,0.0,0,0,0,0
45022532,0,0,0,-17000,0,24.29,3.1415925,4294967.5,3750000.2,99.99,99.99,104,7,0.0,0.0,0.0,0.0,0.0,0,0,0,0
45223460,0,0,0,-17000,0,24.372002,3.1415925,4294967.5,3750000.2,99.99,99.99,104,10,0.0,0.0,0.0,0.0,0.0,0,0,0,0
45424707,0,0,0,-17000,0,24.454,3.1415925,4294967.5,3750000.2,99.99,99.99,104,10,0.0,0.0,0.0,0.0,0.0,0,0,0,0
45624467,0,0,0,-17000,0,24.536001,3.1415925,4294967.5,3750000.2,99.99,99.99,104,10,0.0,0.0,0.0,0.0,0.0,0,0,0,0
45825491,0,0,0,-17000,0,24.617,3.1415925,4294967.5,3750000.2,99.99,99.99,104,10,0.0,0.0,0.0,0.0,0.0,0,0,0,0
46024739,0,0,0,-17000,0,24.698002,3.1415925,4294967.5,3750000.2,99.99,99.99,104,10,0.0,0.0,0.0,0.0,0.0,0,0,0,0
46225544,0,0,0,-17000,0,24.779001,3.1415925,4294967.5,3750000.2,99.99,99.99,104,7,0.0,0.0,0.0,0.0,0.0,0,0,0,0
46426619,0,0,0,-17000,0,24.86,3.1415925,4294967.5,3750000.2,99.99,99.99,104,7,0.0,0.0,0.0,0.0,0.0,0,0,0,0
46623613,0,0,0,-17000,0,24.94,3.1415925,4294967.5,3750000.2,99.99,99.99,104,7,0.0,0.0,0.0,0.0,0.0,0,0,0,0
46824466,0,0,0,-17000,0,25.02,3.1415925,4294967.5,3750000.2,99.99,99.99,104,7,0.0,0.0,0.0,0.0,0.0,0,0,0,0
47024465,0,0,0,-17000,0,25.1,3.1415925,4294967.5,3750000.2,99.99,99.99,104,7,0.0,0.0,0.0,0.0,0.0,0,0,0,0
47223462,0,0,0,-17000,0,25.179,3.1415925,4294967.5,3750000.2,99.99,99.99,104,5,0.0,0.0,0.0,0.0,0.0,0,0,0,0
47424459,0,0,0,-17000,0,25.259,3.1415925,4294967.5,3750000.2,99.99,99.99,104,5,0.0,0.0,0.0,0.0,0.0,0,0,0,0
47624459,0,0,0,-17000,0,25.338001,3.1415925,4294967.5,3750000.2,99.99,99.99,104,5,0.0,0.0,0.0,0.0,0.0,0,0,0,0
47823686,0,0,0,-17000,0,25.417002,3.1415925,4294967.5,3750000.2,99.99,99.99,104,5,0.0,0.0,0.0,0.0,0.0,0,0,0,0
48024537,0,0,0,-17000,0,25.495,3.1415925,4294967.5,3750000.2,99.99,99.99,104,5,0.0,0.0,0.0,0.0,0.0,0,0,0,0
48224491,0,0,0,-17000,0,25.573002,3.1415925,4294967.5,3750000.2,99.99,99.99,104,18,0.0,0.0,0.0,0.0,0.0,0,0,0,0
48424809,0,0,0,-17000,0,25.652,3.1415925,4294967.5,3750000.2,99.99,99.99,104,18,0.0,0.0,0.0,0.0,0.0,0,0,0,0
48623462,0,0,0,-17000,0,25.729002,3.1415925,4294967.5,3750000.2,99.99,99.99,104,18,0.0,0.0,0.0,0.0,0.0,0,0,0,0
48823650,0,0,0,-17000,0,25.807001,3.1415925,4294967.5,3750000.2,99.99,99.99,104,18,0.0,0.0,0.0,0.0,0.0,0,0,0,0
49023537,0,0,0,-17000,0,25.884,3.1415925,4294967.5,3750000.2,99.99,99.99,104,18,0.0,0.0,0.0,0.0,0.0,0,0,0,0
49223463,0,0,0,-17000,0,25.962002,3.1415925,4294967.5,3750000.2,99.99,99.99,104,18,0.0,0.0,0.0,0.0,0.0,0,0,0,0
49424460,0,0,0,-17000,0,26.038002,3.1415925,4294967.5,3750000.2,99.99,99.99,104,18,0.0,0.0,0.0,0.0,0.0,0,0,0,0
49624458,0,0,0,-17000,0,26.115002,3.1415925,4294967.5,3750000.2,99.99,99.99,104,18,0.0,0.0,0.0,0.0,0.0,0,0,0,0
49824765,0,0,0,-17000,0,26.192001,3.1415925,4294967.5,3750000.2,99.99,99.99,104,18,0.0,0.0,0.0,0.0,0.0,0,0,0,0
50025623,0,0,0,-17000,0,26.268002,3.1415925,4294967.5,3750000.2,99.99,99.99,104,18,0.0,0.0,0.0,0.0,0.0,0,0,0,0
50224460,0,0,0,-17000,0,26.344002,3.1415925,4294967.5,3750000.2,99.99,99.99,103,8,0.0,0.0,0.0,0.0,0.0,0,0,0,0
50425647,0,0,0,-17000,0,26.420002,3.1415925,4294967.5,3750000.2,99.99,99.99,103,8,0.0,0.0,0.0,0.0,0.0,0,0,0,0
50625592,0,0,0,-17000,0,26.495,3.1415925,4294967.5,3750000.2,99.99,99.99,103,8,0.0,0.0,0.0,0.0,0.0,0,0,0,0
50822472,0,0,0,-17000,0,26.571001,3.1415925,4294967.5,3750000.2,99.99,99.99,103,8,0.0,0.0,0.0,0.0,0.0,0,0,0,0
51023501,0,0,0,-17000,0,26.646002,3.1415925,4294967.5,3750000.2,99.99,99.99,103,8,0.0,0.0,0.0,0.0,0.0,0,0,0,0
51223461,0,0,0,-17000,0,26.721,3.1415925,4294967.5,3750000.2,99.99,99.99,103,8,0.0,0.0,0.0,0.0,0.0,0,0,0,0
51423473,0,0,0,-17000,0,26.796001,3.1415925,4294967.5,3750000.2,99.99,99.99,103,8,0.0,0.0,0.0,0.0,0.0,0,0,0,0
51624459,0,0,0,-17000,0,26.87,3.1415925,4294967.5,3750000.2,99.99,99.99,103,8,0.0,0.0,0.0,0.0,0.0,0,0,0,0
51823632,0,0,0,-17000,0,26.944002,3.1415925,4294967.5,3750000.2,99.99,99.99,103,8,0.0,0.0,0.0,0.0,0.0,0,0,0,0
52023461,0,0,0,-17000,0,27.019001,3.1415925,4294967.5,3750000.2,99.99,99.99,103,8,0.0,0.0,0.0,0.0,0.0,0,0,0,0
52223460,0,0,0,-17000,0,27.092001,3.1415925,4294967.5,3750000.2,99.99,99.99,96,4,0.0,0.0,0.0,0.0,0.0,0,0,0,0
52424248,0,0,0,-17000,0,27.166,3.1415925,4294967.5,3750000.2,99.99,99.99,96,4,0.0,0.0,0.0,0.0,0.0,0,0,0,0
52623615,0,0,0,-17000,0,27.240002,3.1415925,4294967.5,3750000.2,99.99,99.99,96,4,0.0,0.0,0.0,0.0,0.0,0,0,0,0
52822684,0,0,0,-17000,0,27.313002,3.1415925,4294967.5,3750000.2,99.99,99.99,96,4,0.0,0.0,0.0,0.0,0.0,0,0,0,0
53022464,0,0,0,-17000,0,27.386002,3.1415925,4294967.5,3750000.2,99.99,99.99,96,4,0.0,0.0,0.0,0.0,0.0,0,0,0,0
53221702,0,0,0,-17000,0,27.459002,3.1415925,4294967.5,3750000.2,99.99,99.99,96,4,0.0,0.0,0.0,0.0,0.0,0,0,0,0
53422490,0,0,0,-17000,0,27.532001,3.1415925,4294967.5,3750000.2,99.99,99.99,96,4,0.0,0.0,0.0,0.0,0.0,0,0,0,0
53622464,0,0,0,-17000,0,27.604002,3.1415925,4294967.5,3750000.2,99.99,99.99,96,4,0.0,0.0,0.0,0.0,0.0,0,0,0,0
53823461,0,0,0,-17000,0,27.677002,3.1415925,4294967.5,3750000.2,99.99,99.99,96,4,0.0,0.0,0.0,0.0,0.0,0,0,0,0
54023468,0,0,0,-17000,0,27.749,3.1415925,4294967.5,3750000.2,99.99,99.99,96,4,0.0,0.0,0.0,0.0,0.0,0,0,0,0
54224457,0,0,0,-17000,0,27.821001,3.1415925,4294967.5,3750000.2,99.99,99.99,97,5,0.0,0.0,0.0,0.0,0.0,0,0,0,0
54423538,0,0,0,-17000,0,27.893002,3.1415925,4294967.5,3750000.2,99.99,99.99,97,5,0.0,0.0,0.0,0.0,0.0,0,0,0,0
54624455,0,0,0,-17000,0,27.964,3.1415925,4294967.5,3750000.2,99.99,99.99,97,5,0.0,0.0,0.0,0.0,0.0,0,0,0,0
54825658,0,0,0,-17000,0,28.036001,3.1415925,4294967.5,3750000.2,99.99,99.99,97,5,0.0,0.0,0.0,0.0,0.0,0,0,0,0
55025678,0,0,0,-17000,0,28.107002,3.1415925,4294967.5,3750000.2,99.99,99.99,97,5,0.0,0.0,0.0,0.0,0.0,0,0,0,0
55224243,0,0,0,-17000,0,28.178001,3.1415925,4294967.5,3750000.2,99.99,99.99,97,12,0.0,0.0,0.0,0.0,0.0,0,0,0,0
55425539,0,0,0,-17000,0,28.249,3.1415925,4294967.5,3750000.2,99.99,99.99,97,12,0.0,0.0,0.0,0.0,0.0,0,0,0,0
55623463,0,0,0,-17000,0,28.320002,3.1415925,4294967.5,3750000.2,99.99,99.99,97,12,0.0,0.0,0.0,0.0,0.0,0,0,0,0
55823463,0,0,0,-17000,0,28.390001,3.1415925,4294967.5,3750000.2,99.99,99.99,97,12,0.0,0.0,0.0,0.0,0.0,0,0,0,0
56023463,0,0,0,-17000,0,28.460001,3.1415925,4294967.5,3750000.2,99.99,99.99,97,12,0.0,0.0,0.0,0.0,0.0,0,0,0,0
56224479,0,0,0,-17000,0,28.531002,3.1415925,4294967.5,3750000.2,99.99,99.99,97,11,0.0,0.0,0.0,0.0,0.0,0,0,0,0
56424461,0,0,0,-17000,0,28.601002,3.1415925,4294967.5,3750000.2,99.99,99.99,97,11,0.0,0.0,0.0,0.0,0.0,0,0,0,0
56624461,0,0,0,-17000,0,28.671001,3.1415925,4294967.5,3750000.2,99.99,99.99,97,11,0.0,0.0,0.0,0.0,0.0,0,0,0,0
56824494,0,0,0,-17000,0,28.740002,3.1415925,4294967.5,3750000.2,99.99,99.99,97,11,0.0,0.0,0.0,0.0,0.0,0,0,0,0
57025560,0,0,0,-17000,0,28.810001,3.1415925,4294967.5,3750000.2,99.99,99.99,97,11,0.0,0.0,0.0,0.0,0.0,0,0,0,0
57224221,0,0,0,-17000,0,28.879002,3.1415925,4294967.5,3750000.2,99.99,99.99,97,11,0.0,0.0,0.0,0.0,0.0,0,0,0,0
57424462,0,0,0,-17000,0,28.948002,3.1415925,4294967.5,3750000.2,99.99,99.99,97,11,0.0,0.0,0.0,0.0,0.0,0,0,0,0
57624508,0,0,0,-17000,0,29.017002,3.1415925,4294967.5,3750000.2,99.99,99.99,97,11,0.0,0.0,0.0,0.0,0.0,0,0,0,0
57825022,0,0,0,-17000,0,29.086,3.1415925,4294967.5,3750000.2,99.99,99.99,97,11,0.0,0.0,0.0,0.0,0.0,0,0,0,0
58023513,0,0,0,-17000,0,29.155,3.1415925,4294967.5,3750000.2,99.99,99.99,97,11,0.0,0.0,0.0,0.0,0.0,0,0,0,0
58223539,0,0,0,-17000,0,29.223001,3.1415925,4294967.5,3750000.2,99.99,99.99,97,32,0.0,0.0,0.0,0.0,0.0,0,0,0,0
58423464,0,0,0,-17000,0,29.292002,3.1415925,4294967.5,3750000.2,99.99,99.99,97,32,0.0,0.0,0.0,0.0,0.0,0,0,0,0
58623461,0,0,0,-17000,0,29.36,3.1415925,4294967.5,3750000.2,99.99,99.99,97,32,0.0,0.0,0.0,0.0,0.0,0,0,0,0
58823469,0,0,0,-17000,0,29.428001,3.1415925,4294967.5,3750000.2,99.99,99.99,97,32,0.0,0.0,0.0,0.0,0.0,0,0,0,0
59024729,0,0,0,-17000,0,29.496002,3.1415925,4294967.5,3750000.2,99.99,99.99,97,32,0.0,0.0,0.0,0.0,0.0,0,0,0,0
59224763,0,0,0,-17000,0,29.563002,3.1415925,4294967.5,3750000.2,99.99,99.99,97,23,0.0,0.0,0.0,0.0,0.0,0,0,0,0
59425486,0,0,0,-17000,0,29.631,3.1415925,4294967.5,3750000.2,99.99,99.99,97,23,0.0,0.0,0.0,0.0,0.0,0,0,0,0
59624461,0,0,0,-17000,0,29.698002,3.1415925,4294967.5,3750000.2,99.99,99.99,97,23,0.0,0.0,0.0,0.0,0.0,0,0,0,0
59826608,0,0,0,-17000,0,29.766,3.1415925,4294967.5,3750000.2,99.99,99.99,97,23,0.0,0.0,0.0,0.0,0.0,0,0,0,0
60025580,0,0,0,-17000,0,29.833002,3.1415925,4294967.5,3750000.2,99.99,99.99,97,23,0.0,0.0,0.0,0.0,0.0,0,0,0,0
60225539,0,0,0,-17000,0,29.900002,3.1415925,4294967.5,3750000.2,99.99,99.99,97,16,0.0,0.0,0.0,0.0,0.0,0,0,0,0
60423463,0,0,0,-17000,0,29.967001,3.1415925,4294967.5,3750000.2,99.99,99.99,97,16,0.0,0.0,0.0,0.0,0.0,0,0,0,0
60623464,0,0,0,-17000,0,30.033,3.1415925,4294967.5,3750000.2,99.99,99.99,97,16,0.0,0.0,0.0,0.0,0.0,0,0,0,0
60824542,0,0,0,-17000,0,30.100002,3.1415925,4294967.5,3750000.2,99.99,99.99,97,16,0.0,0.0,0.0,0.0,0.0,0,0,0,0
61024460,0,0,0,-17000,0,30.166002,3.1415925,4294967.5,3750000.2,99.99,99.99,97,16,0.0,0.0,0.0,0.0,0.0,0,0,0,0
61224458,0,0,0,-17000,0,30.232002,3.1415925,4294967.5,3750000.2,99.99,99.99,97,30,0.0,0.0,0.0,0.0,0.0,0,0,0,0
61423473,0,0,0,-17000,0,30.299002,3.1415925,4294967.5,3750000.2,99.99,99.99,97,30,0.0,0.0,0.0,0.0,0.0,0,0,0,0
61624458,0,0,0,-17000,0,30.364002,3.1415925,4294967.5,3750000.2,99.99,99.99,97,30,0.0,0.0,0.0,0.0,0.0,0,0,0,0
61824724,0,0,0,-17000,0,30.430002,3.1415925,4294967.5,3750000.2,99.99,99.99,97,30,0.0,0.0,0.0,0.0,0.0,0,0,0,0
62023597,0,0,0,-17000,0,30.496002,3.1415925,4294967.5,3750000.2,99.99,99.99,97,30,0.0,0.0,0.0,0.0,0.0,0,0,0,0
62224751,0,0,0,-17000,0,30.561,3.1415925,4294967.5,3750000.2,99.99,99.99,97,37,0.0,0.0,0.0,0.0,0.0,0,0,0,0
62422482,0,0,0,-17000,0,30.627,3.1415925,4294967.5,3750000.2,99.99,99.99,97,37,0.0,0.0,0.0,0.0,0.0,0,0,0,0
62623539,0,0,0,-17000,0,30.692001,3.1415925,4294967.5,3750000.2,99.99,99.99,97,37,0.0,0.0,0.0,0.0,0.0,0,0,0,0
62823605,0,0,0,-17000,0,30.757002,3.1415925,4294967.5,3750000.2,99.99,99.99,97,37,0.0,0.0,0.0,0.0,0.0,0,0,0,0
63023505,0,0,0,-17000,0,30.822002,3.1415925,4294967.5,3750000.2,99.99,99.99,97,37,0.0,0.0,0.0,0.0,0.0,0,0,0,0
63223542,0,0,0,-17000,0,30.887001,3.1415925,4294967.5,3750000.2,99.99,99.99,97,20,0.0,0.0,0.0,0.0,0.0,0,0,0,0
63423462,0,0,0,-17000,0,30.952002,3.1415925,4294967.5,3750000.2,99.99,99.99,97,20,0.0,0.0,0.0,0.0,0.0,0,0,0,0
63624698,0,0,0,-17000,0,31.016,3.1415925,4294967.5,3750000.2,99.99,99.99,97,20,0.0,0.0,0.0,0.0,0.0,0,0,0,0
63824460,0,0,0,-17000,0,31.081001,3.1415925,4294967.5,3750000.2,99.99,99.99,97,20,0.0,0.0,0.0,0.0,0.0,0,0,0,0
64024502,0,0,0,-17000,0,31.145002,3.1415925,4294967.5,3750000.2,99.99,99.99,97,20,0.0,0.0,0.0,0.0,0.0,0,0,0,0
64225542,0,0,0,-17000,0,31.209002,3.1415925,4294967.5,3750000.2,99.99,99.99,97,26,0.0,0.0,0.0,0.0,0.0,0,0,0,0
64425613,0,0,0,-17000,0,31.273,3.1415925,4294967.5,3750000.2,99.99,99.99,97,26,0.0,0.0,0.0,0.0,0.0,0,0,0,0
64625531,0,0,0,-17000,0,31.337002,3.1415925,4294967.5,3750000.2,99.99,99.99,97,26,0.0,0.0,0.0,0.0,0.0,0,0,0,0
64822467,0,0,0,-17000,0,31.401001,3.1415925,4294967.5,3750000.2,99.99,99.99,97,26,0.0,0.0,0.0,0.0,0.0,0,0,0,0
65023463,0,0,0,-17000,0,31.464,3.1415925,4294967.5,3750000.2,99.99,99.99,97,26,0.0,0.0,0.0,0.0,0.0,0,0,0,0
65222648,0,0,0,-17000,0,31.528002,3.1415925,4294967.5,3750000.2,99.99,99.99,97,51,0.0,0.0,0.0,0.0,0.0,0,0,0,0
65426508,0,0,0,-17000,0,31.591002,3.1415925,4294967.5,3750000.2,99.99,99.99,97,51,0.0,0.0,0.0,0.0,0.0,0,0,0,0
65623537,0,0,0,-17000,0,31.654001,3.1415925,4294967.5,3750000.2,99.99,99.99,97,51,0.0,0.0,0.0,0.0,0.0,0,0,0,0
65823542,0,0,0,-17000,0,31.718002,3.1415925,4294967.5,3750000.2,99.99,99.99,97,51,0.0,0.0,0.0,0.0,0.0,0,0,0,0
66024460,0,0,0,-17000,0,31.78,3.1415925,4294967.5,3750000.2,99.99,99.99,97,51,0.0,0.0,0.0,0.0,0.0,0,0,0,0
66224459,0,0,0,-17000,0,31.843002,3.1415925,4294967.5,3750000.2,99.99,99.99,97,15,0.0,0.0,0.0,0.0,0.0,0,0,0,0
66424537,0,0,0,-17000,0,31.906002,3.1415925,4294967.5,3750000.2,99.99,99.99,97,15,0.0,0.0,0.0,0.0,0.0,0,0,0,0
66624466,0,0,0,-17000,0,31.969002,3.1415925,4294967.5,3750000.2,99.99,99.99,97,15,0.0,0.0,0.0,0.0,0.0,0,0,0,0
66824873,0,0,0,-17000,0,32.031002,3.1415925,4294967.5,3750000.2,99.99,99.99,97,15,0.0,0.0,0.0,0.0,0.0,0,0,0,0
67025044,0,0,0,-17000,0,32.094,3.1415925,4294967.5,3750000.2,99.99,99.99,97,15,0.0,0.0,0.0,0.0,0.0,0,0,0,0
67224474,0,0,0,-17000,0,32.156002,3.1415925,4294967.5,3750000.2,99.99,99.99,97,8,0.0,0.0,0.0,0.0,0.0,0,0,0,0
67425896,0,0,0,-17000,0,32.218002,3.1415925,4294967.5,3750000.2,99.99,99.99,97,8,0.0,0.0,0.0,0.0,0.0,0,0,0,0
67622465,0,0,0,-17000,0,32.280003,3.1415925,4294967.5,3750000.2,99.99,99.99,97,8,0.0,0.0,0.0,0.0,0.0,0,0,0,0
67823506,0,0,0,-17000,0,32.342003,3.1415925,4294967.5,3750000.2,99.99,99.99,97,8,0.0,0.0,0.0,0.0,0.0,0,0,0,0
68023488,0,0,0,-17000,0,32.404003,3.1415925,4294967.5,3750000.2,99.99,99.99,97,8,0.0,0.0,0.0,0.0,0.0,0,0,0,0
68223460,0,0,0,-17000,0,32.465,3.1415925,4294967.5,3750000.2,99.99,99.99,97,26,0.0,0.0,0.0,0.0,0.0,0,0,0,0
68424745,0,0,0,-17000,0,32.527,3.1415925,4294967.5,3750000.2,99.99,99.99,97,26,0.0,0.0,0.0,0.0,0.0,0,0,0,0
68624459,0,0,0,-17000,0,32.588,3.1415925,4294967.5,3750000.2,99.99,99.99,97,26,0.0,0.0,0.0,0.0,0.0,0,0,0,0
68824462,0,0,0,-17000,0,32.65,3.1415925,4294967.5,3750000.2,99.99,99.99,97,26,0.0,0.0,0.0,0.0,0.0,0,0,0,0
69025650,0,0,0,-17000,0,32.711002,3.1415925,4294967.5,3750000.2,99.99,99.99,97,26,0.0,0.0,0.0,0.0,0.0,0,0,0,0
69225528,0,0,0,-17000,0,32.772003,3.1415925,4294967.5,3750000.2,99.99,99.99,97,5,0.0,0.0,0.0,0.0,0.0,0,0,0,0
69425538,0,0,0,-17000,0,32.833,3.1415925,4294967.5,3750000.2,99.99,99.99,97,5,0.0,0.0,0.0,0.0,0.0,0,0,0,0
69625573,0,0,0,-17000,0,32.894,3.1415925,4294967.5,3750000.2,99.99,99.99,97,5,0.0,0.0,0.0,0.0,0.0,0,0,0,0
69823466,0,0,0,-17000,0,32.955,3.1415925,4294967.5,3750000.2,99.99,99.99,97,5,0.0,0.0,0.0,0.0,0.0,0,0,0,0
70023582,0,0,0,-17000,0,33.015003,3.1415925,4294967.5,3750000.2,99.99,99.99,97,5,0.0,0.0,0.0,0.0,0.0,0,0,0,0
70223463,0,0,0,-17000,0,33.076,3.1415925,4294967.5,3750000.2,99.99,99.99,97,10,0.0,0.0,0.0,0.0,0.0,0,0,0,0
70424463,0,0,0,-17000,0,33.136,3.1415925,4294967.5,3750000.2,99.99,99.99,97,10,0.0,0.0,0.0,0.0,0.0,0,0,0,0
70625690,0,0,0,-17000,0,33.196003,3.1415925,4294967.5,3750000.2,99.99,99.99,97,10,0.0,0.0,0.0,0.0,0.0,0,0,0,0
70823461,0,0,0,-17000,0,33.257,3.1415925,4294967.5,3750000.2,99.99,99.99,97,10,0.0,0.0,0.0,0.0,0.0,0,0,0,0
71024460,0,0,0,-17000,0,33.317,3.1415925,4294967.5,3750000.2,99.99,99.99,97,10,0.0,0.0,0.0,0.0,0.0,0,0,0,0
71224724,0,0,0,-17000,0,33.377003,3.1415925,4294967.5,3750000.2,99.99,99.99,97,5,0.0,0.0,0.0,0.0,0.0,0,0,0,0
71424460,0,0,0,-17000,0,33.437,3.1415925,4294967.5,3750000.2,99.99,99.99,97,5,0.0,0.0,0.0,0.0,0.0,0,0,0,0
71625562,0,0,0,-17000,0,33.496002,3.1415925,4294967.5,3750000.2,99.99,99.99,97,5,0.0,0.0,0.0,0.0,0.0,0,0,0,0
71825618,0,0,0,-17000,0,33.556,3.1415925,4294967.5,3750000.2,99.99,99.99,97,5,0.0,0.0,0.0,0.0,0.0,0,0,0,0
72024471,0,0,0,-17000,0,33.615,3.1415925,4294967.5,3750000.2,99.99,99.99,97,5,0.0,0.0,0.0,0.0,0.0,0,0,0,0
72223536,0,0,0,-17000,0,33.675003,3.1415925,4294967.5,3750000.2,99.99,99.99,97,4,0.0,0.0,0.0,0.0,0.0,0,0,0,0
72423609,0,0,0,-17000,0,33.734,3.1415925,4294967.5,3750000.2,99.99,99.99,97,4,0.0,0.0,0.0,0.0,0.0,0,0,0,0
72623464,0,0,0,-17000,0,33.793003,3.1415925,4294967.5,3750000.2,99.99,99.99,97,4,0.0,0.0,0.0,0.0,0.0,0,0,0,0
72823621,0,0,0,-17000,0,33.853,3.1415925,4294967.5,3750000.2,99.99,99.99,97,4,0.0,0.0,0.0,0.0,0.0,0,0,0,0
73023483,0,0,0,-17000,0,33.912003,3.1415925,4294967.5,3750000.2,99.99,99.99,97,4,0.0,0.0,0.0,0.0,0.0,0,0,0,0
73224469,0,0,0,-17000,0,33.971,3.1415925,4294967.5,3750000.2,99.99,99.99,97,11,0.0,0.0,0.0,0.0,0.0,0,0,0,0
73424460,0,0,0,-17000,0,34.029003,3.1415925,4294967.5,3750000.2,99.99,99.99,97,11,0.0,0.0,0.0,0.0,0.0,0,0,0,0
73623466,0,0,0,-17000,0,34.088,3.1415925,4294967.5,3750000.2,99.99,99.99,97,11,0.0,0.0,0.0,0.0,0.0,0,0,0,0
73824461,0,0,0,-17000,0,34.147003,3.1415925,4294967.5,3750000.2,99.99,99.99,97,11,0.0,0.0,0.0,0.0,0.0,0,0,0,0
74025488,0,0,0,-17000,0,34.205,3.1415925,4294967.5,3750000.2,99.99,99.99,97,11,0.0,0.0,0.0,0.0,0.0,0,0,0,0
74226463,0,0,0,-17000,0,34.264,3.1415925,4294967.5,3750000.2,99.99,99.99,98,11,0.0,0.0,0.0,0.0,0.0,0,0,0,0
74425539,0,0,0,-17000,0,34.322002,3.1415925,4294967.5,3750000.2,99.99,99.99,98,11,0.0,0.0,0.0,0.0,0.0,0,0,0,0
74626509,0,0,0,-17000,0,34.38,3.1415925,4294967.5,3750000.2,99.99,99.99,98,11,0.0,0.0,0.0,0.0,0.0,0,0,0,0
74826465,0,0,0,-17000,0,34.438004,3.1415925,4294967.5,3750000.2,99.99,99.99,98,11,0.0,0.0,0.0,0.0,0.0,0,0,0,0
75023609,0,0,0,-17000,0,34.496002,3.1415925,4294967.5,3750000.2,99.99,99.99,98,11,0.0,0.0,0.0,0.0,0.0,0,0,0,0
75223464,0,0,0,-17000,0,34.554,3.1415925,4294967.5,3750000.2,99.99,99.99,97,9,0.0,0.0,0.0,0.0,0.0,0,0,0,0
75423600,0,0,0,-17000,0,34.612003,3.1415925,4294967.5,3750000.2,99.99,99.99,97,9,0.0,0.0,0.0,0.0,0.0,0,0,0,0
75626614,0,0,0,-17000,0,34.670002,3.1415925,4294967.5,3750000.2,99.99,99.99,97,9,0.0,0.0,0.0,0.0,0.0,0,0,0,0
75826576,0,0,0,-17000,0,34.728,3.1415925,4294967.5,3750000.2,99.99,99.99,97,9,0.0,0.0,0.0,0.0,0.0,0,0,0,0
76024465,0,0,0,-17000,0,34.785,3.1415925,4294967.5,3750000.2,99.99,99.99,97,9,0.0,0.0,0.0,0.0,0.0,0,0,0,0
76224926,0,0,0,-17000,0,34.843002,3.1415925,4294967.5,3750000.2,99.99,99.99,97,9,0.0,0.0,0.0,0.0,0.0,0,0,0,0
76424535,0,0,0,-17000,0,34.9,3.1415925,4294967.5,3750000.2,99.99,99.99,97,9,0.0,0.0,0.0,0.0,0.0,0,0,0,0
76624507,0,0,0,-17000,0,34.957,3.1415925,4294967.5,3750000.2,99.99,99.99,97,9,0.0,0.0,0.0,0.0,0.0,0,0,0,0
76824869,0,0,0,-17000,0,35.014,3.1415925,4294967.5,3750000.2,99.99,99.99,97,9,0.0,0.0,0.0,0.0,0.0,0,0,0,0
77023466,0,0,0,-17000,0,35.071003,3.1415925,4294967.5,3750000.2,99.99,99.99,97,9,0.0,0.0,0.0,0.0,0.0,0,0,0,0
77225672,0,0,0,-17000,0,35.128002,3.1415925,4294967.5,3750000.2,99.99,99.99,98,8,0.0,0.0,0.0,0.0,0.0,0,0,0,0
77423568,0,0,0,-17000,0,35.185,3.1415925,4294967.5,3750000.2,99.99,99.99,98,8,0.0,0.0,0.0,0.0,0.0,0,0,0,0
77623461,0,0,0,-17000,0,35.242,3.1415925,4294967.5,3750000.2,99.99,99.99,98,8,0.0,0.0,0.0,0.0,0.0,0,0,0,0
77823466,0,0,0,-17000,0,35.299,3.1415925,4294967.5,3750000.2,99.99,99.99,98,8,0.0,0.0,0.0,0.0,0.0,0,0,0,0
78023475,0,0,0,-17000,0,35.355003,3.1415925,4294967.5,3750000.2,99.99,99.99,98,8,0.0,0.0,0.0,0.0,0.0,0,0,0,0
78224461,0,0,0,-17000,0,35.412003,3.1415925,4294967.5,3750000.2,99.99,99.99,98,17,0.0,0.0,0.0,0.0,0.0,0,0,0,0
78424469,0,0,0,-17000,0,35.468002,3.1415925,4294967.5,3750000.2,99.99,99.99,98,17,0.0,0.0,0.0,0.0,0.0,0,0,0,0
78625613,0,0,0,-17000,0,35.525,3.1415925,4294967.5,3750000.2,99.99,99.99,98,17,0.0,0.0,0.0,0.0,0.0,0,0,0,0
78824462,0,0,0,-17000,0,35.581,3.1415925,4294967.5,3750000.2,99.99,99.99,98,17,0.0,0.0,0.0,0.0,0.0,0,0,0,0
79022465,0,0,0,-17000,0,35.637,3.1415925,4294967.5,3750000.2,99.99,99.99,98,17,0.0,0.0,0.0,0.0,0.0,0,0,0,0
79224468,0,0,0,-17000,0,35.693,3.1415925,4294967.5,3750000.2,99.99,99.99,98,7,0.0,0.0,0.0,0.0,0.0,0,0,0,0
79423464,0,0,0,-17000,0,35.749,3.1415925,4294967.5,3750000.2,99.99,99.99,98,7,0.0,0.0,0.0,0.0,0.0,0,0,0,0
79623636,0,0,0,-17000,0,35.805,3.1415925,4294967.5,3750000.2,99.99,99.99,98,7,0.0,0.0,0.0,0.0,0.0,0,0,0,0
79824462,0,0,0,-17000,0,35.861,3.1415925,4294967.5,3750000.2,99.99,99.99,98,7,0.0,0.0,0.0,0.0,0.0,0,0,0,0
80023464,0,0,0,-17000,0,35.917,3.1415925,4294967.5,3750000.2,99.99,99.99,98,7,0.0,0.0,0.0,0.0,0.0,0,0,0,0
80223497,0,0,0,-17000,0,35.972,3.1415925,4294967.5,3750000.2,99.99,99.99,98,4,0.0,0.0,0.0,0.0,0.0,0,0,0,0
80424458,0,0,0,-17000,0,36.028,3.1415925,4294967.5,3750000.2,99.99,99.99,98,4,0.0,0.0,0.0,0.0,0.0,0,0,0,0
80624465,0,0,0,-17000,0,36.083,3.1415925,4294967.5,3750000.2,99.99,99.99,98,4,0.0,0.0,0.0,0.0,0.0,0,0,0,0
80824720,0,0,0,-17000,0,36.139,3.1415925,4294967.5,3750000.2,99.99,99.99,98,4,0.0,0.0,0.0,0.0,0.0,0,0,0,0
81025603,0,0,0,-17000,0,36.194,3.1415925,4294967.5,3750000.2,99.99,99.99,98,4,0.0,0.0,0.0,0.0,0.0,0,0,0,0
81225010,0,0,0,-17000,0,36.249,3.1415925,4294967.5,3750000.2,99.99,99.99,98,7,0.0,0.0,0.0,0.0,0.0,0,0,0,0
81424489,0,0,0,-17000,0,36.304,3.1415925,4294967.5,3750000.2,99.99,99.99,98,7,0.0,0.0,0.0,0.0,0.0,0,0,0,0
81626468,0,0,0,-17000,0,36.359,3.1415925,4294967.5,3750000.2,99.99,99.99,98,7,0.0,0.0,0.0,0.0,0.0,0,0,0,0
81825753,0,0,0,-17000,0,36.414,3.1415925,4294967.5,3750000.2,99.99,99.99,98,7,0.0,0.0,0.0,0.0,0.0,0,0,0,0
82025543,0,0,0,-17000,0,36.469,3.1415925,4294967.5,3750000.2,99.99,99.99,98,7,0.0,0.0,0.0,0.0,0.0,0,0,0,0
82223465,0,0,0,-17000,0,36.524002,3.1415925,4294967.5,3750000.2,99.99,99.99,98,4,0.0,0.0,0.0,0.0,0.0,0,0,0,0
82426070,0,0,0,-17000,0,36.579002,3.1415925,4294967.5,3750000.2,99.99,99.99,98,4,0.0,0.0,0.0,0.0,0.0,0,0,0,0
82623465,0,0,0,-17000,0,36.633003,3.1415925,4294967.5,3750000.2,99.99,99.99,98,4,0.0,0.0,0.0,0.0,0.0,0,0,0,0
82824536,0,0,0,-17000,0,36.688004,3.1415925,4294967.5,3750000.2,99.99,99.99,98,4,0.0,0.0,0.0,0.0,0.0,0,0,0,0
83024462,0,0,0,-17000,0,36.742,3.1415925,4294967.5,3750000.2,99.99,99.99,98,4,0.0,0.0,0.0,0.0,0.0,0,0,0,0
83224467,0,0,0,-17000,0,36.797,3.1415925,4294967.5,3750000.2,99.99,99.99,98,5,0.0,0.0,0.0,0.0,0.0,0,0,0,0
83425551,0,0,0,-17000,0,36.851,3.1415925,4294967.5,3750000.2,99.99,99.99,98,5,0.0,0.0,0.0,0.0,0.0,0,0,0,0
83624183,0,0,0,-17000,0,36.905003,3.1415925,4294967.5,3750000.2,99.99,99.99,98,5,0.0,0.0,0.0,0.0,0.0,0,0,0,0
83825575,0,0,0,-17000,0,36.959003,3.1415925,4294967.5,3750000.2,99.99,99.99,98,5,0.0,0.0,0.0,0.0,0.0,0,0,0,0
84026461,0,0,0,-17000,0,37.014,3.1415925,4294967.5,3750000.2,99.99,99.99,98,5,0.0,0.0,0.0,0.0,0.0,0,0,0,0
84225623,0,0,0,-17000,0,37.068,3.1415925,4294967.5,3750000.2,99.99,99.99,98,5,0.0,0.0,0.0,0.0,0.0,0,0,0,0
84423463,0,0,0,-17000,0,37.121002,3.1415925,4294967.5,3750000.2,99.99,99.99,98,5,0.0,0.0,0.0,0.0,0.0,0,0,0,0
84624461,0,0,0,-17000,0,37.175003,3.1415925,4294967.5,3750000.2,99.99,99.99,98,5,0.0,0.0,0.0,0.0,0.0,0,0,0,0
84827464,0,0,0,-17000,0,37.229,3.1415925,4294967.5,3750000.2,99.99,99.99,98,5,0.0,0.0,0.0,0.0,0.0,0,0,0,0
85024784,0,0,0,-17000,0,37.283,3.1415925,4294967.5,3750000.2,99.99,99.99,98,5,0.0,0.0,0.0,0.0,0.0,0,0,0,0
85224461,0,0,0,-17000,0,37.336002,3.1415925,4294967.5,3750000.2,99.99,99.99,98,5,0.0,0.0,0.0,0.0,0.0,0,0,0,0
85426764,0,0,0,-17000,0,37.390003,3.1415925,4294967.5,3750000.2,99.99,99.99,98,5,0.0,0.0,0.0,0.0,0.0,0,0,0,0
85624764,0,0,0,-17000,0,37.443,3.1415925,4294967.5,3750000.2,99.99,99.99,98,5,0.0,0.0,0.0,0.0,0.0,0,0,0,0
85824547,0,0,0,-17000,0,37.497,3.1415925,4294967.5,3750000.2,99.99,99.99,98,5,0.0,0.0,0.0,0.0,0.0,0,0,0,0
86024475,0,0,0,-17000,0,37.550003,3.1415925,4294967.5,3750000.2,99.99,99.99,98,5,0.0,0.0,0.0,0.0,0.0,0,0,0,0
86226459,0,0,0,-17000,0,37.603,3.1415925,4294967.5,3750000.2,99.99,99.99,98,8,0.0,0.0,0.0,0.0,0.0,0,0,0,0
86424899,0,0,0,-17000,0,37.656002,3.1415925,4294967.5,3750000.2,99.99,99.99,98,8,0.0,0.0,0.0,0.0,0.0,0,0,0,0
86623499,0,0,0,-17000,0,37.709003,3.1415925,4294967.5,3750000.2,99.99,99.99,98,8,0.0,0.0,0.0,0.0,0.0,0,0,0,0
86826330,0,0,0,-17000,0,37.762,3.1415925,4294967.5,3750000.2,99.99,99.99,98,8,0.0,0.0,0.0,0.0,0.0,0,0,0,0
87023498,0,0,0,-17000,0,37.815002,3.1415925,4294967.5,3750000.2,99.99,99.99,98,8,0.0,0.0,0.0,0.0,0.0,0,0,0,0
87223464,0,0,0,-17000,0,37.868,3.1415925,4294967.5,3750000.2,99.99,99.99,98,7,0.0,0.0,0.0,0.0,0.0,0,0,0,0
87424540,0,0,0,-17000,0,37.921,3.1415925,4294967.5,3750000.5,99.99,99.99,98,7,0.0,0.0,0.0,0.0,0.0,0,0,0,0
87624503,0,0,0,-17000,0,37.974003,3.1415925,4294967.5,3750000.5,99.99,99.99,98,7,0.0,0.0,0.0,0.0,0.0,0,0,0,0
87824753,0,0,0,-17000,0,38.026,3.1415925,4294967.5,3750000.5,99.99,99.99,98,7,0.0,0.0,0.0,0.0,0.0,0,0,0,0
88025856,0,0,0,-17000,0,38.079002,3.1415925,4294967.5,3750000.5,99.99,99.99,98,7,0.0,0.0,0.0,0.0,0.0,0,0,0,0
88224467,0,0,0,-17000,0,38.131,3.1415925,4294967.5,3750000.5,99.99,99.99,98,9,0.0,0.0,0.0,0.0,0.0,0,0,0,0
88425684,0,0,0,-17000,0,38.184002,3.1415925,4294967.5,3750000.5,99.99,99.99,98,9,0.0,0.0,0.0,0.0,0.0,0,0,0,0
88624465,0,0,0,-17000,0,38.236,3.1415925,4294967.5,3750000.5,99.99,99.99,98,9,0.0,0.0,0.0,0.0,0.0,0,0,0,0
88823509,0,0,0,-17000,0,38.288002,3.1415925,4294967.5,3750000.5,99.99,99.99,98,9,0.0,0.0,0.0,0.0,0.0,0,0,0,0
89024897,0,0,0,-17000,0,38.341003,3.1415925,4294967.5,3750000.5,99.99,99.99,98,9,0.0,0.0,0.0,0.0,0.0,0,0,0,0
89226461,0,0,0,-17000,0,38.393,3.1415925,4294967.5,3750000.5,99.99,99.99,98,3,0.0,0.0,0.0,0.0,0.0,0,0,0,0
89424462,0,0,0,-17000,0,38.445004,3.1415925,4294967.5,3750000.5,99.99,99.99,98,3,0.0,0.0,0.0,0.0,0.0,0,0,0,0
89625885,0,0,0,-17000,0,38.497,3.1415925,4294967.5,3750000.5,99.99,99.99,98,3,0.0,0.0,0.0,0.0,0.0,0,0,0,0
89824461,0,0,0,-17000,0,38.549004,3.1415925,4294967.5,3750000.5,99.99,99.99,98,3,0.0,0.0,0.0,0.0,0.0,0,0,0,0
90026574,0,0,0,-17000,0,38.601,3.1415925,4294967.5,3750000.5,99.99,99.99,98,3,0.0,0.0,0.0,0.0,0.0,0,0,0,0
90224462,0,0,0,-17000,0,38.652,3.1415925,4294967.5,3750000.5,99.99,99.99,98,8,0.0,0.0,0.0,0.0,0.0,0,0,0,0
90427634,0,0,0,-17000,0,38.704002,3.1415925,4294967.5,3750000.5,99.99,99.99,98,8,0.0,0.0,0.0,0.0,0.0,0,0,0,0
90625532,0,0,0,-17000,0,38.756,3.1415925,4294967.5,3750000.5,99.99,99.99,98,8,0.0,0.0,0.0,0.0,0.0,0,0,0,0
90825520,0,0,0,-17000,0,38.807003,3.1415925,4294967.5,3750000.5,99.99,99.99,98,8,0.0,0.0,0.0,0.0,0.0,0,0,0,0
91029614,0,0,0,-17000,0,38.859,3.1415925,4294967.5,3750000.5,99.99,99.99,98,8,0.0,0.0,0.0,0.0,0.0,0,0,0,0
91225994,0,0,0,-17000,0,38.910004,3.1415925,4294967.5,3750000.5,99.99,99.99,98,6,0.0,0.0,0.0,0.0,0.0,0,0,0,0
91425588,0,0,0,-17000,0,38.962,3.1415925,4294967.5,3750000.5,99.99,99.99,98,6,0.0,0.0,0.0,0.0,0.0,0,0,0,0
91627564,0,0,0,-17000,0,39.013,3.1415925,4294967.5,3750000.5,99.99,99.99,98,6,0.0,0.0,0.0,0.0,0.0,0,0,0,0
91824466,0,0,0,-17000,0,39.064003,3.1415925,4294967.5,3750000.5,99.99,99.99,98,6,0.0,0.0,0.0,0.0,0.0,0,0,0,0
92024538,0,0,0,-17000,0,39.115,3.1415925,4294967.5,3750000.5,99.99,99.99,98,6,0.0,0.0,0.0,0.0,0.0,0,0,0,0
92227157,0,0,0,-17000,0,39.166,3.1415925,4294967.5,3750000.5,99.99,99.99,98,4,0.0,0.0,0.0,0.0,0.0,0,0,0,0
92427613,0,0,0,-17000,0,39.217003,3.1415925,4294967.5,3750000.5,99.99,99.99,98,4,0.0,0.0,0.0,0.0,0.0,0,0,0,0
92624549,0,0,0,-17000,0,39.268,3.1415925,4294967.5,3750000.5,99.99,99.99,98,4,0.0,0.0,0.0,0.0,0.0,0,0,0,0
92825615,0,0,0,-17000,0,39.319,3.1415925,4294967.5,3750000.5,99.99,99.99,98,4,0.0,0.0,0.0,0.0,0.0,0,0,0,0
93025723,0,0,0,-17000,0,39.370003,3.1415925,4294967.5,3750000.5,99.99,99.99,98,4,0.0,0.0,0.0,0.0,0.0,0,0,0,0
93225522,0,0,0,-17000,0,39.421,3.1415925,4294967.5,3750000.5,99.99,99.99,98,6,0.0,0.0,0.0,0.0,0.0,0,0,0,0
93426463,0,0,0,-17000,0,39.472,3.1415925,4294967.5,3750000.5,99.99,99.99,98,6,0.0,0.0,0.0,0.0,0.0,0,0,0,0
93626550,0,0,0,-17000,0,39.522003,3.1415925,4294967.5,3750000.5,99.99,99.99,98,6,0.0,0.0,0.0,0.0,0.0,0,0,0,0
93826497,0,0,0,-17000,0,39.573,3.1415925,4294967.5,3750000.5,99.99,99.99,98,6,0.0,0.0,0.0,0.0,0.0,0,0,0,0
94026465,0,0,0,-17000,0,39.623,3.1415925,4294967.5,3750000.5,99.99,99.99,98,6,0.0,0.0,0.0,0.0,0.0,0,0,0,0
94226463,0,0,0,-17000,0,39.674004,3.1415925,4294967.5,3750000.5,99.99,99.99,98,12,0.0,0.0,0.0,0.0,0.0,0,0,0,0
94424463,0,0,0,-17000,0,39.724003,3.1415925,4294967.5,3750000.5,99.99,99.99,98,12,0.0,0.0,0.0,0.0,0.0,0,0,0,0
94627582,0,0,0,-17000,0,39.774002,3.1415925,4294967.5,3750000.5,99.99,99.99,98,12,0.0,0.0,0.0,0.0,0.0,0,0,0,0
94826721,0,0,0,-17000,0,39.825,3.1415925,4294967.5,3750000.5,99.99,99.99,98,12,0.0,0.0,0.0,0.0,0.0,0,0,0,0
95026660,0,0,0,-17000,0,39.875,3.1415925,4294967.5,3750000.5,99.99,99.99,98,12,0.0,0.0,0.0,0.0,0.0,0,0,0,0
95225532,0,0,0,-17000,0,39.925003,3.1415925,4294967.5,3750000.5,99.99,99.99,98,13,0.0,0.0,0.0,0.0,0.0,0,0,0,0
95425527,0,0,0,-17000,0,39.975002,3.1415925,4294967.5,3750000.5,99.99,99.99,98,13,0.0,0.0,0.0,0.0,0.0,0,0,0,0
95626488,0,0,0,-17000,0,40.025,3.1415925,4294967.5,3750000.5,99.99,99.99,98,13,0.0,0.0,0.0,0.0,0.0,0,0,0,0
95825645,0,0,0,-17000,0,40.075,3.1415925,4294967.5,3750000.5,99.99,99.99,98,13,0.0,0.0,0.0,0.0,0.0,0,0,0,0
96025767,0,0,0,-17000,0,40.125,3.1415925,4294967.5,3750000.5,99.99,99.99,98,13,0.0,0.0,0.0,0.0,0.0,0,0,0,0
96226497,0,0,0,-17000,0,40.175003,3.1415925,4294967.5,3750000.5,99.99,99.99,98,18,0.0,0.0,0.0,0.0,0.0,0,0,0,0
96425626,0,0,0,-17000,0,40.224003,3.1415925,4294967.5,3750000.5,99.99,99.99,98,18,0.0,0.0,0.0,0.0,0.0,0,0,0,0
96625719,0,0,0,-17000,0,40.274002,3.1415925,4294967.5,3750000.5,99.99,99.99,98,18,0.0,0.0,0.0,0.0,0.0,0,0,0,0
96826877,0,0,0,-17000,0,40.324,3.1415925,4294967.5,3750000.5,99.99,99.99,98,18,0.0,0.0,0.0,0.0,0.0,0,0,0,0
97024474,0,0,0,-17000,0,40.373,3.1415925,4294967.5,3750000.5,99.99,99.99,98,18,0.0,0.0,0.0,0.0,0.0,0,0,0,0
97224784,0,0,0,-17000,0,40.423,3.1415925,4294967.5,3750000.5,99.99,99.99,98,4,0.0,0.0,0.0,0.0,0.0,0,0,0,0
97424462,0,0,0,-17000,0,40.472,3.1415925,4294967.5,3750000.5,99.99,99.99,98,4,0.0,0.0,0.0,0.0,0.0,0,0,0,0
97625625,0,0,0,-17000,0,40.522003,3.1415925,4294967.5,3750000.5,99.99,99.99,98,4,0.0,0.0,0.0,0.0,0.0,0,0,0,0
97825599,0,0,0,-17000,0,40.571003,3.1415925,4294967.5,3750000.5,99.99,99.99,98,4,0.0,0.0,0.0,0.0,0.0,0,0,0,0
98025671,0,0,0,-17000,0,40.620003,3.1415925,4294967.5,3750000.5,99.99,99.99,98,4,0.0,0.0,0.0,0.0,0.0,0,0,0,0
98226650,0,0,0,-17000,0,40.669003,3.1415925,4294967.5,3750000.5,99.99,99.99,99,8,0.0,0.0,0.0,0.0,0.0,0,0,0,0
98425516,0,0,0,-17000,0,40.719,3.1415925,4294967.5,3750000.5,99.99,99.99,99,8,0.0,0.0,0.0,0.0,0.0,0,0,0,0
98626619,0,0,0,-17000,0,40.768,3.1415925,4294967.5,3750000.5,99.99,99.99,99,8,0.0,0.0,0.0,0.0,0.0,0,0,0,0
98826526,0,0,0,-17000,0,40.817,3.1415925,4294967.5,3750000.5,99.99,99.99,99,8,0.0,0.0,0.0,0.0,0.0,0,0,0,0
99026460,0,0,0,-17000,0,40.866,3.1415925,4294967.5,3750000.5,99.99,99.99,99,8,0.0,0.0,0.0,0.0,0.0,0,0,0,0
99226538,0,0,0,-17000,0,40.915,3.1415925,4294967.5,3750000.5,99.99,99.99,99,7,0.0,0.0,0.0,0.0,0.0,0,0,0,0
99424464,0,0,0,-17000,0,40.963,3.1415925,4294967.5,3750000.5,99.99,99.99,99,7,0.0,0.0,0.0,0.0,0.0,0,0,0,0
99626629,0,0,0,-17000,0,41.012,3.1415925,4294967.5,3750000.5,99.99,99.99,99,7,0.0,0.0,0.0,0.0,0.0,0,0,0,0
99826573,0,0,0,-17000,0,41.061,3.1415925,4294967.5,3750000.5,99.99,99.99,99,7,0.0,0.0,0.0,0.0,0.0,0,0,0,0
100026557,0,0,0,-17000,0,41.11,3.1415925,4294967.5,3750000.5,99.99,99.99,99,7,0.0,0.0,0.0,0.0,0.0,0,0,0,0
100225542,0,0,0,-17000,0,41.158,3.1415925,4294967.5,3750000.5,99.99,99.99,99,15,0.0,0.0,0.0,0.0,0.0,0,0,0,0
100427444,0,0,0,-17000,0,41.207,3.1415925,4294967.5,3750000.5,99.99,99.99,99,15,0.0,0.0,0.0,0.0,0.0,0,0,0,0
100626580,0,0,0,-17000,0,41.255,3.1415925,4294967.5,3750000.5,99.99,99.99,99,15,0.0,0.0,0.0,0.0,0.0,0,0,0,0
100824985,0,0,0,-17000,0,41.304,3.1415925,4294967.5,3750000.5,99.99,99.99,99,15,0.0,0.0,0.0,0.0,0.0,0,0,0,0
101026489,0,0,0,-17000,0,41.352,3.1415925,4294967.5,3750000.5,99.99,99.99,99,15,0.0,0.0,0.0,0.0,0.0,0,0,0,0
101225543,0,0,0,-17000,0,41.4,3.1415925,4294967.5,3750000.5,99.99,99.99,99,7,0.0,0.0,0.0,0.0,0.0,0,0,0,0
101425625,0,0,0,-17000,0,41.449,3.1415925,4294967.5,3750000.5,99.99,99.99,99,7,0.0,0.0,0.0,0.0,0.0,0,0,0,0
101624470,0,0,0,-17000,0,41.497,3.1415925,4294967.5,3750000.5,99.99,99.99,99,7,0.0,0.0,0.0,0.0,0.0,0,0,0,0
101824466,0,0,0,-17000,0,41.545002,3.1415925,4294967.5,3750000.5,99.99,99.99,99,7,0.0,0.0,0.0,0.0,0.0,0,0,0,0
102024464,0,0,0,-17000,0,41.593002,3.1415925,4294967.5,3750000.5,99.99,99.99,99,7,0.0,0.0,0.0,0.0,0.0,0,0,0,0
102224537,0,0,0,-17000,0,41.641003,3.1415925,4294967.5,3750000.5,99.99,99.99,99,9,0.0,0.0,0.0,0.0,0.0,0,0,0,0
102424463,0,0,0,-17000,0,41.689003,3.1415925,4294967.5,3750000.5,99.99,99.99,99,9,0.0,0.0,0.0,0.0,0.0,0,0,0,0
102625597,0,0,0,-17000,0,41.737003,3.1415925,4294967.5,3750000.5,99.99,99.99,99,9,0.0,0.0,0.0,0.0,0.0,0,0,0,0
102825510,0,0,0,-17000,0,41.785004,3.1415925,4294967.5,3750000.5,99.99,99.99,99,9,0.0,0.0,0.0,0.0,0.0,0,0,0,0
103025514,0,0,0,-17000,0,41.833,3.1415925,4294967.5,3750000.5,99.99,99.99,99,9,0.0,0.0,0.0,0.0,0.0,0,0,0,0
103226582,0,0,0,-17000,0,41.881,3.1415925,4294967.5,3750000.5,99.99,99.99,99,6,0.0,0.0,0.0,0.0,0.0,0,0,0,0
103425543,0,0,0,-17000,0,41.929,3.1415925,4294967.5,3750000.5,99.99,99.99,99,6,0.0,0.0,0.0,0.0,0.0,0,0,0,0
103626496,0,0,0,-17000,0,41.976,3.1415925,4294967.5,3750000.5,99.99,99.99,99,6,0.0,0.0,0.0,0.0,0.0,0,0,0,0
103825521,0,0,0,-17000,0,42.024002,3.1415925,4294967.5,3750000.5,99.99,99.99,99,6,0.0,0.0,0.0,0.0,0.0,0,0,0,0
104030545,0,0,0,-17000,0,42.071003,3.1415925,4294967.5,3750000.5,99.99,99.99,99,6,0.0,0.0,0.0,0.0,0.0,0,0,0,0
104224464,0,0,0,-17000,0,42.119003,3.1415925,4294967.5,3750000.5,99.99,99.99,99,6,0.0,0.0,0.0,0.0,0.0,0,0,0,0
104424464,0,0,0,-17000,0,42.166,3.1415925,4294967.5,3750000.5,99.99,99.99,99,6,0.0,0.0,0.0,0.0,0.0,0,0,0,0
104626804,0,0,0,-17000,0,42.214,3.1415925,4294967.5,3750000.5,99.99,99.99,99,6,0.0,0.0,0.0,0.0,0.0,0,0,0,0
104826590,0,0,0,-17000,0,42.261,3.1415925,4294967.5,3750000.5,99.99,99.99,99,6,0.0,0.0,0.0,0.0,0.0,0,0,0,0
105025539,0,0,0,-17000,0,42.308002,3.1415925,4294967.5,3750000.5,99.99,99.99,99,6,0.0,0.0,0.0,0.0,0.0,0,0,0,0
105225493,0,0,0,-17000,0,42.356003,3.1415925,4294967.5,3750000.5,99.99,99.99,99,7,0.0,0.0,0.0,0.0,0.0,0,0,0,0
105425492,0,0,0,-17000,0,42.403004,3.1415925,4294967.5,3750000.5,99.99,99.99,99,7,0.0,0.0,0.0,0.0,0.0,0,0,0,0
105626464,0,0,0,-17000,0,42.45,3.1415925,4294967.5,3750000.5,99.99,99.99,99,7,0.0,0.0,0.0,0.0,0.0,0,0,0,0
105826541,0,0,0,-17000,0,42.497,3.1415925,4294967.5,3750000.5,99.99,99.99,99,7,0.0,0.0,0.0,0.0,0.0,0,0,0,0
106026489,0,0,0,-17000,0,42.544003,3.1415925,4294967.5,3750000.5,99.99,99.99,99,7,0.0,0.0,0.0,0.0,0.0,0,0,0,0
106227457,0,0,0,-17000,0,42.591003,3.1415925,4294967.5,3750000.5,99.99,99.99,99,4,0.0,0.0,0.0,0.0,0.0,0,0,0,0
106426604,0,0,0,-17000,0,42.638,3.1415925,4294967.5,3750000.5,99.99,99.99,99,4,0.0,0.0,0.0,0.0,0.0,0,0,0,0
106626521,0,0,0,-17000,0,42.685,3.1415925,4294967.5,3750000.5,99.99,99.99,99,4,0.0,0.0,0.0,0.0,0.0,0,0,0,0
106826715,0,0,0,-17000,0,42.732002,3.1415925,4294967.5,3750000.5,99.99,99.99,99,4,0.0,0.0,0.0,0.0,0.0,0,0,0,0
107027349,0,0,0,-17000,0,42.779003,3.1415925,4294967.5,3750000.5,99.99,99.99,99,4,0.0,0.0,0.0,0.0,0.0,0,0,0,0
107227982,0,0,0,-17000,0,42.825,3.1415925,4294967.5,3750000.5,99.99,99.99,99,6,0.0,0.0,0.0,0.0,0.0,0,0,0,0
107427741,0,0,0,-17000,0,42.872,3.1415925,4294967.5,3750000.5,99.99,99.99,99,6,0.0,0.0,0.0,0.0,0.0,0,0,0,0
107625670,0,0,0,-17000,0,42.919003,3.1415925,4294967.5,3750000.5,99.99,99.99,99,6,0.0,0.0,0.0,0.0,0.0,0,0,0,0
107825641,0,0,0,-17000,0,42.965,3.1415925,4294967.5,3750000.5,99.99,99.99,99,6,0.0,0.0,0.0,0.0,0.0,0,0,0,0
108025547,0,0,0,-17000,0,43.012,3.1415925,4294967.5,3750000.5,99.99,99.99,99,6,0.0,0.0,0.0,0.0,0.0,0,0,0,0
108225598,0,0,0,-17000,0,43.058002,3.1415925,4294967.5,3750000.5,99.99,99.99,99,6,0.0,0.0,0.0,0.0,0.0,0,0,0,0
108425547,0,0,0,-17000,0,43.105003,3.1415925,4294967.5,3750000.5,99.99,99.99,99,6,0.0,0.0,0.0,0.0,0.0,0,0,0,0
108626544,0,0,0,-17000,0,43.151,3.1415925,4294967.5,3750000.5,99.99,99.99,99,6,0.0,0.0,0.0,0.0,0.0,0,0,0,0
108826476,0,0,0,-17000,0,43.197002,3.1415925,4294967.5,3750000.5,99.99,99.99,99,6,0.0,0.0,0.0,0.0,0.0,0,0,0,0
109026594,0,0,0,-17000,0,43.243004,3.1415925,4294967.5,3750000.5,99.99,99.99,99,6,0.0,0.0,0.0,0.0,0.0,0,0,0,0
109226635,0,0,0,-17000,0,43.29,3.1415925,4294967.5,3750000.5,99.99,99.99,99,5,0.0,0.0,0.0,0.0,0.0,0,0,0,0
109426461,0,0,0,-17000,0,43.336002,3.1415925,4294967.5,3750000.5,99.99,99.99,99,5,0.0,0.0,0.0,0.0,0.0,0,0,0,0
109626637,0,0,0,-17000,0,43.382004,3.1415925,4294967.5,3750000.5,99.99,99.99,99,5,0.0,0.0,0.0,0.0,0.0,0,0,0,0
109826813,0,0,0,-17000,0,43.428,3.1415925,4294967.5,3750000.5,99.99,99.99,99,5,0.0,0.0,0.0,0.0,0.0,0,0,0,0
110025542,0,0,0,-17000,0,43.474003,3.1415925,4294967.5,3750000.5,99.99,99.99,99,5,0.0,0.0,0.0,0.0,0.0,0,0,0,0
110225502,0,0,0,-17000,0,43.52,3.1415925,4294967.5,3750000.5,99.99,99.99,99,4,0.0,0.0,0.0,0.0,0.0,0,0,0,0
110426461,0,0,0,-17000,0,43.566,3.1415925,4294967.5,3750000.5,99.99,99.99,99,4,0.0,0.0,0.0,0.0,0.0,0,0,0,0
110626464,0,0,0,-17000,0,43.612003,3.1415925,4294967.5,3750000.5,99.99,99.99,99,4,0.0,0.0,0.0,0.0,0.0,0,0,0,0
110831490,0,0,0,-17000,0,43.658,3.1415925,4294967.5,3750000.5,99.99,99.99,99,4,0.0,0.0,0.0,0.0,0.0,0,0,0,0
111025811,0,0,0,-17000,0,43.704002,3.1415925,4294967.5,3750000.5,99.99,99.99,99,4,0.0,0.0,0.0,0.0,0.0,0,0,0,0
111227531,0,0,0,-17000,0,43.749,3.1415925,4294967.5,3750000.5,99.99,99.99,99,7,0.0,0.0,0.0,0.0,0.0,0,0,0,0
111426636,0,0,0,-17000,0,43.795002,3.1415925,4294967.5,3750000.5,99.99,99.99,99,7,0.0,0.0,0.0,0.0,0.0,0,0,0,0
111624463,0,0,0,-17000,0,43.841003,3.1415925,4294967.5,3750000.5,99.99,99.99,99,7,0.0,0.0,0.0,0.0,0.0,0,0,0,0
111826735,0,0,0,-17000,0,43.886,3.1415925,4294967.5,3750000.5,99.99,99.99,99,7,0.0,0.0,0.0,0.0,0.0,0,0,0,0
112026810,0,0,0,-17000,0,43.932003,3.1415925,4294967.5,3750000.5,99.99,99.99,99,7,0.0,0.0,0.0,0.0,0.0,0,0,0,0
112226734,0,0,0,-17000,0,43.977,3.1415925,4294967.5,3750000.5,99.99,99.99,99,7,0.0,0.0,0.0,0.0,0.0,0,0,0,0
112425745,0,0,0,-17000,0,44.023003,3.1415925,4294967.5,3750000.5,99.99,99.99,99,7,0.0,0.0,0.0,0.0,0.0,0,0,0,0
112625514,0,0,0,-17000,0,44.068,3.1415925,4294967.5,3750000.5,99.99,99.99,99,7,0.0,0.0,0.0,0.0,0.0,0,0,0,0
112825703,0,0,0,-17000,0,44.113003,3.1415925,4294967.5,3750000.5,99.99,99.99,99,7,0.0,0.0,0.0,0.0,0.0,0,0,0,0
113025536,0,0,0,-17000,0,44.159,3.1415925,4294967.5,3750000.5,99.99,99.99,99,7,0.0,0.0,0.0,0.0,0.0,0,0,0,0
113225581,0,0,0,-17000,0,44.204002,3.1415925,4294967.5,3750000.5,99.99,99.99,99,7,0.0,0.0,0.0,0.0,0.0,0,0,0,0
113426460,0,0,0,-17000,0,44.249,3.1415925,4294967.5,3750000.5,99.99,99.99,99,7,0.0,0.0,0.0,0.0,0.0,0,0,0,0
113626458,0,0,0,-17000,0,44.294003,3.1415925,4294967.5,3750000.5,99.99,99.99,99,7,0.0,0.0,0.0,0.0,0.0,0,0,0,0
113826479,0,0,0,-17000,0,44.340004,3.1415925,4294967.5,3750000.5,99.99,99.99,99,7,0.0,0.0,0.0,0.0,0.0,0,0,0,0
114027583,0,0,0,-17000,0,44.385002,3.1415925,4294967.5,3750000.5,99.99,99.99,99,7,0.0,0.0,0.0,0.0,0.0,0,0,0,0
114227489,0,0,0,-17000,0,44.43,3.1415925,4294967.5,3750000.5,99.99,99.99,99,5,0.0,0.0,0.0,0.0,0.0,0,0,0,0
114424464,0,0,0,-17000,0,44.475002,3.1415925,4294967.5,3750000.8,99.99,99.99,99,5,0.0,0.0,0.0,0.0,0.0,0,0,0,0
114626588,0,0,0,-17000,0,44.52,3.1415925,4294967.5,3750000.8,99.99,99.99,99,5,0.0,0.0,0.0,0.0,0.0,0,0,0,0
114825516,0,0,0,-17000,0,44.565002,3.1415925,4294967.5,3750000.8,99.99,99.99,99,5,0.0,0.0,0.0,0.0,0.0,0,0,0,0
115025542,0,0,0,-17000,0,44.609,3.1415925,4294967.5,3750000.8,99.99,99.99,99,5,0.0,0.0,0.0,0.0,0.0,0,0,0,0
115229611,0,0,0,-17000,0,44.654003,3.1415925,4294967.5,3750000.8,99.99,99.99,99,5,0.0,0.0,0.0,0.0,0.0,0,0,0,0
115426462,0,0,0,-17000,0,44.699,3.1415925,4294967.5,3750000.8,99.99,99.99,99,5,0.0,0.0,0.0,0.0,0.0,0,0,0,0
115626546,0,0,0,-17000,0,44.744003,3.1415925,4294967.5,3750000.8,99.99,99.99,99,5,0.0,0.0,0.0,0.0,0.0,0,0,0,0
115827457,0,0,0,-17000,0,44.788002,3.1415925,4294967.5,3750000.8,99.99,99.99,99,5,0.0,0.0,0.0,0.0,0.0,0,0,0,0
116026559,0,0,0,-17000,0,44.833004,3.1415925,4294967.5,3750000.8,99.99,99.99,99,5,0.0,0.0,0.0,0.0,0.0,0,0,0,0
116226482,0,0,0,-17000,0,44.878002,3.1415925,4294967.5,3750000.8,99.99,99.99,98,10,0.0,0.0,0.0,0.0,0.0,0,0,0,0
116427579,0,0,0,-17000,0,44.922,3.1415925,4294967.5,3750000.8,99.99,99.99,98,10,0.0,0.0,0.0,0.0,0.0,0,0,0,0
116627516,0,0,0,-17000,0,44.967003,3.1415925,4294967.5,3750000.8,99.99,99.99,98,10,0.0,0.0,0.0,0.0,0.0,0,0,0,0
116827688,0,0,0,-17000,0,45.011,3.1415925,4294967.5,3750000.8,99.99,99.99,98,10,0.0,0.0,0.0,0.0,0.0,0,0,0,0
117028280,0,0,0,-17000,0,45.056004,3.1415925,4294967.5,3750000.8,99.99,99.99,98,10,0.0,0.0,0.0,0.0,0.0,0,0,0,0
117228338,0,0,0,-17000,0,45.100002,3.1415925,4294967.5,3750000.8,99.99,99.99,98,9,0.0,0.0,0.0,0.0,0.0,0,0,0,0
117427725,0,0,0,-17000,0,45.144,3.1415925,4294967.5,3750000.8,99.99,99.99,98,9,0.0,0.0,0.0,0.0,0.0,0,0,0,0
117627940,0,0,0,-17000,0,45.188004,3.1415925,4294967.5,3750000.8,99.99,99.99,98,9,0.0,0.0,0.0,0.0,0.0,0,0,0,0
117826623,0,0,0,-17000,0,45.233,3.1415925,4294967.5,3750000.8,99.99,99.99,98,9,0.0,0.0,0.0,0.0,0.0,0,0,0,0
118025676,0,0,0,-17000,0,45.277,3.1415925,4294967.5,3750000.8,99.99,99.99,98,9,0.0,0.0,0.0,0.0,0.0,0,0,0,0
118226635,0,0,0,-17000,0,45.321003,3.1415925,4294967.5,3750000.8,99.99,99.99,98,8,0.0,0.0,0.0,0.0,0.0,0,0,0,0
118426519,0,0,0,-17000,0,45.365,3.1415925,4294967.5,3750000.8,99.99,99.99,98,8,0.0,0.0,0.0,0.0,0.0,0,0,0,0
118626460,0,0,0,-17000,0,45.409,3.1415925,4294967.5,3750000.8,99.99,99.99,98,8,0.0,0.0,0.0,0.0,0.0,0,0,0,0
118827458,0,0,0,-17000,0,45.453003,3.1415925,4294967.5,3750000.8,99.99,99.99,98,8,0.0,0.0,0.0,0.0,0.0,0,0,0,0
119027458,0,0,0,-17000,0,45.497,3.1415925,4294967.5,3750000.8,99.99,99.99,98,8,0.0,0.0,0.0,0.0,0.0,0,0,0,0
119227500,0,0,0,-17000,0,45.541,3.1415925,4294967.5,3750000.8,99.99,99.99,98,5,0.0,0.0,0.0,0.0,0.0,0,0,0,0
119428456,0,0,0,-17000,0,45.585003,3.1415925,4294967.5,3750000.8,99.99,99.99,98,5,0.0,0.0,0.0,0.0,0.0,0,0,0,0
120429604,0,0,0,-17000,0,45.804,3.1415925,4294967.5,3750000.8,99.99,99.99,98,4,0.0,0.0,0.0,0.0,0.0,0,0,0,0
120626584,0,0,0,-17000,0,45.848003,3.1415925,4294967.5,3750000.8,99.99,99.99,98,4,0.0,0.0,0.0,0.0,0.0,0,0,0,0
120827500,0,0,0,-17000,0,45.891003,3.1415925,4294967.5,3750000.8,99.99,99.99,98,4,0.0,0.0,0.0,0.0,0.0,0,0,0,0
121027458,0,0,0,-17000,0,45.935,3.1415925,4294967.5,3750000.8,99.99,99.99,98,4,0.0,0.0,0.0,0.0,0.0,0,0,0,0
121225838,0,0,0,-17000,0,45.978,3.1415925,4294967.5,3750000.8,99.99,99.99,98,4,0.0,0.0,0.0,0.0,0.0,0,0,0,0
121427460,0,0,0,-17000,0,46.022003,3.1415925,4294967.5,3750000.8,99.99,99.99,98,4,0.0,0.0,0.0,0.0,0.0,0,0,0,0
121628474,0,0,0,-17000,0,46.065002,3.1415925,4294967.5,3750000.8,99.99,99.99,98,4,0.0,0.0,0.0,0.0,0.0,0,0,0,0
121827316,0,0,0,-17000,0,46.109,3.1415925,4294967.5,3750000.8,99.99,99.99,98,4,0.0,0.0,0.0,0.0,0.0,0,0,0,0
122026792,0,0,0,-17000,0,46.152,3.1415925,4294967.5,3750000.8,99.99,99.99,98,4,0.0,0.0,0.0,0.0,0.0,0,0,0,0
122227645,0,0,0,-17000,0,46.195004,3.1415925,4294967.5,3750000.8,99.99,99.99,98,9,0.0,0.0,0.0,0.0,0.0,0,0,0,0
122425705,0,0,0,-17000,0,46.239002,3.1415925,4294967.5,3750000.8,99.99,99.99,98,9,0.0,0.0,0.0,0.0,0.0,0,0,0,0
122624464,0,0,0,-17000,0,46.282,3.1415925,4294967.5,3750000.8,99.99,99.99,98,9,0.0,0.0,0.0,0.0,0.0,0,0,0,0
122826604,0,0,0,-17000,0,46.325,3.1415925,4294967.5,3750000.8,99.99,99.99,98,9,0.0,0.0,0.0,0.0,0.0,0,0,0,0
123025542,0,0,0,-17000,0,46.368004,3.1415925,4294967.5,3750000.8,99.99,99.99,98,9,0.0,0.0,0.0,0.0,0.0,0,0,0,0
123225540,0,0,0,-17000,0,46.411003,3.1415925,4294967.5,3750000.8,99.99,99.99,98,4,0.0,0.0,0.0,0.0,0.0,0,0,0,0
123426468,0,0,0,-17000,0,46.454002,3.1415925,4294967.5,3750000.8,99.99,99.99,98,4,0.0,0.0,0.0,0.0,0.0,0,0,0,0
123627535,0,0,0,-17000,0,46.497,3.1415925,4294967.5,3750000.8,99.99,99.99,98,4,0.0,0.0,0.0,0.0,0.0,0,0,0,0
123826572,0,0,0,-17000,0,46.54,3.1415925,4294967.5,3750000.8,99.99,99.99,98,4,0.0,0.0,0.0,0.0,0.0,0,0,0,0
124027464,0,0,0,-17000,0,46.583004,3.1415925,4294967.5,3750000.8,99.99,99.99,98,4,0.0,0.0,0.0,0.0,0.0,0,0,0,0
124226471,0,0,0,-17000,0,46.626003,3.1415925,4294967.5,3750000.8,99.99,99.99,98,4,0.0,0.0,0.0,0.0,0.0,0,0,0,0
124426757,0,0,0,-17000,0,46.669003,3.1415925,4294967.5,3750000.8,99.99,99.99,98,4,0.0,0.0,0.0,0.0,0.0,0,0,0,0
124626595,0,0,0,-17000,0,46.712,3.1415925,4294967.5,3750000.8,99.99,99.99,98,4,0.0,0.0,0.0,0.0,0.0,0,0,0,0
124825520,0,0,0,-17000,0,46.755,3.1415925,4294967.5,3750000.8,99.99,99.99,98,4,0.0,0.0,0.0,0.0,0.0,0,0,0,0
125025539,0,0,0,-17000,0,46.797,3.1415925,4294967.5,3750000.8,99.99,99.99,98,4,0.0,0.0,0.0,0.0,0.0,0,0,0,0
125225493,0,0,0,-17000,0,46.840004,3.1415925,4294967.5,3750000.8,99.99,99.99,98,3,0.0,0.0,0.0,0.0,0.0,0,0,0,0
125429553,0,0,0,-17000,0,46.883003,3.1415925,4294967.5,3750000.8,99.99,99.99,98,3,0.0,0.0,0.0,0.0,0.0,0,0,0,0
125626461,0,0,0,-17000,0,46.925003,3.1415925,4294967.5,3750000.8,99.99,99.99,98,3,0.0,0.0,0.0,0.0,0.0,0,0,0,0
125826497,0,0,0,-17000,0,46.968002,3.1415925,4294967.5,3750000.8,99.99,99.99,98,3,0.0,0.0,0.0,0.0,0.0,0,0,0,0
126026551,0,0,0,-17000,0,47.011,3.1415925,4294967.5,3750000.8,99.99,99.99,98,3,0.0,0.0,0.0,0.0,0.0,0,0,0,0
126227458,0,0,0,-17000,0,47.053,3.1415925,4294967.5,3750000.8,99.99,99.99,98,8,0.0,0.0,0.0,0.0,0.0,0,0,0,0
126426794,0,0,0,-17000,0,47.096,3.1415925,4294967.5,3750000.8,99.99,99.99,98,8,0.0,0.0,0.0,0.0,0.0,0,0,0,0
126626514,0,0,0,-17000,0,47.138,3.1415925,4294967.5,3750000.8,99.99,99.99,98,8,0.0,0.0,0.0,0.0,0.0,0,0,0,0
126827985,0,0,0,-17000,0,47.181004,3.1415925,4294967.5,3750000.8,99.99,99.99,98,8,0.0,0.0,0.0,0.0,0.0,0,0,0,0
127027331,0,0,0,-17000,0,47.223003,3.1415925,4294967.5,3750000.8,99.99,99.99,98,8,0.0,0.0,0.0,0.0,0.0,0,0,0,0
127226848,0,0,0,-17000,0,47.265003,3.1415925,4294967.5,3750000.8,99.99,99.99,98,9,0.0,0.0,0.0,0.0,0.0,0,0,0,0
127425591,0,0,0,-17000,0,47.308002,3.1415925,4294967.5,3750000.8,99.99,99.99,98,9,0.0,0.0,0.0,0.0,0.0,0,0,0,0
127625681,0,0,0,-17000,0,47.350002,3.1415925,4294967.5,3750000.8,99.99,99.99,98,9,0.0,0.0,0.0,0.0,0.0,0,0,0,0
127825578,0,0,0,-17000,0,47.392002,3.1415925,4294967.5,3750000.8,99.99,99.99,98,9,0.0,0.0,0.0,0.0,0.0,0,0,0,0
128025643,0,0,0,-17000,0,47.434002,3.1415925,4294967.5,3750000.8,99.99,99.99,98,9,0.0,0.0,0.0,0.0,0.0,0,0,0,0
128225519,0,0,0,-17000,0,47.476,3.1415925,4294967.5,3750000.8,99.99,99.99,98,5,0.0,0.0,0.0,0.0,0.0,0,0,0,0
128426476,0,0,0,-17000,0,47.518,3.1415925,4294967.5,3750000.8,99.99,99.99,98,5,0.0,0.0,0.0,0.0,0.0,0,0,0,0
128626470,0,0,0,-17000,0,47.56,3.1415925,4294967.5,3750000.8,99.99,99.99,98,5,0.0,0.0,0.0,0.0,0.0,0,0,0,0
128827464,0,0,0,-17000,0,47.603,3.1415925,4294967.5,3750000.8,99.99,99.99,98,5,0.0,0.0,0.0,0.0,0.0,0,0,0,0
129026481,0,0,0,-17000,0,47.645,3.1415925,4294967.5,3750000.8,99.99,99.99,98,5,0.0,0.0,0.0,0.0,0.0,0,0,0,0
129226545,0,0,0,-17000,0,47.686,3.1415925,4294967.5,3750000.8,99.99,99.99,98,7,0.0,0.0,0.0,0.0,0.0,0,0,0,0
129426627,0,0,0,-17000,0,47.728,3.1415925,4294967.5,3750000.8,99.99,99.99,98,7,0.0,0.0,0.0,0.0,0.0,0,0,0,0
129626692,0,0,0,-17000,0,47.77,3.1415925,4294967.5,3750000.8,99.99,99.99,98,7,0.0,0.0,0.0,0.0,0.0,0,0,0,0
129825522,0,0,0,-17000,0,47.812004,3.1415925,4294967.5,3750000.8,99.99,99.99,98,7,0.0,0.0,0.0,0.0,0.0,0,0,0,0
130029480,0,0,0,-17000,0,47.854004,3.1415925,4294967.5,3750000.8,99.99,99.99,98,7,0.0,0.0,0.0,0.0,0.0,0,0,0,0
130225519,0,0,0,-17000,0,47.896004,3.1415925,4294967.5,3750000.8,99.99,99.99,98,11,0.0,0.0,0.0,0.0,0.0,0,0,0,0
130425662,0,0,0,-17000,0,47.937004,3.1415925,4294967.5,3750000.8,99.99,99.99,98,11,0.0,0.0,0.0,0.0,0.0,0,0,0,0
130629555,0,0,0,-17000,0,47.979004,3.1415925,4294967.5,3750000.8,99.99,99.99,98,11,0.0,0.0,0.0,0.0,0.0,0,0,0,0
130825797,0,0,0,-17000,0,48.021004,3.1415925,4294967.5,3750000.8,99.99,99.99,98,11,0.0,0.0,0.0,0.0,0.0,0,0,0,0
131026580,0,0,0,-17000,0,48.062004,3.1415925,4294967.5,3750000.8,99.99,99.99,98,11,0.0,0.0,0.0,0.0,0.0,0,0,0,0
131227460,0,0,0,-17000,0,48.104004,3.1415925,4294967.5,3750000.8,99.99,99.99,98,10,0.0,0.0,0.0,0.0,0.0,0,0,0,0
131427260,0,0,0,-17000,0,48.146004,3.1415925,4294967.5,3750000.8,99.99,99.99,98,10,0.0,0.0,0.0,0.0,0.0,0,0,0,0
131627463,0,0,0,-17000,0,48.187004,3.1415925,4294967.5,3750000.8,99.99,99.99,98,10,0.0,0.0,0.0,0.0,0.0,0,0,0,0
131827460,0,0,0,-17000,0,48.229004,3.1415925,4294967.5,3750000.8,99.99,99.99,98,10,0.0,0.0,0.0,0.0,0.0,0,0,0,0
132027577,0,0,0,-17000,0,48.27,3.1415925,4294967.5,3750000.8,99.99,99.99,98,10,0.0,0.0,0.0,0.0,0.0,0,0,0,0
132227267,0,0,0,-17000,0,48.311,3.1415925,4294967.5,3750000.8,99.99,99.99,98,8,0.0,0.0,0.0,0.0,0.0,0,0,0,0
132428734,0,0,0,-17000,0,48.353,3.1415925,4294967.5,3750000.8,99.99,99.99,98,8,0.0,0.0,0.0,0.0,0.0,0,0,0,0
132625877,0,0,0,-17000,0,48.394,3.1415925,4294967.5,3750000.8,99.99,99.99,98,8,0.0,0.0,0.0,0.0,0.0,0,0,0,0
132825607,0,0,0,-17000,0,48.436,3.1415925,4294967.5,3750000.8,99.99,99.99,98,8,0.0,0.0,0.0,0.0,0.0,0,0,0,0
133025618,0,0,0,-17000,0,48.477,3.1415925,4294967.5,3750000.8,99.99,99.99,98,8,0.0,0.0,0.0,0.0,0.0,0,0,0,0
133226629,0,0,0,-17000,0,48.518,3.1415925,4294967.5,3750000.8,99.99,99.99,98,6,0.0,0.0,0.0,0.0,0.0,0,0,0,0
133426483,0,0,0,-17000,0,48.559002,3.1415925,4294967.5,3750000.8,99.99,99.99,98,6,0.0,0.0,0.0,0.0,0.0,0,0,0,0
133626465,0,0,0,-17000,0,48.600002,3.1415925,4294967.5,3750000.8,99.99,99.99,98,6,0.0,0.0,0.0,0.0,0.0,0,0,0,0
133827628,0,0,0,-17000,0,48.642002,3.1415925,4294967.5,3750000.8,99.99,99.99,98,6,0.0,0.0,0.0,0.0,0.0,0,0,0,0
134027466,0,0,0,-17000,0,48.683002,3.1415925,4294967.5,3750000.8,99.99,99.99,98,6,0.0,0.0,0.0,0.0,0.0,0,0,0,0
134227493,0,0,0,-17000,0,48.724003,3.1415925,4294967.5,3750000.8,99.99,99.99,98,4,0.0,0.0,0.0,0.0,0.0,0,0,0,0
134426555,0,0,0,-17000,0,48.765003,3.1415925,4294967.5,3750001.0,99.99,99.99,98,4,0.0,0.0,0.0,0.0,0.0,0,0,0,0
134628720,0,0,0,-17000,0,48.806004,3.1415925,4294967.5,3750001.0,99.99,99.99,98,4,0.0,0.0,0.0,0.0,0.0,0,0,0,0
134827637,0,0,0,-17000,0,48.847004,3.1415925,4294967.5,3750001.0,99.99,99.99,98,4,0.0,0.0,0.0,0.0,0.0,0,0,0,0
135027910,0,0,0,-17000,0,48.888,3.1415925,4294967.5,3750001.0,99.99,99.99,98,4,0.0,0.0,0.0,0.0,0.0,0,0,0,0
135227558,0,0,0,-17000,0,48.929,3.1415925,4294967.5,3750001.0,99.99,99.99,98,8,0.0,0.0,0.0,0.0,0.0,0,0,0,0
135426461,0,0,0,-17000,0,48.969,3.1415925,4294967.5,3750001.0,99.99,99.99,98,8,0.0,0.0,0.0,0.0,0.0,0,0,0,0
135626537,0,0,0,-17000,0,49.010002,3.1415925,4294967.5,3750001.0,99.99,99.99,98,8,0.0,0.0,0.0,0.0,0.0,0,0,0,0
135826543,0,0,0,-17000,0,49.051003,3.1415925,4294967.5,3750001.0,99.99,99.99,98,8,0.0,0.0,0.0,0.0,0.0,0,0,0,0
136026539,0,0,0,-17000,0,49.092003,3.1415925,4294967.5,3750001.0,99.99,99.99,98,8,0.0,0.0,0.0,0.0,0.0,0,0,0,0
136227713,0,0,0,-17000,0,49.132004,3.1415925,4294967.5,3750001.0,99.99,99.99,98,7,0.0,0.0,0.0,0.0,0.0,0,0,0,0
136429599,0,0,0,-17000,0,49.173004,3.1415925,4294967.5,3750001.0,99.99,99.99,98,7,0.0,0.0,0.0,0.0,0.0,0,0,0,0
136627536,0,0,0,-17000,0,49.214,3.1415925,4294967.5,3750001.0,99.99,99.99,98,7,0.0,0.0,0.0,0.0,0.0,0,0,0,0
136827136,0,0,0,-17000,0,49.254,3.1415925,4294967.5,3750001.0,99.99,99.99,98,7,0.0,0.0,0.0,0.0,0.0,0,0,0,0
137027508,0,0,0,-17000,0,49.295002,3.1415925,4294967.5,3750001.0,99.99,99.99,98,7,0.0,0.0,0.0,0.0,0.0,0,0,0,0
137226747,0,0,0,-17000,0,49.336002,3.1415925,4294967.5,3750001.0,99.99,99.99,98,13,0.0,0.0,0.0,0.0,0.0,0,0,0,0
137428545,0,0,0,-17000,0,49.376003,3.1415925,4294967.5,3750001.0,99.99,99.99,98,13,0.0,0.0,0.0,0.0,0.0,0,0,0,0
137627659,0,0,0,-17000,0,49.417004,3.1415925,4294967.5,3750001.0,99.99,99.99,98,13,0.0,0.0,0.0,0.0,0.0,0,0,0,0
137826832,0,0,0,-17000,0,49.457,3.1415925,4294967.5,3750001.0,99.99,99.99,98,13,0.0,0.0,0.0,0.0,0.0,0,0,0,0
138026540,0,0,0,-17000,0,49.497,3.1415925,4294967.5,3750001.0,99.99,99.99,98,13,0.0,0.0,0.0,0.0,0.0,0,0,0,0
138226477,0,0,0,-17000,0,49.538002,3.1415925,4294967.5,3750001.0,99.99,99.99,98,12,0.0,0.0,0.0,0.0,0.0,0,0,0,0
138426465,0,0,0,-17000,0,49.578003,3.1415925,4294967.5,3750001.0,99.99,99.99,98,12,0.0,0.0,0.0,0.0,0.0,0,0,0,0
138626461,0,0,0,-17000,0,49.619003,3.1415925,4294967.5,3750001.0,99.99,99.99,98,12,0.0,0.0,0.0,0.0,0.0,0,0,0,0
138826581,0,0,0,-17000,0,49.659004,3.1415925,4294967.5,3750001.0,99.99,99.99,98,12,0.0,0.0,0.0,0.0,0.0,0,0,0,0
139027460,0,0,0,-17000,0,49.699,3.1415925,4294967.5,3750001.0,99.99,99.99,98,12,0.0,0.0,0.0,0.0,0.0,0,0,0,0
139227489,0,0,0,-17000,0,49.739002,3.1415925,4294967.5,3750001.0,99.99,99.99,97,4,0.0,0.0,0.0,0.0,0.0,0,0,0,0
139427462,0,0,0,-17000,0,49.780003,3.1415925,4294967.5,3750001.0,99.99,99.99,97,4,0.0,0.0,0.0,0.0,0.0,0,0,0,0
139626698,0,0,0,-17000,0,49.820004,3.1415925,4294967.5,3750001.0,99.99,99.99,97,4,0.0,0.0,0.0,0.0,0.0,0,0,0,0
139827459,0,0,0,-17000,0,49.86,3.1415925,4294967.5,3750001.0,99.99,99.99,97,4,0.0,0.0,0.0,0.0,0.0,0,0,0,0
140027340,0,0,0,-17000,0,49.9,3.1415925,4294967.5,3750001.0,99.99,99.99,97,4,0.0,0.0,0.0,0.0,0.0,0,0,0,0
140225527,0,0,0,-17000,0,49.940002,3.1415925,4294967.5,3750001.0,99.99,99.99,98,4,0.0,0.0,0.0,0.0,0.0,0,0,0,0
140426497,0,0,0,-17000,0,49.980003,3.1415925,4294967.5,3750001.0,99.99,99.99,98,4,0.0,0.0,0.0,0.0,0.0,0,0,0,0
140627998,0,0,0,-17000,0,50.020004,3.1415925,4294967.5,3750001.0,99.99,99.99,98,4,0.0,0.0,0.0,0.0,0.0,0,0,0,0
140829542,0,0,0,-17000,0,50.06,3.1415925,4294967.5,3750001.0,99.99,99.99,98,4,0.0,0.0,0.0,0.0,0.0,0,0,0,0
141027461,0,0,0,-17000,0,50.100002,3.1415925,4294967.5,3750001.0,99.99,99.99,98,4,0.0,0.0,0.0,0.0,0.0,0,0,0,0
141226462,0,0,0,-17000,0,50.140003,3.1415925,4294967.5,3750001.0,99.99,99.99,98,10,0.0,0.0,0.0,0.0,0.0,0,0,0,0
141427459,0,0,0,-17000,0,50.180004,3.1415925,4294967.5,3750001.0,99.99,99.99,98,10,0.0,0.0,0.0,0.0,0.0,0,0,0,0
141626824,0,0,0,-17000,0,50.22,3.1415925,4294967.5,3750001.0,99.99,99.99,98,10,0.0,0.0,0.0,0.0,0.0,0,0,0,0
141827504,0,0,0,-17000,0,50.259003,3.1415925,4294967.5,3750001.0,99.99,99.99,98,10,0.0,0.0,0.0,0.0,0.0,0,0,0,0
142027460,0,0,0,-17000,0,50.299004,3.1415925,4294967.5,3750001.0,99.99,99.99,98,10,0.0,0.0,0.0,0.0,0.0,0,0,0,0
142227655,0,0,0,-17000,0,50.339,3.1415925,4294967.5,3750001.0,99.99,99.99,98,9,0.0,0.0,0.0,0.0,0.0,0,0,0,0
142425652,0,0,0,-17000,0,50.379,3.1415925,4294967.5,3750001.0,99.99,99.99,98,9,0.0,0.0,0.0,0.0,0.0,0,0,0,0
142627626,0,0,0,-17000,0,50.418003,3.1415925,4294967.5,3750001.0,99.99,99.99,98,9,0.0,0.0,0.0,0.0,0.0,0,0,0,0
142827586,0,0,0,-17000,0,50.458004,3.1415925,4294967.5,3750001.0,99.99,99.99,98,9,0.0,0.0,0.0,0.0,0.0,0,0,0,0
143025609,0,0,0,-17000,0,50.498,3.1415925,4294967.5,3750001.0,99.99,99.99,98,9,0.0,0.0,0.0,0.0,0.0,0,0,0,0
143226553,0,0,0,-17000,0,50.537003,3.1415925,4294967.5,3750001.0,99.99,99.99,98,9,0.0,0.0,0.0,0.0,0.0,0,0,0,0
143426473,0,0,0,-17000,0,50.577003,3.1415925,4294967.5,3750001.0,99.99,99.99,98,9,0.0,0.0,0.0,0.0,0.0,0,0,0,0
143626518,0,0,0,-17000,0,50.616,3.1415925,4294967.5,3750001.0,99.99,99.99,98,9,0.0,0.0,0.0,0.0,0.0,0,0,0,0
143826472,0,0,0,-17000,0,50.656002,3.1415925,4294967.5,3750001.0,99.99,99.99,98,9,0.0,0.0,0.0,0.0,0.0,0,0,0,0
144028932,0,0,0,-17000,0,50.695004,3.1415925,4294967.5,3750001.0,99.99,99.99,98,9,0.0,0.0,0.0,0.0,0.0,0,0,0,0
144228459,0,0,0,-17000,0,50.735,3.1415925,4294967.5,3750001.0,99.99,99.99,98,8,0.0,0.0,0.0,0.0,0.0,0,0,0,0
144428459,0,0,0,-17000,0,50.774002,3.1415925,4294967.5,3750001.0,99.99,99.99,98,8,0.0,0.0,0.0,0.0,0.0,0,0,0,0
144628458,0,0,0,-17000,0,50.813004,3.1415925,4294967.5,3750001.0,99.99,99.99,98,8,0.0,0.0,0.0,0.0,0.0,0,0,0,0
144828533,0,0,0,-17000,0,50.853,3.1415925,4294967.5,3750001.0,99.99,99.99,98,8,0.0,0.0,0.0,0.0,0.0,0,0,0,0
145027396,0,0,0,-17000,0,50.892002,3.1415925,4294967.5,3750001.0,99.99,99.99,98,8,0.0,0.0,0.0,0.0,0.0,0,0,0,0
145229569,0,0,0,-17000,0,50.931004,3.1415925,4294967.5,3750001.0,99.99,99.99,98,6,0.0,0.0,0.0,0.0,0.0,0,0,0,0
145427396,0,0,0,-17000,0,50.971,3.1415925,4294967.5,3750001.0,99.99,99.99,98,6,0.0,0.0,0.0,0.0,0.0,0,0,0,0
145626486,0,0,0,-17000,0,51.010002,3.1415925,4294967.5,3750001.0,99.99,99.99,98,6,0.0,0.0,0.0,0.0,0.0,0,0,0,0
145826464,0,0,0,-17000,0,51.049004,3.1415925,4294967.5,3750001.0,99.99,99.99,98,6,0.0,0.0,0.0,0.0,0.0,0,0,0,0
146026605,0,0,0,-17000,0,51.088,3.1415925,4294967.5,3750001.0,99.99,99.99,98,6,0.0,0.0,0.0,0.0,0.0,0,0,0,0
146227538,0,0,0,-17000,0,51.127003,3.1415925,4294967.5,3750001.0,99.99,99.99,98,6,0.0,0.0,0.0,0.0,0.0,0,0,0,0
146427539,0,0,0,-17000,0,51.166004,3.1415925,4294967.5,3750001.0,99.99,99.99,98,6,0.0,0.0,0.0,0.0,0.0,0,0,0,0
146627535,0,0,0,-17000,0,51.205,3.1415925,4294967.5,3750001.0,99.99,99.99,98,6,0.0,0.0,0.0,0.0,0.0,0,0,0,0
146827578,0,0,0,-17000,0,51.245003,3.1415925,4294967.5,3750001.0,99.99,99.99,98,6,0.0,0.0,0.0,0.0,0.0,0,0,0,0
147026795,0,0,0,-17000,0,51.284004,3.1415925,4294967.5,3750001.0,99.99,99.99,98,6,0.0,0.0,0.0,0.0,0.0,0,0,0,0
147227538,0,0,0,-17000,0,51.323,3.1415925,4294967.5,3750001.0,99.99,99.99,98,10,0.0,0.0,0.0,0.0,0.0,0,0,0,0
147427723,0,0,0,-17000,0,51.361004,3.1415925,4294967.5,3750001.0,99.99,99.99,98,10,0.0,0.0,0.0,0.0,0.0,0,0,0,0
147628195,0,0,0,-17000,0,51.4,3.1415925,4294967.5,3750001.0,99.99,99.99,98,10,0.0,0.0,0.0,0.0,0.0,0,0,0,0
147827689,0,0,0,-17000,0,51.439003,3.1415925,4294967.5,3750001.0,99.99,99.99,98,10,0.0,0.0,0.0,0.0,0.0,0,0,0,0
148026467,0,0,0,-17000,0,51.478,3.1415925,4294967.5,3750001.0,99.99,99.99,98,10,0.0,0.0,0.0,0.0,0.0,0,0,0,0
148226615,0,0,0,-17000,0,51.517002,3.1415925,4294967.5,3750001.0,99.99,99.99,98,8,0.0,0.0,0.0,0.0,0.0,0,0,0,0
148425546,0,0,0,-17000,0,51.556004,3.1415925,4294967.5,3750001.0,99.99,99.99,98,8,0.0,0.0,0.0,0.0,0.0,0,0,0,0
148626607,0,0,0,-17000,0,51.595,3.1415925,4294967.5,3750001.0,99.99,99.99,98,8,0.0,0.0,0.0,0.0,0.0,0,0,0,0
148826473,0,0,0,-17000,0,51.633003,3.1415925,4294967.5,3750001.0,99.99,99.99,98,8,0.0,0.0,0.0,0.0,0.0,0,0,0,0
149026581,0,0,0,-17000,0,51.672,3.1415925,4294967.5,3750001.0,99.99,99.99,98,8,0.0,0.0,0.0,0.0,0.0,0,0,0,0
149227478,0,0,0,-17000,0,51.711002,3.1415925,4294967.5,3750001.0,99.99,99.99,98,9,0.0,0.0,0.0,0.0,0.0,0,0,0,0
149428481,0,0,0,-17000,0,51.749004,3.1415925,4294967.5,3750001.0,99.99,99.99,98,9,0.0,0.0,0.0,0.0,0.0,0,0,0,0
149627538,0,0,0,-17000,0,51.788002,3.1415925,4294967.5,3750001.0,99.99,99.99,98,9,0.0,0.0,0.0,0.0,0.0,0,0,0,0
149826652,0,0,0,-17000,0,51.827003,3.1415925,4294967.5,3750001.0,99.99,99.99,98,9,0.0,0.0,0.0,0.0,0.0,0,0,0,0
150028458,0,0,0,-17000,0,51.865,3.1415925,4294967.5,3750001.0,99.99,99.99,98,9,0.0,0.0,0.0,0.0,0.0,0,0,0,0
150227478,0,0,0,-17000,0,51.904003,3.1415925,4294967.5,3750001.0,99.99,99.99,98,5,0.0,0.0,0.0,0.0,0.0,0,0,0,0
150427625,0,0,0,-17000,0,51.942,3.1415925,4294967.5,3750001.0,99.99,99.99,98,5,0.0,0.0,0.0,0.0,0.0,0,0,0,0
150629865,0,0,0,-17000,0,51.981003,3.1415925,4294967.5,3750001.2,99.99,99.99,98,5,0.0,0.0,0.0,0.0,0.0,0,0,0,0
150830486,0,0,0,-17000,0,52.019,3.1415925,4294967.5,3750001.2,99.99,99.99,98,5,0.0,0.0,0.0,0.0,0.0,0,0,0,0
151029727,0,0,0,-17000,0,52.058002,3.1415925,4294967.5,3750001.2,99.99,99.99,98,5,0.0,0.0,0.0,0.0,0.0,0,0,0,0
151229562,0,0,0,-17000,0,52.096,3.1415925,4294967.5,3750001.2,99.99,99.99,98,9,0.0,0.0,0.0,0.0,0.0,0,0,0,0
151429033,0,0,0,-17000,0,52.134003,3.1415925,4294967.5,3750001.2,99.99,99.99,98,9,0.0,0.0,0.0,0.0,0.0,0,0,0,0
151629567,0,0,0,-17000,0,52.173004,3.1415925,4294967.5,3750001.2,99.99,99.99,98,9,0.0,0.0,0.0,0.0,0.0,0,0,0,0
151827464,0,0,0,-17000,0,52.211002,3.1415925,4294967.5,3750001.2,99.99,99.99,98,9,0.0,0.0,0.0,0.0,0.0,0,0,0,0
152028535,0,0,0,-17000,0,52.249004,3.1415925,4294967.5,3750001.2,99.99,99.99,98,9,0.0,0.0,0.0,0.0,0.0,0,0,0,0
152230602,0,0,0,-17000,0,52.288002,3.1415925,4294967.5,3750001.2,99.99,99.99,98,7,0.0,0.0,0.0,0.0,0.0,0,0,0,0
152430654,0,0,0,-17000,0,52.326004,3.1415925,4294967.5,3750001.2,99.99,99.99,98,7,0.0,0.0,0.0,0.0,0.0,0,0,0,0
152630672,0,0,0,-17000,0,52.364002,3.1415925,4294967.5,3750001.2,99.99,99.99,98,7,0.0,0.0,0.0,0.0,0.0,0,0,0,0
152827594,0,0,0,-17000,0,52.402004,3.1415925,4294967.5,3750001.2,99.99,99.99,98,7,0.0,0.0,0.0,0.0,0.0,0,0,0,0
153027753,0,0,0,-17000,0,52.440002,3.1415925,4294967.5,3750001.2,99.99,99.99,98,7,0.0,0.0,0.0,0.0,0.0,0,0,0,0
153228946,0,0,0,-17000,0,52.479004,3.1415925,4294967.5,3750001.2,99.99,99.99,98,17,0.0,0.0,0.0,0.0,0.0,0,0,0,0
153428472,0,0,0,-17000,0,52.517002,3.1415925,4294967.5,3750001.2,99.99,99.99,98,17,0.0,0.0,0.0,0.0,0.0,0,0,0,0
153628823,0,0,0,-17000,0,52.555004,3.1415925,4294967.5,3750001.2,99.99,99.99,98,17,0.0,0.0,0.0,0.0,0.0,0,0,0,0
153827461,0,0,0,-17000,0,52.593002,3.1415925,4294967.5,3750001.2,99.99,99.99,98,17,0.0,0.0,0.0,0.0,0.0,0,0,0,0
154027465,0,0,0,-17000,0,52.631004,3.1415925,4294967.5,3750001.2,99.99,99.99,98,17,0.0,0.0,0.0,0.0,0.0,0,0,0,0
154227480,0,0,0,-17000,0,52.669003,3.1415925,4294967.5,3750001.2,99.99,99.99,98,21,0.0,0.0,0.0,0.0,0.0,0,0,0,0
154427586,0,0,0,-17000,0,52.707,3.1415925,4294967.5,3750001.2,99.99,99.99,98,21,0.0,0.0,0.0,0.0,0.0,0,0,0,0
154627466,0,0,0,-17000,0,52.745003,3.1415925,4294967.5,3750001.2,99.99,99.99,98,21,0.0,0.0,0.0,0.0,0.0,0,0,0,0
154828716,0,0,0,-17000,0,52.783,3.1415925,4294967.5,3750001.2,99.99,99.99,98,21,0.0,0.0,0.0,0.0,0.0,0,0,0,0
155027463,0,0,0,-17000,0,52.820004,3.1415925,4294967.5,3750001.2,99.99,99.99,98,21,0.0,0.0,0.0,0.0,0.0,0,0,0,0
155229485,0,0,0,-17000,0,52.858,3.1415925,4294967.5,3750001.2,99.99,99.99,98,16,0.0,0.0,0.0,0.0,0.0,0,0,0,0
155429725,0,0,0,-17000,0,52.896004,3.1415925,4294967.5,3750001.2,99.99,99.99,98,16,0.0,0.0,0.0,0.0,0.0,0,0,0,0
155629748,0,0,0,-17000,0,52.934002,3.1415925,4294967.5,3750001.2,99.99,99.99,98,16,0.0,0.0,0.0,0.0,0.0,0,0,0,0
155829712,0,0,0,-17000,0,52.972004,3.1415925,4294967.5,3750001.2,99.99,99.99,98,16,0.0,0.0,0.0,0.0,0.0,0,0,0,0
156026489,0,0,0,-17000,0,53.009003,3.1415925,4294967.5,3750001.2,99.99,99.99,98,16,0.0,0.0,0.0,0.0,0.0,0,0,0,0
156228465,0,0,0,-17000,0,53.047,3.1415925,4294967.5,3750001.2,99.99,99.99,105,24,0.0,0.0,0.0,0.0,0.0,0,0,0,0
156426559,0,0,0,-17000,0,53.085003,3.1415925,4294967.5,3750001.2,99.99,99.99,105,24,0.0,0.0,0.0,0.0,0.0,0,0,0,0
156627462,0,0,0,-17000,0,53.123,3.1415925,4294967.5,3750001.2,99.99,99.99,105,24,0.0,0.0,0.0,0.0,0.0,0,0,0,0
156826625,0,0,0,-17000,0,53.160004,3.1415925,4294967.5,3750001.2,99.99,99.99,105,24,0.0,0.0,0.0,0.0,0.0,0,0,0,0
157027604,0,0,0,-17000,0,53.198,3.1415925,4294967.5,3750001.2,99.99,99.99,105,24,0.0,0.0,0.0,0.0,0.0,0,0,0,0
157228460,0,0,0,-17000,0,53.235004,3.1415925,4294967.5,3750001.2,99.99,99.99,105,32,0.0,0.0,0.0,0.0,0.0,0,0,0,0
157427688,0,0,0,-17000,0,53.273003,3.1415925,4294967.5,3750001.2,99.99,99.99,105,32,0.0,0.0,0.0,0.0,0.0,0,0,0,0
157628460,0,0,0,-17000,0,53.31,3.1415925,4294967.5,3750001.2,99.99,99.99,105,32,0.0,0.0,0.0,0.0,0.0,0,0,0,0
157829588,0,0,0,-17000,0,53.348003,3.1415925,4294967.5,3750001.5,99.99,99.99,105,32,0.0,0.0,0.0,0.0,0.0,0,0,0,0
158028463,0,0,0,-17000,0,53.385002,3.1415925,4294967.5,3750001.5,99.99,99.99,105,32,0.0,0.0,0.0,0.0,0.0,0,0,0,0
158228767,0,0,0,-17000,0,53.423004,3.1415925,4294967.5,3750001.5,99.99,99.99,105,45,0.0,0.0,0.0,0.0,0.0,0,0,0,0
158428706,0,0,0,-17000,0,53.460003,3.1415925,4294967.5,3750001.5,99.99,99.99,105,45,0.0,0.0,0.0,0.0,0.0,0,0,0,0
158628729,0,0,0,-17000,0,53.498,3.1415925,4294967.5,3750001.5,99.99,99.99,105,45,0.0,0.0,0.0,0.0,0.0,0,0,0,0
158828916,0,0,0,-17000,0,53.535004,3.1415925,4294967.5,3750001.5,99.99,99.99,105,45,0.0,0.0,0.0,0.0,0.0,0,0,0,0
159027464,0,0,0,-17000,0,53.572002,3.1415925,4294967.5,3750001.5,99.99,99.99,105,45,0.0,0.0,0.0,0.0,0.0,0,0,0,0
159227588,0,0,0,-17000,0,53.610004,3.1415925,4294967.5,3750001.5,99.99,99.99,105,43,0.0,0.0,0.0,0.0,0.0,0,0,0,0
159427464,0,0,0,-17000,0,53.647003,3.1415925,4294967.5,3750001.5,99.99,99.99,105,43,0.0,0.0,0.0,0.0,0.0,0,0,0,0
159627465,0,0,0,-17000,0,53.684002,3.1415925,4294967.5,3750001.5,99.99,99.99,105,43,0.0,0.0,0.0,0.0,0.0,0,0,0,0
159827465,0,0,0,-17000,0,53.722004,3.1415925,4294967.5,3750001.5,99.99,99.99,105,43,0.0,0.0,0.0,0.0,0.0,0,0,0,0
160028474,0,0,0,-17000,0,53.759003,3.1415925,4294967.5,3750001.5,99.99,99.99,105,43,0.0,0.0,0.0,0.0,0.0,0,0,0,0
160228472,0,0,0,-17000,0,53.796,3.1415925,4294967.5,3750001.5,99.99,99.99,105,59,0.0,0.0,0.0,0.0,0.0,0,0,0,0
160428782,0,0,0,-17000,0,53.833004,3.1415925,4294967.5,3750001.5,99.99,99.99,105,59,0.0,0.0,0.0,0.0,0.0,0,0,0,0
160629520,0,0,0,-17000,0,53.870003,3.1415925,4294967.5,3750001.5,99.99,99.99,105,59,0.0,0.0,0.0,0.0,0.0,0,0,0,0
160828465,0,0,0,-17000,0,53.907,3.1415925,4294967.5,3750001.5,99.99,99.99,105,59,0.0,0.0,0.0,0.0,0.0,0,0,0,0
161028463,0,0,0,-17000,0,53.944004,3.1415925,4294967.5,3750001.5,99.99,99.99,105,59,0.0,0.0,0.0,0.0,0.0,0,0,0,0
161226472,0,0,0,-17000,0,53.981003,3.1415925,4294967.5,3750001.5,99.99,99.99,105,34,0.0,0.0,0.0,0.0,0.0,0,0,0,0
161428460,0,0,0,-17000,0,54.019,3.1415925,4294967.5,3750001.5,99.99,99.99,105,34,0.0,0.0,0.0,0.0,0.0,0,0,0,0
161627462,0,0,0,-17000,0,54.056004,3.1415925,4294967.5,3750001.5,99.99,99.99,105,34,0.0,0.0,0.0,0.0,0.0,0,0,0,0
161829540,0,0,0,-17000,0,54.093002,3.1415925,4294967.5,3750001.5,99.99,99.99,105,34,0.0,0.0,0.0,0.0,0.0,0,0,0,0
162027539,0,0,0,-17000,0,54.129,3.1415925,4294967.5,3750001.5,99.99,99.99,105,34,0.0,0.0,0.0,0.0,0.0,0,0,0,0
162227584,0,0,0,-17000,0,54.166004,3.1415925,4294967.5,3750001.5,99.99,99.99,105,74,0.0,0.0,0.0,0.0,0.0,0,0,0,0
162429771,0,0,0,-17000,0,54.203003,3.1415925,4294967.5,3750001.5,99.99,99.99,105,74,0.0,0.0,0.0,0.0,0.0,0,0,0,0
162630568,0,0,0,-17000,0,54.24,3.1415925,4294967.5,3750001.5,99.99,99.99,105,74,0.0,0.0,0.0,0.0,0.0,0,0,0,0
162828459,0,0,0,-17000,0,54.277004,3.1415925,4294967.5,3750001.5,99.99,99.99,105,74,0.0,0.0,0.0,0.0,0.0,0,0,0,0
163028459,0,0,0,-17000,0,54.314003,3.1415925,4294967.5,3750001.5,99.99,99.99,105,74,0.0,0.0,0.0,0.0,0.0,0,0,0,0
163228460,0,0,0,-17000,0,54.351,3.1415925,4294967.5,3750001.5,99.99,99.99,105,173,0.0,0.0,0.0,0.0,0.0,0,0,0,0
163427573,0,0,0,-17000,0,54.387,3.1415925,4294967.5,3750001.5,99.99,99.99,105,173,0.0,0.0,0.0,0.0,0.0,0,0,0,0
163626643,0,0,0,-17000,0,54.424004,3.1415925,4294967.5,3750001.5,99.99,99.99,105,173,0.0,0.0,0.0,0.0,0.0,0,0,0,0
163828794,0,0,0,-17000,0,54.461002,3.1415925,4294967.5,3750001.5,99.99,99.99,105,173,0.0,0.0,0.0,0.0,0.0,0,0,0,0
164027626,0,0,0,-17000,0,54.498,3.1415925,4294967.5,3750001.5,99.99,99.99,105,173,0.0,0.0,0.0,0.0,0.0,0,0,0,0
164230071,0,0,0,-17000,0,54.534004,3.1415925,4294967.5,3750001.5,99.99,99.99,105,114,0.0,0.0,0.0,0.0,0.0,0,0,0,0
164427462,0,0,0,-17000,0,54.571003,3.1415925,4294967.5,3750001.5,99.99,99.99,105,114,0.0,0.0,0.0,0.0,0.0,0,0,0,0
164627606,0,0,0,-17000,0,54.608,3.1415925,4294967.5,3750001.5,99.99,99.99,105,114,0.0,0.0,0.0,0.0,0.0,0,0,0,0
164827464,0,0,0,-17000,0,54.644,3.1415925,4294967.5,3750001.5,99.99,99.99,105,114,0.0,0.0,0.0,0.0,0.0,0,0,0,0
165027462,0,0,0,-17000,0,54.681004,3.1415925,4294967.5,3750001.5,99.99,99.99,105,114,0.0,0.0,0.0,0.0,0.0,0,0,0,0
165228468,0,0,0,-17000,0,54.717003,3.1415925,4294967.5,3750001.5,99.99,99.99,105,97,0.0,0.0,0.0,0.0,0.0,0,0,0,0
165428460,0,0,0,-17000,0,54.754,3.1415925,4294967.5,3750001.5,99.99,99.99,105,97,0.0,0.0,0.0,0.0,0.0,0,0,0,0
165628466,0,0,0,-17000,0,54.791004,3.1415925,4294967.5,3750001.5,99.99,99.99,105,97,0.0,0.0,0.0,0.0,0.0,0,0,0,0
165829687,0,0,0,-17000,0,54.827003,3.1415925,4294967.5,3750001.5,99.99,99.99,105,97,0.0,0.0,0.0,0.0,0.0,0,0,0,0
166029828,0,0,0,-17000,0,54.863003,3.1415925,4294967.5,3750001.5,99.99,99.99,105,97,0.0,0.0,0.0,0.0,0.0,0,0,0,0
166229551,0,0,0,-17000,0,54.9,3.1415925,4294967.5,3750001.5,99.99,99.99,105,56,0.0,0.0,0.0,0.0,0.0,0,0,0,0
166429540,0,0,0,-17000,0,54.936,3.1415925,4294967.5,3750001.5,99.99,99.99,105,56,0.0,0.0,0.0,0.0,0.0,0,0,0,0
166629010,0,0,0,-17000,0,54.973003,3.1415925,4294967.5,3750001.5,99.99,99.99,105,56,0.0,0.0,0.0,0.0,0.0,0,0,0,0
166830471,0,0,0,-17000,0,55.009003,3.1415925,4294967.5,3750001.5,99.99,99.99,105,56,0.0,0.0,0.0,0.0,0.0,0,0,0,0
167029614,0,0,0,-17000,0,55.045002,3.1415925,4294967.5,3750001.5,99.99,99.99,105,56,0.0,0.0,0.0,0.0,0.0,0,0,0,0
167228466,0,0,0,-17000,0,55.082,3.1415925,4294967.5,3750001.5,99.99,99.99,105,21,0.0,0.0,0.0,0.0,0.0,0,0,0,0
167427463,0,0,0,-17000,0,55.118004,3.1415925,4294967.5,3750001.5,99.99,99.99,105,21,0.0,0.0,0.0,0.0,0.0,0,0,0,0
167628462,0,0,0,-17000,0,55.154003,3.1415925,4294967.5,3750001.5,99.99,99.99,105,21,0.0,0.0,0.0,0.0,0.0,0,0,0,0
167828462,0,0,0,-17000,0,55.191,3.1415925,4294967.5,3750001.5,99.99,99.99,105,21,0.0,0.0,0.0,0.0,0.0,0,0,0,0
168028697,0,0,0,-17000,0,55.227,3.1415925,4294967.5,3750001.5,99.99,99.99,105,21,0.0,0.0,0.0,0.0,0.0,0,0,0,0
168228462,0,0,0,-17000,0,55.263004,3.1415925,4294967.5,3750001.5,99.99,99.99,105,36,0.0,0.0,0.0,0.0,0.0,0,0,0,0
168429618,0,0,0,-17000,0,55.299004,3.1415925,4294967.5,3750001.5,99.99,99.99,105,36,0.0,0.0,0.0,0.0,0.0,0,0,0,0
168629519,0,0,0,-17000,0,55.335003,3.1415925,4294967.5,3750001.5,99.99,99.99,105,36,0.0,0.0,0.0,0.0,0.0,0,0,0,0
168828899,0,0,0,-17000,0,55.371002,3.1415925,4294967.5,3750001.5,99.99,99.99,105,36,0.0,0.0,0.0,0.0,0.0,0,0,0,0
169029684,0,0,0,-17000,0,55.408,3.1415925,4294967.5,3750001.5,99.99,99.99,105,36,0.0,0.0,0.0,0.0,0.0,0,0,0,0
169229793,0,0,0,-17000,0,55.444004,3.1415925,4294967.5,3750001.5,99.99,99.99,105,20,0.0,0.0,0.0,0.0,0.0,0,0,0,0
169430703,0,0,0,-17000,0,55.480003,3.1415925,4294967.5,3750001.5,99.99,99.99,105,20,0.0,0.0,0.0,0.0,0.0,0,0,0,0
169629788,0,0,0,-17000,0,55.516003,3.1415925,4294967.5,3750001.5,99.99,99.99,105,20,0.0,0.0,0.0,0.0,0.0,0,0,0,0
169828462,0,0,0,-17000,0,55.552002,3.1415925,4294967.5,3750001.5,99.99,99.99,105,20,0.0,0.0,0.0,0.0,0.0,0,0,0,0
170028537,0,0,0,-17000,0,55.588,3.1415925,4294967.5,3750001.5,99.99,99.99,105,20,0.0,0.0,0.0,0.0,0.0,0,0,0,0
170227464,0,0,0,-17000,0,55.624004,3.1415925,4294967.5,3750001.5,99.99,99.99,105,6,0.0,0.0,0.0,0.0,0.0,0,0,0,0
170428462,0,0,0,-17000,0,55.660004,3.1415925,4294967.5,3750001.5,99.99,99.99,105,6,0.0,0.0,0.0,0.0,0.0,0,0,0,0
170628539,0,0,0,-17000,0,55.696003,3.1415925,4294967.5,3750001.5,99.99,99.99,105,6,0.0,0.0,0.0,0.0,0.0,0,0,0,0
170829514,0,0,0,-17000,0,55.732002,3.1415925,4294967.5,3750001.8,99.99,99.99,105,6,0.0,0.0,0.0,0.0,0.0,0,0,0,0
171029594,0,0,0,-17000,0,55.767002,3.1415925,4294967.5,3750001.8,99.99,99.99,105,6,0.0,0.0,0.0,0.0,0.0,0,0,0,0
171229732,0,0,0,-17000,0,55.803,3.1415925,4294967.5,3750001.8,99.99,99.99,105,22,0.0,0.0,0.0,0.0,0.0,0,0,0,0
171430735,0,0,0,-17000,0,55.839005,3.1415925,4294967.5,3750001.8,99.99,99.99,105,22,0.0,0.0,0.0,0.0,0.0,0,0,0,0
171628724,0,0,0,-17000,0,55.875004,3.1415925,4294967.5,3750001.8,99.99,99.99,105,22,0.0,0.0,0.0,0.0,0.0,0,0,0,0
171829597,0,0,0,-17000,0,55.911003,3.1415925,4294967.5,3750001.8,99.99,99.99,105,22,0.0,0.0,0.0,0.0,0.0,0,0,0,0
172027464,0,0,0,-17000,0,55.946003,3.1415925,4294967.5,3750001.8,99.99,99.99,105,22,0.0,0.0,0.0,0.0,0.0,0,0,0,0
172229523,0,0,0,-17000,0,55.982002,3.1415925,4294967.5,3750001.8,99.99,99.99,105,15,0.0,0.0,0.0,0.0,0.0,0,0,0,0
172430621,0,0,0,-17000,0,56.018,3.1415925,4294967.5,3750001.8,99.99,99.99,105,15,0.0,0.0,0.0,0.0,0.0,0,0,0,0
172628460,0,0,0,-17000,0,56.054,3.1415925,4294967.5,3750001.8,99.99,99.99,105,15,0.0,0.0,0.0,0.0,0.0,0,0,0,0
172827488,0,0,0,-17000,0,56.089005,3.1415925,4294967.5,3750001.8,99.99,99.99,105,15,0.0,0.0,0.0,0.0,0.0,0,0,0,0
173028475,0,0,0,-17000,0,56.125004,3.1415925,4294967.5,3750001.8,99.99,99.99,105,15,0.0,0.0,0.0,0.0,0.0,0,0,0,0
173228461,0,0,0,-17000,0,56.160004,3.1415925,4294967.5,3750001.8,99.99,99.99,105,16,0.0,0.0,0.0,0.0,0.0,0,0,0,0
173428921,0,0,0,-17000,0,56.196003,3.1415925,4294967.5,3750001.8,99.99,99.99,105,16,0.0,0.0,0.0,0.0,0.0,0,0,0,0
173628462,0,0,0,-17000,0,56.232002,3.1415925,4294967.5,3750001.8,99.99,99.99,105,16,0.0,0.0,0.0,0.0,0.0,0,0,0,0
173828562,0,0,0,-17000,0,56.267002,3.1415925,4294967.5,3750001.8,99.99,99.99,105,16,0.0,0.0,0.0,0.0,0.0,0,0,0,0
174028473,0,0,0,-17000,0,56.303,3.1415925,4294967.5,3750001.8,99.99,99.99,105,16,0.0,0.0,0.0,0.0,0.0,0,0,0,0
174228985,0,0,0,-17000,0,56.338,3.1415925,4294967.5,3750001.8,99.99,99.99,105,16,0.0,0.0,0.0,0.0,0.0,0,0,0,0
174428541,0,0,0,-17000,0,56.374004,3.1415925,4294967.5,3750001.8,99.99,99.99,105,16,0.0,0.0,0.0,0.0,0.0,0,0,0,0
174627606,0,0,0,-17000,0,56.409004,3.1415925,4294967.5,3750001.8,99.99,99.99,105,16,0.0,0.0,0.0,0.0,0.0,0,0,0,0
174827465,0,0,0,-17000,0,56.445004,3.1415925,4294967.5,3750001.8,99.99,99.99,105,16,0.0,0.0,0.0,0.0,0.0,0,0,0,0
175027463,0,0,0,-17000,0,56.480003,3.1415925,4294967.5,3750001.8,99.99,99.99,105,16,0.0,0.0,0.0,0.0,0.0,0,0,0,0
175227470,0,0,0,-17000,0,56.515003,3.1415925,4294967.5,3750001.8,99.99,99.99,105,17,0.0,0.0,0.0,0.0,0.0,0,0,0,0
175427508,0,0,0,-17000,0,56.551003,3.1415925,4294967.5,3750001.8,99.99,99.99,105,17,0.0,0.0,0.0,0.0,0.0,0,0,0,0
175628460,0,0,0,-17000,0,56.586002,3.1415925,4294967.5,3750001.8,99.99,99.99,105,17,0.0,0.0,0.0,0.0,0.0,0,0,0,0
175828463,0,0,0,-17000,0,56.622,3.1415925,4294967.5,3750001.8,99.99,99.99,105,17,0.0,0.0,0.0,0.0,0.0,0,0,0,0
176028494,0,0,0,-17000,0,56.657,3.1415925,4294967.5,3750001.8,99.99,99.99,105,17,0.0,0.0,0.0,0.0,0.0,0,0,0,0
176229613,0,0,0,-17000,0,56.692,3.1415925,4294967.5,3750001.8,99.99,99.99,105,9,0.0,0.0,0.0,0.0,0.0,0,0,0,0
176429709,0,0,0,-17000,0,56.727,3.1415925,4294967.5,3750001.8,99.99,99.99,105,9,0.0,0.0,0.0,0.0,0.0,0,0,0,0
176630649,0,0,0,-17000,0,56.763004,3.1415925,4294967.5,3750001.8,99.99,99.99,105,9,0.0,0.0,0.0,0.0,0.0,0,0,0,0
176830457,0,0,0,-17000,0,56.798004,3.1415925,4294967.5,3750001.8,99.99,99.99,105,9,0.0,0.0,0.0,0.0,0.0,0,0,0,0
177028539,0,0,0,-17000,0,56.833004,3.1415925,4294967.5,3750001.8,99.99,99.99,105,9,0.0,0.0,0.0,0.0,0.0,0,0,0,0
177228836,0,0,0,-17000,0,56.868004,3.1415925,4294967.5,3750001.8,99.99,99.99,104,18,0.0,0.0,0.0,0.0,0.0,0,0,0,0
177430457,0,0,0,-17000,0,56.903004,3.1415925,4294967.5,3750001.8,99.99,99.99,104,18,0.0,0.0,0.0,0.0,0.0,0,0,0,0
177630463,0,0,0,-17000,0,56.939003,3.1415925,4294967.5,3750001.8,99.99,99.99,104,18,0.0,0.0,0.0,0.0,0.0,0,0,0,0
177828463,0,0,0,-17000,0,56.974003,3.1415925,4294967.5,3750001.8,99.99,99.99,104,18,0.0,0.0,0.0,0.0,0.0,0,0,0,0
178028463,0,0,0,-17000,0,57.009003,3.1415925,4294967.5,3750001.8,99.99,99.99,104,18,0.0,0.0,0.0,0.0,0.0,0,0,0,0
178228463,0,0,0,-17000,0,57.044003,3.1415925,4294967.5,3750001.8,99.99,99.99,98,18,0.0,0.0,0.0,0.0,0.0,0,0,0,0
178428500,0,0,0,-17000,0,57.079002,3.1415925,4294967.5,3750001.8,99.99,99.99,98,18,0.0,0.0,0.0,0.0,0.0,0,0,0,0
178628463,0,0,0,-17000,0,57.114002,3.1415925,4294967.5,3750001.8,99.99,99.99,98,18,0.0,0.0,0.0,0.0,0.0,0,0,0,0
178829556,0,0,0,-17000,0,57.149002,3.1415925,4294967.5,3750001.8,99.99,99.99,98,18,0.0,0.0,0.0,0.0,0.0,0,0,0,0
179029550,0,0,0,-17000,0,57.184002,3.1415925,4294967.5,3750001.8,99.99,99.99,98,18,0.0,0.0,0.0,0.0,0.0,0,0,0,0
179230457,0,0,0,-17000,0,57.219,3.1415925,4294967.5,3750001.8,99.99,99.99,98,12,0.0,0.0,0.0,0.0,0.0,0,0,0,0
179430505,0,0,0,-17000,0,57.254,3.1415925,4294967.5,3750001.8,99.99,99.99,98,12,0.0,0.0,0.0,0.0,0.0,0,0,0,0
179628799,0,0,0,-17000,0,57.289,3.1415925,4294967.5,3750001.8,99.99,99.99,98,12,0.0,0.0,0.0,0.0,0.0,0,0,0,0
179831454,0,0,0,-17000,0,57.324,3.1415925,4294967.5,3750001.8,99.99,99.99,98,12,0.0,0.0,0.0,0.0,0.0,0,0,0,0
180029534,0,0,0,-17000,0,57.359,3.1415925,4294967.5,3750001.8,99.99,99.99,98,12,0.0,0.0,0.0,0.0,0.0,0,0,0,0
180230385,0,0,0,-17000,0,57.393,3.1415925,4294967.5,3750001.8,99.99,99.99,98,13,0.0,0.0,0.0,0.0,0.0,0,0,0,0
180428543,0,0,0,-17000,0,57.428,3.1415925,4294967.5,3750001.8,99.99,99.99,98,13,0.0,0.0,0.0,0.0,0.0,0,0,0,0
180630466,0,0,0,-17000,0,57.463,3.1415925,4294967.5,3750001.8,99.99,99.99,98,13,0.0,0.0,0.0,0.0,0.0,0,0,0,0
180829978,0,0,0,-17000,0,57.498,3.1415925,4294967.5,3750001.8,99.99,99.99,98,13,0.0,0.0,0.0,0.0,0.0,0,0,0,0
181028504,0,0,0,-17000,0,57.533,3.1415925,4294967.5,3750001.8,99.99,99.99,98,13,0.0,0.0,0.0,0.0,0.0,0,0,0,0
181228539,0,0,0,-17000,0,57.567,3.1415925,4294967.5,3750001.8,99.99,99.99,98,12,0.0,0.0,0.0,0.0,0.0,0,0,0,0
