timestamp,voltage_v,voltage_filtered_v,current_a,current_filtered_a,average_current_a,discharged_mah,remaining,scale,temperature,cell_count,capacity,cycle_count,run_time_to_empty,average_time_to_empty,serial_number,connected,system_source,priority,is_powering_off,warning
3300722,12.441529,12.464955,0.0,0.0,0.0,0.0,1.0,1.0,0.0,3,0,0,0,0,0,1,1,0,0,0
3806385,12.470873,12.457664,0.0,0.0,0.0,0.0,1.0,1.0,0.0,3,0,0,0,0,0,1,1,0,0,0
4313074,12.45131,12.460298,0.0,0.0,0.0,0.0,1.0,1.0,0.0,3,0,0,0,0,0,1,1,0,0,0
4818473,12.4219675,12.453762,0.0,0.0,0.0,0.0,1.0,1.0,0.0,3,0,0,0,0,0,1,1,0,0,0
5312028,12.461092,12.449427,0.0,0.0,0.0,0.0,1.0,1.0,0.0,3,0,0,0,0,0,1,1,0,0,0
5817679,12.490435,12.458032,0.0,0.0,0.0,0.0,1.0,1.0,0.0,3,0,0,0,0,0,1,1,0,0,0
6324020,12.402405,12.459003,0.0,0.0,0.0,0.0,1.0,1.0,0.0,3,0,0,0,0,0,1,1,0,0,0
6817714,12.480654,12.458565,0.0,0.0,0.0,0.0,1.0,1.0,0.0,3,0,0,0,0,0,1,1,0,0,0
7323264,12.519778,12.47499,0.0,0.0,0.0,0.0,1.0,1.0,0.0,3,0,0,0,0,0,1,1,0,0,0
7828926,12.500216,12.483162,0.0,0.0,0.0,0.0,1.0,1.0,0.0,3,0,0,0,0,0,1,1,0,0,0
8323306,12.45131,12.476842,0.0,0.0,0.0,0.0,1.0,1.0,0.0,3,0,0,0,0,0,1,1,0,0,0
8828859,12.461092,12.473993,0.0,0.0,0.0,0.0,1.0,1.0,0.0,3,0,0,0,0,0,1,1,0,0,0
9334531,12.441529,12.460181,0.0,0.0,0.0,0.0,1.0,1.0,0.0,3,0,0,0,0,0,1,1,0,0,0
10334438,12.441529,12.451857,0.0,0.0,0.0,0.0,1.0,1.0,0.0,3,0,0,0,0,0,1,1,0,0,0
10840202,12.441529,12.443391,0.0,0.0,0.0,0.0,1.0,1.0,0.0,3,0,0,0,0,0,1,1,0,0,0
11345694,12.461092,12.449197,0.0,0.0,0.0,0.0,1.0,1.0,0.0,3,0,0,0,0,0,1,1,0,0,0
11839264,12.519778,12.457976,0.0,0.0,0.0,0.0,1.0,1.0,0.0,3,0,0,0,0,0,1,1,0,0,0
12345646,12.4219675,12.453312,0.0,0.0,0.0,0.0,1.0,1.0,0.0,3,0,0,0,0,0,1,1,0,0,0
12851265,12.519778,12.464989,0.0,0.0,0.0,0.0,1.0,1.0,0.0,3,0,0,0,0,0,1,1,0,0,0
13344866,12.500216,12.481712,0.0,0.0,0.0,0.0,1.0,1.0,0.0,3,0,0,0,0,0,1,1,0,0,0
13851321,12.45131,12.47819,0.0,0.0,0.0,0.0,1.0,1.0,0.0,3,0,0,0,0,0,1,1,0,0,0
14344851,12.45131,12.472631,0.0,0.0,0.0,0.0,1.0,1.0,0.0,3,0,0,0,0,0,1,1,0,0,0
14850476,12.441529,12.472355,0.0,0.0,0.0,0.0,1.0,1.0,0.0,3,0,0,0,0,0,1,1,0,0,0
15356066,12.441529,12.465311,0.0,0.0,0.0,0.0,1.0,1.0,0.0,3,0,0,0,0,0,1,1,0,0,0
15849706,12.441529,12.455004,0.0,0.0,0.0,0.0,1.0,1.0,0.0,3,0,0,0,0,0,1,1,0,0,0
16356068,12.470873,12.458458,0.0,0.0,0.0,0.0,1.0,1.0,0.0,3,0,0,0,0,0,1,1,0,0,0
16861652,12.45131,12.457772,0.0,0.0,0.0,0.0,1.0,1.0,0.0,3,0,0,0,0,0,1,1,0,0,0
17355260,12.4219675,12.448309,0.0,0.0,0.0,0.0,1.0,1.0,0.0,3,0,0,0,0,0,1,1,0,0,0
17860850,12.480654,12.45963,0.0,0.0,0.0,0.0,1.0,1.0,0.0,3,0,0,0,0,0,1,1,0,0,0
18367373,12.480654,12.46599,0.0,0.0,0.0,0.0,1.0,1.0,0.0,3,0,0,0,0,0,1,1,0,0,0
18860853,12.509997,12.467133,0.0,0.0,0.0,0.0,1.0,1.0,0.0,3,0,0,0,0,0,1,1,0,0,0
19366487,12.529559,12.480555,0.0,0.0,0.0,0.0,1.0,1.0,0.0,3,0,0,0,0,0,1,1,0,0,0
19872129,12.470873,12.48562,0.0,0.0,0.0,0.0,1.0,1.0,0.0,3,0,0,0,0,0,1,1,0,0,0
20366491,12.441529,12.473417,0.0,0.0,0.0,0.0,1.0,1.0,0.0,3,0,0,0,0,0,1,1,0,0,0
20872949,12.461092,12.467841,0.0,0.0,0.0,0.0,1.0,1.0,0.0,3,0,0,0,0,0,1,1,0,0,0
21377664,12.461092,12.468712,0.0,0.0,0.0,0.0,1.0,1.0,0.0,3,0,0,0,0,0,1,1,0,0,0
21871309,12.4219675,12.458155,0.0,0.0,0.0,0.0,1.0,1.0,0.0,3,0,0,0,0,0,1,1,0,0,0
22377707,12.470873,12.453211,0.0,0.0,0.0,0.0,1.0,1.0,0.0,3,0,0,0,0,0,1,1,0,0,0
22883329,12.470873,12.459357,0.0,0.0,0.0,0.0,1.0,1.0,0.0,3,0,0,0,0,0,1,1,0,0,0
23376882,12.461092,12.45728,0.0,0.0,0.0,0.0,1.0,1.0,0.0,3,0,0,0,0,0,1,1,0,0,0
23882428,12.480654,12.454035,0.0,0.0,0.0,0.0,1.0,1.0,0.0,3,0,0,0,0,0,1,1,0,0,0
24388876,12.519778,12.468798,0.0,0.0,0.0,0.0,1.0,1.0,0.0,3,0,0,0,0,0,1,1,0,0,0
24882433,12.480654,12.478033,0.0,0.0,0.0,0.0,1.0,1.0,0.0,3,0,0,0,0,0,1,1,0,0,0
25388034,12.490435,12.474206,0.0,0.0,0.0,0.0,1.0,1.0,0.0,3,0,0,0,0,0,1,1,0,0,0
25893695,12.490435,12.480401,0.0,0.0,0.0,0.0,1.0,1.0,0.0,3,0,0,0,0,0,1,1,0,0,0
26387296,12.45131,12.477787,0.0,0.0,0.0,0.0,1.0,1.0,0.0,3,0,0,0,0,0,1,1,0,0,0
26893705,12.392624,12.462622,0.0,0.0,0.0,0.0,1.0,1.0,0.0,3,0,0,0,0,0,1,1,0,0,0
27387350,12.480654,12.4577,0.0,0.0,0.0,0.0,1.0,1.0,0.0,3,0,0,0,0,0,1,1,0,0,0
27892953,12.4219675,12.45942,0.0,0.0,0.0,0.0,1.0,1.0,0.0,3,0,0,0,0,0,1,1,0,0,0
28398504,12.402405,12.447946,0.0,0.0,0.0,0.0,1.0,1.0,0.0,3,0,0,0,0,0,1,1,0,0,0
28892057,12.480654,12.44986,0.0,0.0,0.0,0.0,1.0,1.0,0.0,3,0,0,0,0,0,1,1,0,0,0
29397692,12.45131,12.460323,0.0,0.0,0.0,0.0,1.0,1.0,0.0,3,0,0,0,0,0,1,1,0,0,0
29892146,12.461092,12.457604,0.0,0.0,0.0,0.0,1.0,1.0,0.0,3,0,0,0,0,0,1,1,0,0,0
30397687,12.519778,12.464643,0.0,0.0,0.0,0.0,1.0,1.0,0.0,3,0,0,0,0,0,1,1,0,0,0
30903292,12.470873,12.481613,0.0,0.0,0.0,0.0,1.0,1.0,0.0,3,0,0,0,0,0,1,1,0,0,0
31396890,12.461092,12.481307,0.0,0.0,0.0,0.0,1.0,1.0,0.0,3,0,0,0,0,0,1,1,0,0,0
31903315,12.441529,12.471798,0.0,0.0,0.0,0.0,1.0,1.0,0.0,3,0,0,0,0,0,1,1,0,0,0
32408868,12.461092,12.475756,0.0,0.0,0.0,0.0,1.0,1.0,0.0,3,0,0,0,0,0,1,1,0,0,0
32902520,12.431748,12.46803,0.0,0.0,0.0,0.0,1.0,1.0,0.0,3,0,0,0,0,0,1,1,0,0,0
33408010,12.431748,12.455713,0.0,0.0,0.0,0.0,1.0,1.0,0.0,3,0,0,0,0,0,1,1,0,0,0
33901682,12.45131,12.458288,0.0,0.0,0.0,0.0,1.0,1.0,0.0,3,0,0,0,0,0,1,1,0,0,0
34408045,12.45131,12.457641,0.0,0.0,0.0,0.0,1.0,1.0,0.0,3,0,0,0,0,0,1,1,0,0,0
34901725,12.402405,12.450112,0.0,0.0,0.0,0.0,1.0,1.0,0.0,3,0,0,0,0,0,1,1,0,0,0
35407281,12.461092,12.452245,0.0,0.0,0.0,0.0,1.0,1.0,0.0,3,0,0,0,0,0,1,1,0,0,0
35913064,12.441529,12.464496,0.0,0.0,0.0,0.0,1.0,1.0,0.0,3,0,0,0,0,0,1,1,0,0,0
36406513,12.490435,12.467873,0.0,0.0,0.0,0.0,1.0,1.0,0.0,3,0,0,0,0,0,1,1,0,0,0
36912935,12.480654,12.476231,0.0,0.0,0.0,0.0,1.0,1.0,0.0,3,0,0,0,0,0,1,1,0,0,0
37418482,12.461092,12.483606,0.0,0.0,0.0,0.0,1.0,1.0,0.0,3,0,0,0,0,0,1,1,0,0,0
37912222,12.402405,12.475608,0.0,0.0,0.0,0.0,1.0,1.0,0.0,3,0,0,0,0,0,1,1,0,0,0
38417649,12.441529,12.467539,0.0,0.0,0.0,0.0,1.0,1.0,0.0,3,0,0,0,0,0,1,1,0,0,0
38911307,12.461092,12.468102,0.0,0.0,0.0,0.0,1.0,1.0,0.0,3,0,0,0,0,0,1,1,0,0,0
39416854,12.441529,12.459428,0.0,0.0,0.0,0.0,1.0,1.0,0.0,3,0,0,0,0,0,1,1,0,0,0
39923257,12.470873,12.450106,0.0,0.0,0.0,0.0,1.0,1.0,0.0,3,0,0,0,0,0,1,1,0,0,0
40416881,12.470873,12.455283,0.0,0.0,0.0,0.0,1.0,1.0,0.0,3,0,0,0,0,0,1,1,0,0,0
40922524,12.45131,12.456557,0.0,0.0,0.0,0.0,1.0,1.0,0.0,3,0,0,0,0,0,1,1,0,0,0
41416049,12.509997,12.456608,0.0,0.0,0.0,0.0,1.0,1.0,0.0,3,0,0,0,0,0,1,1,0,0,0
41921633,12.509997,12.468149,0.0,0.0,0.0,0.0,1.0,1.0,0.0,3,0,0,0,0,0,1,1,0,0,0
42428062,12.509997,12.478632,0.0,0.0,0.0,0.0,1.0,1.0,0.0,3,0,0,0,0,0,1,1,0,0,0
42921704,12.45131,12.477061,0.0,0.0,0.0,0.0,1.0,1.0,0.0,3,0,0,0,0,0,1,1,0,0,0
43427289,12.490435,12.481735,0.0,0.0,0.0,0.0,1.0,1.0,0.0,3,0,0,0,0,0,1,1,0,0,0
43920827,12.441529,12.481233,0.0,0.0,0.0,0.0,1.0,1.0,0.0,3,0,0,0,0,0,1,1,0,0,0
44426483,12.441529,12.463521,0.0,0.0,0.0,0.0,1.0,1.0,0.0,3,0,0,0,0,0,1,1,0,0,0
45932235,12.441529,12.443728,0.0,0.0,0.0,0.0,1.0,1.0,0.0,3,0,0,0,0,0,1,1,0,0,0
46437658,12.480654,12.442533,0.0,0.0,0.0,0.0,1.0,1.0,0.0,3,0,0,0,0,0,1,1,0,0,0
46931237,12.45131,12.451792,0.0,0.0,0.0,0.0,1.0,1.0,0.0,3,0,0,0,0,0,1,1,0,0,0
47436894,12.470873,12.455254,0.0,0.0,0.0,0.0,1.0,1.0,0.0,3,0,0,0,0,0,1,1,0,0,0
47942462,12.461092,12.4590845,0.0,0.0,0.0,0.0,1.0,1.0,0.0,3,0,0,0,0,0,1,1,0,0,0
48436809,12.509997,12.4766245,0.0,0.0,0.0,0.0,1.0,1.0,0.0,3,0,0,0,0,0,1,1,0,0,0
48942479,12.480654,12.4833145,0.0,0.0,0.0,0.0,1.0,1.0,0.0,3,0,0,0,0,0,1,1,0,0,0
49436126,12.441529,12.473222,0.0,0.0,0.0,0.0,1.0,1.0,0.0,3,0,0,0,0,0,1,1,0,0,0
49941648,12.480654,12.475402,0.0,0.0,0.0,0.0,1.0,1.0,0.0,3,0,0,0,0,0,1,1,0,0,0
50447310,12.441529,12.468032,0.0,0.0,0.0,0.0,1.0,1.0,0.0,3,0,0,0,0,0,1,1,0,0,0
50940939,12.441529,12.455972,0.0,0.0,0.0,0.0,1.0,1.0,0.0,3,0,0,0,0,0,1,1,0,0,0
51447282,12.461092,12.458408,0.0,0.0,0.0,0.0,1.0,1.0,0.0,3,0,0,0,0,0,1,1,0,0,0
51952983,12.441529,12.458028,0.0,0.0,0.0,0.0,1.0,1.0,0.0,3,0,0,0,0,0,1,1,0,0,0
52446445,12.461092,12.452133,0.0,0.0,0.0,0.0,1.0,1.0,0.0,3,0,0,0,0,0,1,1,0,0,0
52952008,12.519778,12.459798,0.0,0.0,0.0,0.0,1.0,1.0,0.0,3,0,0,0,0,0,1,1,0,0,0
53457696,12.480654,12.469463,0.0,0.0,0.0,0.0,1.0,1.0,0.0,3,0,0,0,0,0,1,1,0,0,0
53951304,12.470873,12.46695,0.0,0.0,0.0,0.0,1.0,1.0,0.0,3,0,0,0,0,0,1,1,0,0,0
54457648,12.519778,12.477567,0.0,0.0,0.0,0.0,1.0,1.0,0.0,3,0,0,0,0,0,1,1,0,0,0
54951265,12.480654,12.48413,0.0,0.0,0.0,0.0,1.0,1.0,0.0,3,0,0,0,0,0,1,1,0,0,0
55456878,12.4219675,12.472201,0.0,0.0,0.0,0.0,1.0,1.0,0.0,3,0,0,0,0,0,1,1,0,0,0
55950485,12.490435,12.467903,0.0,0.0,0.0,0.0,1.0,1.0,0.0,3,0,0,0,0,0,1,1,0,0,0
56456060,12.470873,12.469488,0.0,0.0,0.0,0.0,1.0,1.0,0.0,3,0,0,0,0,0,1,1,0,0,0
56961652,12.4219675,12.459293,0.0,0.0,0.0,0.0,1.0,1.0,0.0,3,0,0,0,0,0,1,1,0,0,0
57455245,12.480654,12.452422,0.0,0.0,0.0,0.0,1.0,1.0,0.0,3,0,0,0,0,0,1,1,0,0,0
57961635,12.470873,12.456476,0.0,0.0,0.0,0.0,1.0,1.0,0.0,3,0,0,0,0,0,1,1,0,0,0
58455292,12.45131,12.456139,0.0,0.0,0.0,0.0,1.0,1.0,0.0,3,0,0,0,0,0,1,1,0,0,0
58960811,12.470873,12.4535885,0.0,0.0,0.0,0.0,1.0,1.0,0.0,3,0,0,0,0,0,1,1,0,0,0
59466563,12.509997,12.46532,0.0,0.0,0.0,0.0,1.0,1.0,0.0,3,0,0,0,0,0,1,1,0,0,0
59960075,12.490435,12.476702,0.0,0.0,0.0,0.0,1.0,1.0,0.0,3,0,0,0,0,0,1,1,0,0,0
60465697,12.480654,12.477042,0.0,0.0,0.0,0.0,1.0,1.0,0.0,3,0,0,0,0,0,1,1,0,0,0
60971306,12.470873,12.480456,0.0,0.0,0.0,0.0,1.0,1.0,0.0,3,0,0,0,0,0,1,1,0,0,0
61464885,12.470873,12.479429,0.0,0.0,0.0,0.0,1.0,1.0,0.0,3,0,0,0,0,0,1,1,0,0,0
61971248,12.470873,12.467639,0.0,0.0,0.0,0.0,1.0,1.0,0.0,3,0,0,0,0,0,1,1,0,0,0
62476870,12.480654,12.464057,0.0,0.0,0.0,0.0,1.0,1.0,0.0,3,0,0,0,0,0,1,1,0,0,0
62970492,12.4219675,12.463755,0.0,0.0,0.0,0.0,1.0,1.0,0.0,3,0,0,0,0,0,1,1,0,0,0
63475994,12.412187,12.455342,0.0,0.0,0.0,0.0,1.0,1.0,0.0,3,0,0,0,0,0,1,1,0,0,0
63981696,12.470873,12.452221,0.0,0.0,0.0,0.0,1.0,1.0,0.0,3,0,0,0,0,0,1,1,0,0,0
64475274,12.500216,12.460127,0.0,0.0,0.0,0.0,1.0,1.0,0.0,3,0,0,0,0,0,1,1,0,0,0
64980872,12.431748,12.460632,0.0,0.0,0.0,0.0,1.0,1.0,0.0,3,0,0,0,0,0,1,1,0,0,0
65487228,12.519778,12.464779,0.0,0.0,0.0,0.0,1.0,1.0,0.0,3,0,0,0,0,0,1,1,0,0,0
65981004,12.509997,12.477855,0.0,0.0,0.0,0.0,1.0,1.0,0.0,3,0,0,0,0,0,1,1,0,0,0
66486414,12.461092,12.47554,0.0,0.0,0.0,0.0,1.0,1.0,0.0,3,0,0,0,0,0,1,1,0,0,0
66980062,12.480654,12.476981,0.0,0.0,0.0,0.0,1.0,1.0,0.0,3,0,0,0,0,0,1,1,0,0,0
67485662,12.45131,12.480318,0.0,0.0,0.0,0.0,1.0,1.0,0.0,3,0,0,0,0,0,1,1,0,0,0
67991244,12.4219675,12.464625,0.0,0.0,0.0,0.0,1.0,1.0,0.0,3,0,0,0,0,0,1,1,0,0,0
68484834,12.441529,12.459433,0.0,0.0,0.0,0.0,1.0,1.0,0.0,3,0,0,0,0,0,1,1,0,0,0
68990461,12.461092,12.461395,0.0,0.0,0.0,0.0,1.0,1.0,0.0,3,0,0,0,0,0,1,1,0,0,0
69496858,12.441529,12.455534,0.0,0.0,0.0,0.0,1.0,1.0,0.0,3,0,0,0,0,0,1,1,0,0,0
69990614,12.480654,12.452603,0.0,0.0,0.0,0.0,1.0,1.0,0.0,3,0,0,0,0,0,1,1,0,0,0
70496071,12.480654,12.45879,0.0,0.0,0.0,0.0,1.0,1.0,0.0,3,0,0,0,0,0,1,1,0,0,0
71001752,12.480654,12.463748,0.0,0.0,0.0,0.0,1.0,1.0,0.0,3,0,0,0,0,0,1,1,0,0,0
71495266,12.509997,12.467173,0.0,0.0,0.0,0.0,1.0,1.0,0.0,3,0,0,0,0,0,1,1,0,0,0
72000835,12.490435,12.480124,0.0,0.0,0.0,0.0,1.0,1.0,0.0,3,0,0,0,0,0,1,1,0,0,0
72506453,12.480654,12.483516,0.0,0.0,0.0,0.0,1.0,1.0,0.0,3,0,0,0,0,0,1,1,0,0,0
73000059,12.461092,12.471649,0.0,0.0,0.0,0.0,1.0,1.0,0.0,3,0,0,0,0,0,1,1,0,0,0
73505627,12.461092,12.471206,0.0,0.0,0.0,0.0,1.0,1.0,0.0,3,0,0,0,0,0,1,1,0,0,0
74000076,12.500216,12.468931,0.0,0.0,0.0,0.0,1.0,1.0,0.0,3,0,0,0,0,0,1,1,0,0,0
74505666,12.461092,12.456011,0.0,0.0,0.0,0.0,1.0,1.0,0.0,3,0,0,0,0,0,1,1,0,0,0
75011315,12.470873,12.456772,0.0,0.0,0.0,0.0,1.0,1.0,0.0,3,0,0,0,0,0,1,1,0,0,0
75504866,12.441529,12.460848,0.0,0.0,0.0,0.0,1.0,1.0,0.0,3,0,0,0,0,0,1,1,0,0,0
76010493,12.470873,12.451411,0.0,0.0,0.0,0.0,1.0,1.0,0.0,3,0,0,0,0,0,1,1,0,0,0
76516046,12.461092,12.456998,0.0,0.0,0.0,0.0,1.0,1.0,0.0,3,0,0,0,0,0,1,1,0,0,0
77009663,12.480654,12.470698,0.0,0.0,0.0,0.0,1.0,1.0,0.0,3,0,0,0,0,0,1,1,0,0,0
77515259,12.45131,12.475094,0.0,0.0,0.0,0.0,1.0,1.0,0.0,3,0,0,0,0,0,1,1,0,0,0
78020829,12.500216,12.479594,0.0,0.0,0.0,0.0,1.0,1.0,0.0,3,0,0,0,0,0,1,1,0,0,0
78515236,12.490435,12.484872,0.0,0.0,0.0,0.0,1.0,1.0,0.0,3,0,0,0,0,0,1,1,0,0,0
79020874,12.431748,12.475754,0.0,0.0,0.0,0.0,1.0,1.0,0.0,3,0,0,0,0,0,1,1,0,0,0
79514549,12.441529,12.466353,0.0,0.0,0.0,0.0,1.0,1.0,0.0,3,0,0,0,0,0,1,1,0,0,0
80020168,12.470873,12.466874,0.0,0.0,0.0,0.0,1.0,1.0,0.0,3,0,0,0,0,0,1,1,0,0,0
80525672,12.4219675,12.461881,0.0,0.0,0.0,0.0,1.0,1.0,0.0,3,0,0,0,0,0,1,1,0,0,0
81019269,12.490435,12.450571,0.0,0.0,0.0,0.0,1.0,1.0,0.0,3,0,0,0,0,0,1,1,0,0,0
81524840,12.45131,12.4570875,0.0,0.0,0.0,0.0,1.0,1.0,0.0,3,0,0,0,0,0,1,1,0,0,0
82030462,12.4219675,12.463419,0.0,0.0,0.0,0.0,1.0,1.0,0.0,3,0,0,0,0,0,1,1,0,0,0
82524021,12.490435,12.457835,0.0,0.0,0.0,0.0,1.0,1.0,0.0,3,0,0,0,0,0,1,1,0,0,0
83029757,12.519778,12.46776,0.0,0.0,0.0,0.0,1.0,1.0,0.0,3,0,0,0,0,0,1,1,0,0,0
83535259,12.490435,12.481145,0.0,0.0,0.0,0.0,1.0,1.0,0.0,3,0,0,0,0,0,1,1,0,0,0
84028816,12.480654,12.4867325,0.0,0.0,0.0,0.0,1.0,1.0,0.0,3,0,0,0,0,0,1,1,0,0,0
84535268,12.4219675,12.479455,0.0,0.0,0.0,0.0,1.0,1.0,0.0,3,0,0,0,0,0,1,1,0,0,0
85028047,12.45131,12.471547,0.0,0.0,0.0,0.0,1.0,1.0,0.0,3,0,0,0,0,0,1,1,0,0,0
85534406,12.441529,12.470378,0.0,0.0,0.0,0.0,1.0,1.0,0.0,3,0,0,0,0,0,1,1,0,0,0
86040088,12.441529,12.463123,0.0,0.0,0.0,0.0,1.0,1.0,0.0,3,0,0,0,0,0,1,1,0,0,0
86533707,12.461092,12.454405,0.0,0.0,0.0,0.0,1.0,1.0,0.0,3,0,0,0,0,0,1,1,0,0,0
87039234,12.500216,12.457709,0.0,0.0,0.0,0.0,1.0,1.0,0.0,3,0,0,0,0,0,1,1,0,0,0
87544858,12.441529,12.457797,0.0,0.0,0.0,0.0,1.0,1.0,0.0,3,0,0,0,0,0,1,1,0,0,0
88038465,12.470873,12.452497,0.0,0.0,0.0,0.0,1.0,1.0,0.0,3,0,0,0,0,0,1,1,0,0,0
88544026,12.519778,12.465822,0.0,0.0,0.0,0.0,1.0,1.0,0.0,3,0,0,0,0,0,1,1,0,0,0
89049687,12.480654,12.477054,0.0,0.0,0.0,0.0,1.0,1.0,0.0,3,0,0,0,0,0,1,1,0,0,0
89543281,12.470873,12.476387,0.0,0.0,0.0,0.0,1.0,1.0,0.0,3,0,0,0,0,0,1,1,0,0,0
90049805,12.490435,12.481257,0.0,0.0,0.0,0.0,1.0,1.0,0.0,3,0,0,0,0,0,1,1,0,0,0
90554435,12.480654,12.481722,0.0,0.0,0.0,0.0,1.0,1.0,0.0,3,0,0,0,0,0,1,1,0,0,0
91048866,12.4219675,12.467441,0.0,0.0,0.0,0.0,1.0,1.0,0.0,3,0,0,0,0,0,1,1,0,0,0
91554508,12.461092,12.464719,0.0,0.0,0.0,0.0,1.0,1.0,0.0,3,0,0,0,0,0,1,1,0,0,0
92060064,12.461092,12.4644165,0.0,0.0,0.0,0.0,1.0,1.0,0.0,3,0,0,0,0,0,1,1,0,0,0
92553584,12.392624,12.455544,0.0,0.0,0.0,0.0,1.0,1.0,0.0,3,0,0,0,0,0,1,1,0,0,0
93059324,12.470873,12.447811,0.0,0.0,0.0,0.0,1.0,1.0,0.0,3,0,0,0,0,0,1,1,0,0,0
93564840,12.45131,12.457328,0.0,0.0,0.0,0.0,1.0,1.0,0.0,3,0,0,0,0,0,1,1,0,0,0
94058482,12.4219675,12.458759,0.0,0.0,0.0,0.0,1.0,1.0,0.0,3,0,0,0,0,0,1,1,0,0,0
94564058,12.509997,12.461005,0.0,0.0,0.0,0.0,1.0,1.0,0.0,3,0,0,0,0,0,1,1,0,0,0
95069819,12.529559,12.477636,0.0,0.0,0.0,0.0,1.0,1.0,0.0,3,0,0,0,0,0,1,1,0,0,0
95563290,12.461092,12.483366,0.0,0.0,0.0,0.0,1.0,1.0,0.0,3,0,0,0,0,0,1,1,0,0,0
96068867,12.480654,12.476119,0.0,0.0,0.0,0.0,1.0,1.0,0.0,3,0,0,0,0,0,1,1,0,0,0
96574486,12.480654,12.474764,0.0,0.0,0.0,0.0,1.0,1.0,0.0,3,0,0,0,0,0,1,1,0,0,0
97068110,12.441529,12.463995,0.0,0.0,0.0,0.0,1.0,1.0,0.0,3,0,0,0,0,0,1,1,0,0,0
97573647,12.470873,12.458955,0.0,0.0,0.0,0.0,1.0,1.0,0.0,3,0,0,0,0,0,1,1,0,0,0
98067215,12.490435,12.464784,0.0,0.0,0.0,0.0,1.0,1.0,0.0,3,0,0,0,0,0,1,1,0,0,0
98572969,12.402405,12.454786,0.0,0.0,0.0,0.0,1.0,1.0,0.0,3,0,0,0,0,0,1,1,0,0,0
99066478,12.461092,12.450498,0.0,0.0,0.0,0.0,1.0,1.0,0.0,3,0,0,0,0,0,1,1,0,0,0
99572049,12.45131,12.46185,0.0,0.0,0.0,0.0,1.0,1.0,0.0,3,0,0,0,0,0,1,1,0,0,0
100077671,12.431748,12.462588,0.0,0.0,0.0,0.0,1.0,1.0,0.0,3,0,0,0,0,0,1,1,0,0,0
100572067,12.490435,12.462808,0.0,0.0,0.0,0.0,1.0,1.0,0.0,3,0,0,0,0,0,1,1,0,0,0
101077621,12.529559,12.480163,0.0,0.0,0.0,0.0,1.0,1.0,0.0,3,0,0,0,0,0,1,1,0,0,0
101571205,12.480654,12.483964,0.0,0.0,0.0,0.0,1.0,1.0,0.0,3,0,0,0,0,0,1,1,0,0,0
102076891,12.45131,12.473714,0.0,0.0,0.0,0.0,1.0,1.0,0.0,3,0,0,0,0,0,1,1,0,0,0
102582589,12.490435,12.473015,0.0,0.0,0.0,0.0,1.0,1.0,0.0,3,0,0,0,0,0,1,1,0,0,0
103076061,12.4219675,12.471071,0.0,0.0,0.0,0.0,1.0,1.0,0.0,3,0,0,0,0,0,1,1,0,0,0
103581709,12.441529,12.4584875,0.0,0.0,0.0,0.0,1.0,1.0,0.0,3,0,0,0,0,0,1,1,0,0,0
104087275,12.470873,12.460372,0.0,0.0,0.0,0.0,1.0,1.0,0.0,3,0,0,0,0,0,1,1,0,0,0
104580914,12.500216,12.461113,0.0,0.0,0.0,0.0,1.0,1.0,0.0,3,0,0,0,0,0,1,1,0,0,0
105086454,12.412187,12.452462,0.0,0.0,0.0,0.0,1.0,1.0,0.0,3,0,0,0,0,0,1,1,0,0,0
105592105,12.509997,12.455408,0.0,0.0,0.0,0.0,1.0,1.0,0.0,3,0,0,0,0,0,1,1,0,0,0
106085705,12.500216,12.46687,0.0,0.0,0.0,0.0,1.0,1.0,0.0,3,0,0,0,0,0,1,1,0,0,0
106591239,12.461092,12.468277,0.0,0.0,0.0,0.0,1.0,1.0,0.0,3,0,0,0,0,0,1,1,0,0,0
107096862,12.509997,12.474747,0.0,0.0,0.0,0.0,1.0,1.0,0.0,3,0,0,0,0,0,1,1,0,0,0
107590507,12.490435,12.485865,0.0,0.0,0.0,0.0,1.0,1.0,0.0,3,0,0,0,0,0,1,1,0,0,0
108096108,12.461092,12.477695,0.0,0.0,0.0,0.0,1.0,1.0,0.0,3,0,0,0,0,0,1,1,0,0,0
108601673,12.45131,12.464981,0.0,0.0,0.0,0.0,1.0,1.0,0.0,3,0,0,0,0,0,1,1,0,0,0
109095214,12.500216,12.465017,0.0,0.0,0.0,0.0,1.0,1.0,0.0,3,0,0,0,0,0,1,1,0,0,0
109600873,12.4219675,12.45971,0.0,0.0,0.0,0.0,1.0,1.0,0.0,3,0,0,0,0,0,1,1,0,0,0
110106445,12.470873,12.452319,0.0,0.0,0.0,0.0,1.0,1.0,0.0,3,0,0,0,0,0,1,1,0,0,0
110600054,12.4219675,12.450494,0.0,0.0,0.0,0.0,1.0,1.0,0.0,3,0,0,0,0,0,1,1,0,0,0
111105677,12.480654,12.449528,0.0,0.0,0.0,0.0,1.0,1.0,0.0,3,0,0,0,0,0,1,1,0,0,0
111599331,12.480654,12.46183,0.0,0.0,0.0,0.0,1.0,1.0,0.0,3,0,0,0,0,0,1,1,0,0,0
112104844,12.519778,12.4700575,0.0,0.0,0.0,0.0,1.0,1.0,0.0,3,0,0,0,0,0,1,1,0,0,0
112610499,12.480654,12.47025,0.0,0.0,0.0,0.0,1.0,1.0,0.0,3,0,0,0,0,0,1,1,0,0,0
113104020,12.519778,12.482087,0.0,0.0,0.0,0.0,1.0,1.0,0.0,3,0,0,0,0,0,1,1,0,0,0
113609739,12.509997,12.484253,0.0,0.0,0.0,0.0,1.0,1.0,0.0,3,0,0,0,0,0,1,1,0,0,0
114115179,12.470873,12.469739,0.0,0.0,0.0,0.0,1.0,1.0,0.0,3,0,0,0,0,0,1,1,0,0,0
114608857,12.461092,12.473511,0.0,0.0,0.0,0.0,1.0,1.0,0.0,3,0,0,0,0,0,1,1,0,0,0
115114545,12.441529,12.470939,0.0,0.0,0.0,0.0,1.0,1.0,0.0,3,0,0,0,0,0,1,1,0,0,0
115620064,12.45131,12.458578,0.0,0.0,0.0,0.0,1.0,1.0,0.0,3,0,0,0,0,0,1,1,0,0,0
116113634,12.461092,12.454335,0.0,0.0,0.0,0.0,1.0,1.0,0.0,3,0,0,0,0,0,1,1,0,0,0
116620149,12.461092,12.459245,0.0,0.0,0.0,0.0,1.0,1.0,0.0,3,0,0,0,0,0,1,1,0,0,0
117112952,12.470873,12.458071,0.0,0.0,0.0,0.0,1.0,1.0,0.0,3,0,0,0,0,0,1,1,0,0,0
117618434,12.490435,12.457375,0.0,0.0,0.0,0.0,1.0,1.0,0.0,3,0,0,0,0,0,1,1,0,0,0
118124057,12.490435,12.471319,0.0,0.0,0.0,0.0,1.0,1.0,0.0,3,0,0,0,0,0,1,1,0,0,0
118617637,12.480654,12.478216,0.0,0.0,0.0,0.0,1.0,1.0,0.0,3,0,0,0,0,0,1,1,0,0,0
119123290,12.490435,12.476569,0.0,0.0,0.0,0.0,1.0,1.0,0.0,3,0,0,0,0,0,1,1,0,0,0
119628870,12.461092,12.479864,0.0,0.0,0.0,0.0,1.0,1.0,0.0,3,0,0,0,0,0,1,1,0,0,0
120123238,12.431748,12.476171,0.0,0.0,0.0,0.0,1.0,1.0,0.0,3,0,0,0,0,0,1,1,0,0,0
120628077,12.441529,12.460583,0.0,0.0,0.0,0.0,1.0,1.0,0.0,3,0,0,0,0,0,1,1,0,0,0
121133605,12.461092,12.460304,0.0,0.0,0.0,0.0,1.0,1.0,0.0,3,0,0,0,0,0,1,1,0,0,0
121627266,12.45131,12.459696,0.0,0.0,0.0,0.0,1.0,1.0,0.0,3,0,0,0,0,0,1,1,0,0,0
122132963,12.4219675,12.44835,0.0,0.0,0.0,0.0,1.0,1.0,0.0,3,0,0,0,0,0,1,1,0,0,0
122638438,12.490435,12.453434,0.0,0.0,0.0,0.0,1.0,1.0,0.0,3,0,0,0,0,0,1,1,0,0,0
123132923,12.45131,12.458655,0.0,0.0,0.0,0.0,1.0,1.0,0.0,3,0,0,0,0,0,1,1,0,0,0
123637601,12.461092,12.46022,0.0,0.0,0.0,0.0,1.0,1.0,0.0,3,0,0,0,0,0,1,1,0,0,0
124131274,12.490435,12.467251,0.0,0.0,0.0,0.0,1.0,1.0,0.0,3,0,0,0,0,0,1,1,0,0,0
124636843,12.500216,12.483073,0.0,0.0,0.0,0.0,1.0,1.0,0.0,3,0,0,0,0,0,1,1,0,0,0
125143313,12.4219675,12.480022,0.0,0.0,0.0,0.0,1.0,1.0,0.0,3,0,0,0,0,0,1,1,0,0,0
125636052,12.480654,12.472485,0.0,0.0,0.0,0.0,1.0,1.0,0.0,3,0,0,0,0,0,1,1,0,0,0
126141727,12.461092,12.470996,0.0,0.0,0.0,0.0,1.0,1.0,0.0,3,0,0,0,0,0,1,1,0,0,0
126635282,12.402405,12.465979,0.0,0.0,0.0,0.0,1.0,1.0,0.0,3,0,0,0,0,0,1,1,0,0,0
127140861,12.45131,12.454733,0.0,0.0,0.0,0.0,1.0,1.0,0.0,3,0,0,0,0,0,1,1,0,0,0
127646499,12.470873,12.457566,0.0,0.0,0.0,0.0,1.0,1.0,0.0,3,0,0,0,0,0,1,1,0,0,0
128140031,12.441529,12.455761,0.0,0.0,0.0,0.0,1.0,1.0,0.0,3,0,0,0,0,0,1,1,0,0,0
128645785,12.441529,12.44798,0.0,0.0,0.0,0.0,1.0,1.0,0.0,3,0,0,0,0,0,1,1,0,0,0
129151242,12.500216,12.45611,0.0,0.0,0.0,0.0,1.0,1.0,0.0,3,0,0,0,0,0,1,1,0,0,0
129644835,12.500216,12.466289,0.0,0.0,0.0,0.0,1.0,1.0,0.0,3,0,0,0,0,0,1,1,0,0,0
130150539,12.480654,12.467994,0.0,0.0,0.0,0.0,1.0,1.0,0.0,3,0,0,0,0,0,1,1,0,0,0
130655977,12.480654,12.479528,0.0,0.0,0.0,0.0,1.0,1.0,0.0,3,0,0,0,0,0,1,1,0,0,0
131149682,12.470873,12.484155,0.0,0.0,0.0,0.0,1.0,1.0,0.0,3,0,0,0,0,0,1,1,0,0,0
131655305,12.470873,12.4718275,0.0,0.0,0.0,0.0,1.0,1.0,0.0,3,0,0,0,0,0,1,1,0,0,0
132148884,12.45131,12.466973,0.0,0.0,0.0,0.0,1.0,1.0,0.0,3,0,0,0,0,0,1,1,0,0,0
132654430,12.461092,12.468599,0.0,0.0,0.0,0.0,1.0,1.0,0.0,3,0,0,0,0,0,1,1,0,0,0
133160043,12.4219675,12.458289,0.0,0.0,0.0,0.0,1.0,1.0,0.0,3,0,0,0,0,0,1,1,0,0,0
133653699,12.441529,12.451544,0.0,0.0,0.0,0.0,1.0,1.0,0.0,3,0,0,0,0,0,1,1,0,0,0
134159294,12.45131,12.456919,0.0,0.0,0.0,0.0,1.0,1.0,0.0,3,0,0,0,0,0,1,1,0,0,0
134664816,12.412187,12.458728,0.0,0.0,0.0,0.0,1.0,1.0,0.0,3,0,0,0,0,0,1,1,0,0,0
135158433,12.45131,12.454928,0.0,0.0,0.0,0.0,1.0,1.0,0.0,3,0,0,0,0,0,1,1,0,0,0
136663257,12.480654,12.468771,0.0,0.0,0.0,0.0,1.0,1.0,0.0,3,0,0,0,0,0,1,1,0,0,0
137168920,12.490435,12.475713,0.0,0.0,0.0,0.0,1.0,1.0,0.0,3,0,0,0,0,0,1,1,0,0,0
137662469,12.45131,12.473545,0.0,0.0,0.0,0.0,1.0,1.0,0.0,3,0,0,0,0,0,1,1,0,0,0
138168078,12.402405,12.459573,0.0,0.0,0.0,0.0,1.0,1.0,0.0,3,0,0,0,0,0,1,1,0,0,0
138673664,12.480654,12.457196,0.0,0.0,0.0,0.0,1.0,1.0,0.0,3,0,0,0,0,0,1,1,0,0,0
139166469,12.441529,12.45999,0.0,0.0,0.0,0.0,1.0,1.0,0.0,3,0,0,0,0,0,1,1,0,0,0
139672121,12.4219675,12.451224,0.0,0.0,0.0,0.0,1.0,1.0,0.0,3,0,0,0,0,0,1,1,0,0,0
140177633,12.470873,12.442381,0.0,0.0,0.0,0.0,1.0,1.0,0.0,3,0,0,0,0,0,1,1,0,0,0
140671376,12.470873,12.457578,0.0,0.0,0.0,0.0,1.0,1.0,0.0,3,0,0,0,0,0,1,1,0,0,0
141176875,12.441529,12.456995,0.0,0.0,0.0,0.0,1.0,1.0,0.0,3,0,0,0,0,0,1,1,0,0,0
141682613,12.470873,12.462961,0.0,0.0,0.0,0.0,1.0,1.0,0.0,3,0,0,0,0,0,1,1,0,0,0
142176115,12.509997,12.477533,0.0,0.0,0.0,0.0,1.0,1.0,0.0,3,0,0,0,0,0,1,1,0,0,0
142681610,12.470873,12.477261,0.0,0.0,0.0,0.0,1.0,1.0,0.0,3,0,0,0,0,0,1,1,0,0,0
143187316,12.480654,12.472144,0.0,0.0,0.0,0.0,1.0,1.0,0.0,3,0,0,0,0,0,1,1,0,0,0
143680910,12.45131,12.474555,0.0,0.0,0.0,0.0,1.0,1.0,0.0,3,0,0,0,0,0,1,1,0,0,0
144186436,12.441529,12.467959,0.0,0.0,0.0,0.0,1.0,1.0,0.0,3,0,0,0,0,0,1,1,0,0,0
144692138,12.431748,12.4531975,0.0,0.0,0.0,0.0,1.0,1.0,0.0,3,0,0,0,0,0,1,1,0,0,0
145185696,12.480654,12.455815,0.0,0.0,0.0,0.0,1.0,1.0,0.0,3,0,0,0,0,0,1,1,0,0,0
145692059,12.4219675,12.457187,0.0,0.0,0.0,0.0,1.0,1.0,0.0,3,0,0,0,0,0,1,1,0,0,0
146196845,12.441529,12.451787,0.0,0.0,0.0,0.0,1.0,1.0,0.0,3,0,0,0,0,0,1,1,0,0,0
146690461,12.470873,12.457575,0.0,0.0,0.0,0.0,1.0,1.0,0.0,3,0,0,0,0,0,1,1,0,0,0
147196828,12.480654,12.468469,0.0,0.0,0.0,0.0,1.0,1.0,0.0,3,0,0,0,0,0,1,1,0,0,0
147701657,12.470873,12.470041,0.0,0.0,0.0,0.0,1.0,1.0,0.0,3,0,0,0,0,0,1,1,0,0,0
148194420,12.480654,12.476563,0.0,0.0,0.0,0.0,1.0,1.0,0.0,3,0,0,0,0,0,1,1,0,0,0
148700094,12.480654,12.482169,0.0,0.0,0.0,0.0,1.0,1.0,0.0,3,0,0,0,0,0,1,1,0,0,0
149205673,12.4219675,12.4705105,0.0,0.0,0.0,0.0,1.0,1.0,0.0,3,0,0,0,0,0,1,1,0,0,0
149699309,12.45131,12.46164,0.0,0.0,0.0,0.0,1.0,1.0,0.0,3,0,0,0,0,0,1,1,0,0,0
150205689,12.461092,12.463432,0.0,0.0,0.0,0.0,1.0,1.0,0.0,3,0,0,0,0,0,1,1,0,0,0
150698415,12.441529,12.4576,0.0,0.0,0.0,0.0,1.0,1.0,0.0,3,0,0,0,0,0,1,1,0,0,0
151204138,12.45131,12.448165,0.0,0.0,0.0,0.0,1.0,1.0,0.0,3,0,0,0,0,0,1,1,0,0,0
151709686,12.470873,12.45438,0.0,0.0,0.0,0.0,1.0,1.0,0.0,3,0,0,0,0,0,1,1,0,0,0
152203245,12.480654,12.457276,0.0,0.0,0.0,0.0,1.0,1.0,0.0,3,0,0,0,0,0,1,1,0,0,0
152701665,12.480654,12.452593,0.0,0.0,0.0,0.0,1.0,1.0,0.0,3,0,0,0,0,0,1,1,0,0,0
153206418,12.500216,12.46791,0.0,0.0,0.0,0.0,1.0,1.0,0.0,3,0,0,0,0,0,1,1,0,0,0
153712083,12.480654,12.479929,0.0,0.0,0.0,0.0,1.0,1.0,0.0,3,0,0,0,0,0,1,1,0,0,0
154204899,12.480654,12.473011,0.0,0.0,0.0,0.0,1.0,1.0,0.0,3,0,0,0,0,0,1,1,0,0,0
154711326,12.490435,12.475796,0.0,0.0,0.0,0.0,1.0,1.0,0.0,3,0,0,0,0,0,1,1,0,0,0
155206568,12.470873,12.47629,0.0,0.0,0.0,0.0,1.0,1.0,0.0,3,0,0,0,0,0,1,1,0,0,0
155713677,12.412187,12.463504,0.0,0.0,0.0,0.0,1.0,1.0,0.0,3,0,0,0,0,0,1,1,0,0,0
156219296,12.470873,12.460086,0.0,0.0,0.0,0.0,1.0,1.0,0.0,3,0,0,0,0,0,1,1,0,0,0
156712883,12.461092,12.461672,0.0,0.0,0.0,0.0,1.0,1.0,0.0,3,0,0,0,0,0,1,1,0,0,0
157218531,12.45131,12.461297,0.0,0.0,0.0,0.0,1.0,1.0,0.0,3,0,0,0,0,0,1,1,0,0,0
157724155,12.431748,12.449301,0.0,0.0,0.0,0.0,1.0,1.0,0.0,3,0,0,0,0,0,1,1,0,0,0
158219263,12.509997,12.455348,0.0,0.0,0.0,0.0,1.0,1.0,0.0,3,0,0,0,0,0,1,1,0,0,0
158727337,12.480654,12.464661,0.0,0.0,0.0,0.0,1.0,1.0,0.0,3,0,0,0,0,0,1,1,0,0,0
159232908,12.480654,12.464174,0.0,0.0,0.0,0.0,1.0,1.0,0.0,3,0,0,0,0,0,1,1,0,0,0
159725732,12.470873,12.475194,0.0,0.0,0.0,0.0,1.0,1.0,0.0,3,0,0,0,0,0,1,1,0,0,0
160232039,12.45131,12.481334,0.0,0.0,0.0,0.0,1.0,1.0,0.0,3,0,0,0,0,0,1,1,0,0,0
160736869,12.461092,12.472399,0.0,0.0,0.0,0.0,1.0,1.0,0.0,3,0,0,0,0,0,1,1,0,0,0
161231316,12.461092,12.466954,0.0,0.0,0.0,0.0,1.0,1.0,0.0,3,0,0,0,0,0,1,1,0,0,0
161736040,12.461092,12.466397,0.0,0.0,0.0,0.0,1.0,1.0,0.0,3,0,0,0,0,0,1,1,0,0,0
162241705,12.412187,12.455752,0.0,0.0,0.0,0.0,1.0,1.0,0.0,3,0,0,0,0,0,1,1,0,0,0
162735273,12.45131,12.448777,0.0,0.0,0.0,0.0,1.0,1.0,0.0,3,0,0,0,0,0,1,1,0,0,0
163240809,12.45131,12.453345,0.0,0.0,0.0,0.0,1.0,1.0,0.0,3,0,0,0,0,0,1,1,0,0,0
163746528,12.402405,12.454154,0.0,0.0,0.0,0.0,1.0,1.0,0.0,3,0,0,0,0,0,1,1,0,0,0
164240087,12.461092,12.44297,0.0,0.0,0.0,0.0,1.0,1.0,0.0,3,0,0,0,0,0,1,1,0,0,0
164745695,12.509997,12.458736,0.0,0.0,0.0,0.0,1.0,1.0,0.0,3,0,0,0,0,0,1,1,0,0,0
165251224,12.480654,12.471467,0.0,0.0,0.0,0.0,1.0,1.0,0.0,3,0,0,0,0,0,1,1,0,0,0
165744013,12.480654,12.461441,0.0,0.0,0.0,0.0,1.0,1.0,0.0,3,0,0,0,0,0,1,1,0,0,0
166249705,12.480654,12.471907,0.0,0.0,0.0,0.0,1.0,1.0,0.0,3,0,0,0,0,0,1,1,0,0,0
166755274,12.500216,12.472212,0.0,0.0,0.0,0.0,1.0,1.0,0.0,3,0,0,0,0,0,1,1,0,0,0
167248806,12.431748,12.460003,0.0,0.0,0.0,0.0,1.0,1.0,0.0,3,0,0,0,0,0,1,1,0,0,0
167754373,12.45131,12.458467,0.0,0.0,0.0,0.0,1.0,1.0,0.0,3,0,0,0,0,0,1,1,0,0,0
168248029,12.461092,12.46097,0.0,0.0,0.0,0.0,1.0,1.0,0.0,3,0,0,0,0,0,1,1,0,0,0
168753628,12.412187,12.449543,0.0,0.0,0.0,0.0,1.0,1.0,0.0,3,0,0,0,0,0,1,1,0,0,0
169258443,12.461092,12.45074,0.0,0.0,0.0,0.0,1.0,1.0,0.0,3,0,0,0,0,0,1,1,0,0,0
169752068,12.412187,12.453784,0.0,0.0,0.0,0.0,1.0,1.0,0.0,3,0,0,0,0,0,1,1,0,0,0
170257656,12.490435,12.451164,0.0,0.0,0.0,0.0,1.0,1.0,0.0,3,0,0,0,0,0,1,1,0,0,0
170763265,12.519778,12.465998,0.0,0.0,0.0,0.0,1.0,1.0,0.0,3,0,0,0,0,0,1,1,0,0,0
171256904,12.490435,12.474503,0.0,0.0,0.0,0.0,1.0,1.0,0.0,3,0,0,0,0,0,1,1,0,0,0
171762501,12.480654,12.471464,0.0,0.0,0.0,0.0,1.0,1.0,0.0,3,0,0,0,0,0,1,1,0,0,0
172268048,12.461092,12.473511,0.0,0.0,0.0,0.0,1.0,1.0,0.0,3,0,0,0,0,0,1,1,0,0,0
172761670,12.441529,12.474236,0.0,0.0,0.0,0.0,1.0,1.0,0.0,3,0,0,0,0,0,1,1,0,0,0
173267226,12.412187,12.460724,0.0,0.0,0.0,0.0,1.0,1.0,0.0,3,0,0,0,0,0,1,1,0,0,0
173772941,12.461092,12.458475,0.0,0.0,0.0,0.0,1.0,1.0,0.0,3,0,0,0,0,0,1,1,0,0,0
174265676,12.45131,12.453081,0.0,0.0,0.0,0.0,1.0,1.0,0.0,3,0,0,0,0,0,1,1,0,0,0
174771344,12.4219675,12.444331,0.0,0.0,0.0,0.0,1.0,1.0,0.0,3,0,0,0,0,0,1,1,0,0,0
175276854,12.45131,12.444331,0.0,0.0,0.0,0.0,1.0,1.0,0.0,3,0,0,0,0,0,1,1,0,0,0
175770432,12.45131,12.456233,0.0,0.0,0.0,0.0,1.0,1.0,0.0,3,0,0,0,0,0,1,1,0,0,0
176276095,12.45131,12.457694,0.0,0.0,0.0,0.0,1.0,1.0,0.0,3,0,0,0,0,0,1,1,0,0,0
176781739,12.470873,12.46266,0.0,0.0,0.0,0.0,1.0,1.0,0.0,3,0,0,0,0,0,1,1,0,0,0
177275270,12.490435,12.476535,0.0,0.0,0.0,0.0,1.0,1.0,0.0,3,0,0,0,0,0,1,1,0,0,0
177780054,12.470873,12.479183,0.0,0.0,0.0,0.0,1.0,1.0,0.0,3,0,0,0,0,0,1,1,0,0,0
178285698,12.45131,12.469838,0.0,0.0,0.0,0.0,1.0,1.0,0.0,3,0,0,0,0,0,1,1,0,0,0
178779276,12.500216,12.471707,0.0,0.0,0.0,0.0,1.0,1.0,0.0,3,0,0,0,0,0,1,1,0,0,0
179284818,12.441529,12.466818,0.0,0.0,0.0,0.0,1.0,1.0,0.0,3,0,0,0,0,0,1,1,0,0,0
179790485,12.402405,12.451345,0.0,0.0,0.0,0.0,1.0,1.0,0.0,3,0,0,0,0,0,1,1,0,0,0
180284053,12.441529,12.453396,0.0,0.0,0.0,0.0,1.0,1.0,0.0,3,0,0,0,0,0,1,1,0,0,0
180788859,12.441529,12.457215,0.0,0.0,0.0,0.0,1.0,1.0,0.0,3,0,0,0,0,0,1,1,0,0,0
181294392,12.402405,12.450118,0.0,0.0,0.0,0.0,1.0,1.0,0.0,3,0,0,0,0,0,1,1,0,0,0
181800230,12.500216,12.454904,0.0,0.0,0.0,0.0,1.0,1.0,0.0,3,0,0,0,0,0,1,1,0,0,0
182293664,12.500216,12.464971,0.0,0.0,0.0,0.0,1.0,1.0,0.0,3,0,0,0,0,0,1,1,0,0,0
182799272,12.45131,12.469937,0.0,0.0,0.0,0.0,1.0,1.0,0.0,3,0,0,0,0,0,1,1,0,0,0
183304896,12.500216,12.47654,0.0,0.0,0.0,0.0,1.0,1.0,0.0,3,0,0,0,0,0,1,1,0,0,0
183797628,12.470873,12.482806,0.0,0.0,0.0,0.0,1.0,1.0,0.0,3,0,0,0,0,0,1,1,0,0,0
184303335,12.402405,12.472276,0.0,0.0,0.0,0.0,1.0,1.0,0.0,3,0,0,0,0,0,1,1,0,0,0
184809716,12.461092,12.460894,0.0,0.0,0.0,0.0,1.0,1.0,0.0,3,0,0,0,0,0,1,1,0,0,0
185302450,12.470873,12.463455,0.0,0.0,0.0,0.0,1.0,1.0,0.0,3,0,0,0,0,0,1,1,0,0,0
185808094,12.4219675,12.457268,0.0,0.0,0.0,0.0,1.0,1.0,0.0,3,0,0,0,0,0,1,1,0,0,0
186313647,12.461092,12.448966,0.0,0.0,0.0,0.0,1.0,1.0,0.0,3,0,0,0,0,0,1,1,0,0,0
186807231,12.470873,12.453081,0.0,0.0,0.0,0.0,1.0,1.0,0.0,3,0,0,0,0,0,1,1,0,0,0
187312062,12.431748,12.457589,0.0,0.0,0.0,0.0,1.0,1.0,0.0,3,0,0,0,0,0,1,1,0,0,0
187818456,12.480654,12.45315,0.0,0.0,0.0,0.0,1.0,1.0,0.0,3,0,0,0,0,0,1,1,0,0,0
188311310,12.529559,12.465165,0.0,0.0,0.0,0.0,1.0,1.0,0.0,3,0,0,0,0,0,1,1,0,0,0
188816808,12.480654,12.478323,0.0,0.0,0.0,0.0,1.0,1.0,0.0,3,0,0,0,0,0,1,1,0,0,0
189322489,12.490435,12.475127,0.0,0.0,0.0,0.0,1.0,1.0,0.0,3,0,0,0,0,0,1,1,0,0,0
189816099,12.480654,12.476957,0.0,0.0,0.0,0.0,1.0,1.0,0.0,3,0,0,0,0,0,1,1,0,0,0
190321008,12.4219675,12.477003,0.0,0.0,0.0,0.0,1.0,1.0,0.0,3,0,0,0,0,0,1,1,0,0,0
190816069,12.4219675,12.464072,0.0,0.0,0.0,0.0,1.0,1.0,0.0,3,0,0,0,0,0,1,1,0,0,0
191825690,12.461092,12.455766,0.0,0.0,0.0,0.0,1.0,1.0,0.0,3,0,0,0,0,0,1,1,0,0,0
192319351,12.412187,12.451615,0.0,0.0,0.0,0.0,1.0,1.0,0.0,3,0,0,0,0,0,1,1,0,0,0
192824924,12.441529,12.447109,0.0,0.0,0.0,0.0,1.0,1.0,0.0,3,0,0,0,0,0,1,1,0,0,0
193317694,12.45131,12.458471,0.0,0.0,0.0,0.0,1.0,1.0,0.0,3,0,0,0,0,0,1,1,0,0,0
193823299,12.480654,12.466049,0.0,0.0,0.0,0.0,1.0,1.0,0.0,3,0,0,0,0,0,1,1,0,0,0
194328833,12.480654,12.466243,0.0,0.0,0.0,0.0,1.0,1.0,0.0,3,0,0,0,0,0,1,1,0,0,0
194822431,12.480654,12.48098,0.0,0.0,0.0,0.0,1.0,1.0,0.0,3,0,0,0,0,0,1,1,0,0,0
195328080,12.4219675,12.4797535,0.0,0.0,0.0,0.0,1.0,1.0,0.0,3,0,0,0,0,0,1,1,0,0,0
195833662,12.412187,12.467524,0.0,0.0,0.0,0.0,1.0,1.0,0.0,3,0,0,0,0,0,1,1,0,0,0
196326410,12.480654,12.466532,0.0,0.0,0.0,0.0,1.0,1.0,0.0,3,0,0,0,0,0,1,1,0,0,0
196832050,12.45131,12.463566,0.0,0.0,0.0,0.0,1.0,1.0,0.0,3,0,0,0,0,0,1,1,0,0,0
197337582,12.461092,12.452168,0.0,0.0,0.0,0.0,1.0,1.0,0.0,3,0,0,0,0,0,1,1,0,0,0
197831297,12.470873,12.451747,0.0,0.0,0.0,0.0,1.0,1.0,0.0,3,0,0,0,0,0,1,1,0,0,0
198336864,12.45131,12.455322,0.0,0.0,0.0,0.0,1.0,1.0,0.0,3,0,0,0,0,0,1,1,0,0,0
198841719,12.45131,12.449012,0.0,0.0,0.0,0.0,1.0,1.0,0.0,3,0,0,0,0,0,1,1,0,0,0
199335264,12.500216,12.450619,0.0,0.0,0.0,0.0,1.0,1.0,0.0,3,0,0,0,0,0,1,1,0,0,0
199840901,12.509997,12.463495,0.0,0.0,0.0,0.0,1.0,1.0,0.0,3,0,0,0,0,0,1,1,0,0,0
200346573,12.461092,12.477649,0.0,0.0,0.0,0.0,1.0,1.0,0.0,3,0,0,0,0,0,1,1,0,0,0
200840055,12.519778,12.48121,0.0,0.0,0.0,0.0,1.0,1.0,0.0,3,0,0,0,0,0,1,1,0,0,0
201345701,12.470873,12.48588,0.0,0.0,0.0,0.0,1.0,1.0,0.0,3,0,0,0,0,0,1,1,0,0,0
201850483,12.431748,12.47935,0.0,0.0,0.0,0.0,1.0,1.0,0.0,3,0,0,0,0,0,1,1,0,0,0
202344074,12.45131,12.464285,0.0,0.0,0.0,0.0,1.0,1.0,0.0,3,0,0,0,0,0,1,1,0,0,0
202849753,12.480654,12.466276,0.0,0.0,0.0,0.0,1.0,1.0,0.0,3,0,0,0,0,0,1,1,0,0,0
203355326,12.45131,12.461718,0.0,0.0,0.0,0.0,1.0,1.0,0.0,3,0,0,0,0,0,1,1,0,0,0
203848091,12.500216,12.45001,0.0,0.0,0.0,0.0,1.0,1.0,0.0,3,0,0,0,0,0,1,1,0,0,0
204353651,12.490435,12.454284,0.0,0.0,0.0,0.0,1.0,1.0,0.0,3,0,0,0,0,0,1,1,0,0,0
204859266,12.490435,12.459687,0.0,0.0,0.0,0.0,1.0,1.0,0.0,3,0,0,0,0,0,1,1,0,0,0
205352955,12.461092,12.454175,0.0,0.0,0.0,0.0,1.0,1.0,0.0,3,0,0,0,0,0,1,1,0,0,0
205858610,12.500216,12.453709,0.0,0.0,0.0,0.0,1.0,1.0,0.0,3,0,0,0,0,0,1,1,0,0,0
206363326,12.500216,12.471007,0.0,0.0,0.0,0.0,1.0,1.0,0.0,3,0,0,0,0,0,1,1,0,0,0
206856845,12.470873,12.47109,0.0,0.0,0.0,0.0,1.0,1.0,0.0,3,0,0,0,0,0,1,1,0,0,0
207362510,12.490435,12.470195,0.0,0.0,0.0,0.0,1.0,1.0,0.0,3,0,0,0,0,0,1,1,0,0,0
207868064,12.480654,12.473504,0.0,0.0,0.0,0.0,1.0,1.0,0.0,3,0,0,0,0,0,1,1,0,0,0
208361773,12.45131,12.463272,0.0,0.0,0.0,0.0,1.0,1.0,0.0,3,0,0,0,0,0,1,1,0,0,0
208866494,12.470873,12.453553,0.0,0.0,0.0,0.0,1.0,1.0,0.0,3,0,0,0,0,0,1,1,0,0,0
209372096,12.45131,12.455979,0.0,0.0,0.0,0.0,1.0,1.0,0.0,3,0,0,0,0,0,1,1,0,0,0
209865687,12.441529,12.453765,0.0,0.0,0.0,0.0,1.0,1.0,0.0,3,0,0,0,0,0,1,1,0,0,0
210371245,12.480654,12.446334,0.0,0.0,0.0,0.0,1.0,1.0,0.0,3,0,0,0,0,0,1,1,0,0,0
210876824,12.470873,12.457781,0.0,0.0,0.0,0.0,1.0,1.0,0.0,3,0,0,0,0,0,1,1,0,0,0
211369750,12.4219675,12.464044,0.0,0.0,0.0,0.0,1.0,1.0,0.0,3,0,0,0,0,0,1,1,0,0,0
211875284,12.461092,12.460407,0.0,0.0,0.0,0.0,1.0,1.0,0.0,3,0,0,0,0,0,1,1,0,0,0
212368902,12.461092,12.475325,0.0,0.0,0.0,0.0,1.0,1.0,0.0,3,0,0,0,0,0,1,1,0,0,0
212874433,12.519778,12.4825735,0.0,0.0,0.0,0.0,1.0,1.0,0.0,3,0,0,0,0,0,1,1,0,0,0
213380121,12.461092,12.470156,0.0,0.0,0.0,0.0,1.0,1.0,0.0,3,0,0,0,0,0,1,1,0,0,0
213872924,12.461092,12.462038,0.0,0.0,0.0,0.0,1.0,1.0,0.0,3,0,0,0,0,0,1,1,0,0,0
214378487,12.461092,12.461962,0.0,0.0,0.0,0.0,1.0,1.0,0.0,3,0,0,0,0,0,1,1,0,0,0
214884065,12.441529,12.458177,0.0,0.0,0.0,0.0,1.0,1.0,0.0,3,0,0,0,0,0,1,1,0,0,0
215377620,12.431748,12.457074,0.0,0.0,0.0,0.0,1.0,1.0,0.0,3,0,0,0,0,0,1,1,0,0,0
215882470,12.4219675,12.445774,0.0,0.0,0.0,0.0,1.0,1.0,0.0,3,0,0,0,0,0,1,1,0,0,0
216388070,12.45131,12.4507265,0.0,0.0,0.0,0.0,1.0,1.0,0.0,3,0,0,0,0,0,1,1,0,0,0
216881686,12.470873,12.457902,0.0,0.0,0.0,0.0,1.0,1.0,0.0,3,0,0,0,0,0,1,1,0,0,0
217387268,12.441529,12.456622,0.0,0.0,0.0,0.0,1.0,1.0,0.0,3,0,0,0,0,0,1,1,0,0,0
217892040,12.529559,12.466657,0.0,0.0,0.0,0.0,1.0,1.0,0.0,3,0,0,0,0,0,1,1,0,0,0
218385626,12.500216,12.479006,0.0,0.0,0.0,0.0,1.0,1.0,0.0,3,0,0,0,0,0,1,1,0,0,0
218891288,12.382843,12.4712715,0.0,0.0,0.0,0.0,1.0,1.0,0.0,3,0,0,0,0,0,1,1,0,0,0
219396811,12.461092,12.467967,0.0,0.0,0.0,0.0,1.0,1.0,0.0,3,0,0,0,0,0,1,1,0,0,0
219889700,12.45131,12.469988,0.0,0.0,0.0,0.0,1.0,1.0,0.0,3,0,0,0,0,0,1,1,0,0,0
220395246,12.412187,12.460496,0.0,0.0,0.0,0.0,1.0,1.0,0.0,3,0,0,0,0,0,1,1,0,0,0
220900926,12.45131,12.452254,0.0,0.0,0.0,0.0,1.0,1.0,0.0,3,0,0,0,0,0,1,1,0,0,0
221394450,12.441529,12.454736,0.0,0.0,0.0,0.0,1.0,1.0,0.0,3,0,0,0,0,0,1,1,0,0,0
221900209,12.412187,12.453104,0.0,0.0,0.0,0.0,1.0,1.0,0.0,3,0,0,0,0,0,1,1,0,0,0
222404842,12.45131,12.446777,0.0,0.0,0.0,0.0,1.0,1.0,0.0,3,0,0,0,0,0,1,1,0,0,0
222898413,12.461092,12.4576,0.0,0.0,0.0,0.0,1.0,1.0,0.0,3,0,0,0,0,0,1,1,0,0,0
223404117,12.490435,12.4673605,0.0,0.0,0.0,0.0,1.0,1.0,0.0,3,0,0,0,0,0,1,1,0,0,0
223909676,12.480654,12.466852,0.0,0.0,0.0,0.0,1.0,1.0,0.0,3,0,0,0,0,0,1,1,0,0,0
224402473,12.509997,12.47508,0.0,0.0,0.0,0.0,1.0,1.0,0.0,3,0,0,0,0,0,1,1,0,0,0
224908022,12.480654,12.4768915,0.0,0.0,0.0,0.0,1.0,1.0,0.0,3,0,0,0,0,0,1,1,0,0,0
225413646,12.45131,12.463531,0.0,0.0,0.0,0.0,1.0,1.0,0.0,3,0,0,0,0,0,1,1,0,0,0
225907317,12.45131,12.458228,0.0,0.0,0.0,0.0,1.0,1.0,0.0,3,0,0,0,0,0,1,1,0,0,0
226412099,12.45131,12.457019,0.0,0.0,0.0,0.0,1.0,1.0,0.0,3,0,0,0,0,0,1,1,0,0,0
226917679,12.412187,12.447651,0.0,0.0,0.0,0.0,1.0,1.0,0.0,3,0,0,0,0,0,1,1,0,0,0
227411242,12.441529,12.446603,0.0,0.0,0.0,0.0,1.0,1.0,0.0,3,0,0,0,0,0,1,1,0,0,0
227916841,12.490435,12.453722,0.0,0.0,0.0,0.0,1.0,1.0,0.0,3,0,0,0,0,0,1,1,0,0,0
228409714,12.441529,12.454162,0.0,0.0,0.0,0.0,1.0,1.0,0.0,3,0,0,0,0,0,1,1,0,0,0
228915258,12.461092,12.455798,0.0,0.0,0.0,0.0,1.0,1.0,0.0,3,0,0,0,0,0,1,1,0,0,0
229420926,12.529559,12.469918,0.0,0.0,0.0,0.0,1.0,1.0,0.0,3,0,0,0,0,0,1,1,0,0,0
229913700,12.441529,12.478029,0.0,0.0,0.0,0.0,1.0,1.0,0.0,3,0,0,0,0,0,1,1,0,0,0
230419261,12.490435,12.470825,0.0,0.0,0.0,0.0,1.0,1.0,0.0,3,0,0,0,0,0,1,1,0,0,0
230924786,12.480654,12.472544,0.0,0.0,0.0,0.0,1.0,1.0,0.0,3,0,0,0,0,0,1,1,0,0,0
231418506,12.441529,12.468053,0.0,0.0,0.0,0.0,1.0,1.0,0.0,3,0,0,0,0,0,1,1,0,0,0
231923270,12.441529,12.453988,0.0,0.0,0.0,0.0,1.0,1.0,0.0,3,0,0,0,0,0,1,1,0,0,0
232428872,12.441529,12.455974,0.0,0.0,0.0,0.0,1.0,1.0,0.0,3,0,0,0,0,0,1,1,0,0,0
234932104,12.461092,12.455379,0.0,0.0,0.0,0.0,1.0,1.0,0.0,3,0,0,0,0,0,1,1,0,0,0
235437670,12.519778,12.46508,0.0,0.0,0.0,0.0,1.0,1.0,0.0,3,0,0,0,0,0,1,1,0,0,0
235930471,12.470873,12.478234,0.0,0.0,0.0,0.0,1.0,1.0,0.0,3,0,0,0,0,0,1,1,0,0,0
236436039,12.490435,12.473016,0.0,0.0,0.0,0.0,1.0,1.0,0.0,3,0,0,0,0,0,1,1,0,0,0
236941751,12.461092,12.466995,0.0,0.0,0.0,0.0,1.0,1.0,0.0,3,0,0,0,0,0,1,1,0,0,0
237434506,12.441529,12.466599,0.0,0.0,0.0,0.0,1.0,1.0,0.0,3,0,0,0,0,0,1,1,0,0,0
237940068,12.45131,12.461729,0.0,0.0,0.0,0.0,1.0,1.0,0.0,3,0,0,0,0,0,1,1,0,0,0
238445704,12.461092,12.448763,0.0,0.0,0.0,0.0,1.0,1.0,0.0,3,0,0,0,0,0,1,1,0,0,0
238939281,12.441529,12.4532175,0.0,0.0,0.0,0.0,1.0,1.0,0.0,3,0,0,0,0,0,1,1,0,0,0
239444057,12.441529,12.454177,0.0,0.0,0.0,0.0,1.0,1.0,0.0,3,0,0,0,0,0,1,1,0,0,0
239949713,12.45131,12.4486685,0.0,0.0,0.0,0.0,1.0,1.0,0.0,3,0,0,0,0,0,1,1,0,0,0
240443234,12.490435,12.459043,0.0,0.0,0.0,0.0,1.0,1.0,0.0,3,0,0,0,0,0,1,1,0,0,0
240948893,12.500216,12.469855,0.0,0.0,0.0,0.0,1.0,1.0,0.0,3,0,0,0,0,0,1,1,0,0,0
241453706,12.480654,12.469586,0.0,0.0,0.0,0.0,1.0,1.0,0.0,3,0,0,0,0,0,1,1,0,0,0
241947254,12.490435,12.474572,0.0,0.0,0.0,0.0,1.0,1.0,0.0,3,0,0,0,0,0,1,1,0,0,0
242452047,12.509997,12.481749,0.0,0.0,0.0,0.0,1.0,1.0,0.0,3,0,0,0,0,0,1,1,0,0,0
242957648,12.4219675,12.468467,0.0,0.0,0.0,0.0,1.0,1.0,0.0,3,0,0,0,0,0,1,1,0,0,0
243451274,12.441529,12.46263,0.0,0.0,0.0,0.0,1.0,1.0,0.0,3,0,0,0,0,0,1,1,0,0,0
243956852,12.461092,12.46262,0.0,0.0,0.0,0.0,1.0,1.0,0.0,3,0,0,0,0,0,1,1,0,0,0
244462488,12.402405,12.455054,0.0,0.0,0.0,0.0,1.0,1.0,0.0,3,0,0,0,0,0,1,1,0,0,0
244955239,12.45131,12.448531,0.0,0.0,0.0,0.0,1.0,1.0,0.0,3,0,0,0,0,0,1,1,0,0,0
245460852,12.490435,12.455614,0.0,0.0,0.0,0.0,1.0,1.0,0.0,3,0,0,0,0,0,1,1,0,0,0
245965676,12.45131,12.455036,0.0,0.0,0.0,0.0,1.0,1.0,0.0,3,0,0,0,0,0,1,1,0,0,0
246459275,12.500216,12.453602,0.0,0.0,0.0,0.0,1.0,1.0,0.0,3,0,0,0,0,0,1,1,0,0,0
246964901,12.519778,12.468589,0.0,0.0,0.0,0.0,1.0,1.0,0.0,3,0,0,0,0,0,1,1,0,0,0
247470463,12.480654,12.479382,0.0,0.0,0.0,0.0,1.0,1.0,0.0,3,0,0,0,0,0,1,1,0,0,0
247963274,12.470873,12.471761,0.0,0.0,0.0,0.0,1.0,1.0,0.0,3,0,0,0,0,0,1,1,0,0,0
248468862,12.480654,12.473944,0.0,0.0,0.0,0.0,1.0,1.0,0.0,3,0,0,0,0,0,1,1,0,0,0
248974451,12.45131,12.470734,0.0,0.0,0.0,0.0,1.0,1.0,0.0,3,0,0,0,0,0,1,1,0,0,0
249467292,12.45131,12.455997,0.0,0.0,0.0,0.0,1.0,1.0,0.0,3,0,0,0,0,0,1,1,0,0,0
249973684,12.470873,12.453822,0.0,0.0,0.0,0.0,1.0,1.0,0.0,3,0,0,0,0,0,1,1,0,0,0
250466435,12.45131,12.455821,0.0,0.0,0.0,0.0,1.0,1.0,0.0,3,0,0,0,0,0,1,1,0,0,0
250971203,12.4219675,12.448777,0.0,0.0,0.0,0.0,1.0,1.0,0.0,3,0,0,0,0,0,1,1,0,0,0
251476869,12.500216,12.447798,0.0,0.0,0.0,0.0,1.0,1.0,0.0,3,0,0,0,0,0,1,1,0,0,0
251970533,12.480654,12.456587,0.0,0.0,0.0,0.0,1.0,1.0,0.0,3,0,0,0,0,0,1,1,0,0,0
252476031,12.382843,12.459747,0.0,0.0,0.0,0.0,1.0,1.0,0.0,3,0,0,0,0,0,1,1,0,0,0
252980878,12.529559,12.4660425,0.0,0.0,0.0,0.0,1.0,1.0,0.0,3,0,0,0,0,0,1,1,0,0,0
253474388,12.500216,12.4804735,0.0,0.0,0.0,0.0,1.0,1.0,0.0,3,0,0,0,0,0,1,1,0,0,0
253980083,12.461092,12.47772,0.0,0.0,0.0,0.0,1.0,1.0,0.0,3,0,0,0,0,0,1,1,0,0,0
254484868,12.441529,12.467638,0.0,0.0,0.0,0.0,1.0,1.0,0.0,3,0,0,0,0,0,1,1,0,0,0
254978490,12.441529,12.465659,0.0,0.0,0.0,0.0,1.0,1.0,0.0,3,0,0,0,0,0,1,1,0,0,0
255483267,12.4219675,12.470589,0.0,0.0,0.0,0.0,1.0,1.0,0.0,3,0,0,0,0,0,1,1,0,0,0
255988863,12.441529,12.454968,0.0,0.0,0.0,0.0,1.0,1.0,0.0,3,0,0,0,0,0,1,1,0,0,0
256482470,12.461092,12.455415,0.0,0.0,0.0,0.0,1.0,1.0,0.0,3,0,0,0,0,0,1,1,0,0,0
256987994,12.461092,12.455028,0.0,0.0,0.0,0.0,1.0,1.0,0.0,3,0,0,0,0,0,1,1,0,0,0
257492901,12.4219675,12.44929,0.0,0.0,0.0,0.0,1.0,1.0,0.0,3,0,0,0,0,0,1,1,0,0,0
257986484,12.470873,12.457373,0.0,0.0,0.0,0.0,1.0,1.0,0.0,3,0,0,0,0,0,1,1,0,0,0
258492064,12.480654,12.462362,0.0,0.0,0.0,0.0,1.0,1.0,0.0,3,0,0,0,0,0,1,1,0,0,0
258996860,12.480654,12.467854,0.0,0.0,0.0,0.0,1.0,1.0,0.0,3,0,0,0,0,0,1,1,0,0,0
259490437,12.461092,12.470963,0.0,0.0,0.0,0.0,1.0,1.0,0.0,3,0,0,0,0,0,1,1,0,0,0
259995992,12.480654,12.475385,0.0,0.0,0.0,0.0,1.0,1.0,0.0,3,0,0,0,0,0,1,1,0,0,0
260500875,12.412187,12.467562,0.0,0.0,0.0,0.0,1.0,1.0,0.0,3,0,0,0,0,0,1,1,0,0,0
261006444,12.470873,12.458241,0.0,0.0,0.0,0.0,1.0,1.0,0.0,3,0,0,0,0,0,1,1,0,0,0
261500089,12.45131,12.460081,0.0,0.0,0.0,0.0,1.0,1.0,0.0,3,0,0,0,0,0,1,1,0,0,0
262004798,12.45131,12.4550085,0.0,0.0,0.0,0.0,1.0,1.0,0.0,3,0,0,0,0,0,1,1,0,0,0
262510511,12.412187,12.44571,0.0,0.0,0.0,0.0,1.0,1.0,0.0,3,0,0,0,0,0,1,1,0,0,0
263004022,12.470873,12.451807,0.0,0.0,0.0,0.0,1.0,1.0,0.0,3,0,0,0,0,0,1,1,0,0,0
263508895,12.461092,12.455287,0.0,0.0,0.0,0.0,1.0,1.0,0.0,3,0,0,0,0,0,1,1,0,0,0
264014460,12.490435,12.453518,0.0,0.0,0.0,0.0,1.0,1.0,0.0,3,0,0,0,0,0,1,1,0,0,0
264508026,12.500216,12.470921,0.0,0.0,0.0,0.0,1.0,1.0,0.0,3,0,0,0,0,0,1,1,0,0,0
265012907,12.490435,12.481736,0.0,0.0,0.0,0.0,1.0,1.0,0.0,3,0,0,0,0,0,1,1,0,0,0
265518451,12.441529,12.473237,0.0,0.0,0.0,0.0,1.0,1.0,0.0,3,0,0,0,0,0,1,1,0,0,0
266012159,12.470873,12.47509,0.0,0.0,0.0,0.0,1.0,1.0,0.0,3,0,0,0,0,0,1,1,0,0,0
266516804,12.500216,12.473664,0.0,0.0,0.0,0.0,1.0,1.0,0.0,3,0,0,0,0,0,1,1,0,0,0
267022523,12.480654,12.459944,0.0,0.0,0.0,0.0,1.0,1.0,0.0,3,0,0,0,0,0,1,1,0,0,0
267515241,12.470873,12.4550705,0.0,0.0,0.0,0.0,1.0,1.0,0.0,3,0,0,0,0,0,1,1,0,0,0
268020857,12.461092,12.456369,0.0,0.0,0.0,0.0,1.0,1.0,0.0,3,0,0,0,0,0,1,1,0,0,0
268526440,12.412187,12.449645,0.0,0.0,0.0,0.0,1.0,1.0,0.0,3,0,0,0,0,0,1,1,0,0,0
269020014,12.490435,12.446323,0.0,0.0,0.0,0.0,1.0,1.0,0.0,3,0,0,0,0,0,1,1,0,0,0
269524841,12.45131,12.455932,0.0,0.0,0.0,0.0,1.0,1.0,0.0,3,0,0,0,0,0,1,1,0,0,0
270030518,12.4219675,12.462471,0.0,0.0,0.0,0.0,1.0,1.0,0.0,3,0,0,0,0,0,1,1,0,0,0
270523254,12.470873,12.461858,0.0,0.0,0.0,0.0,1.0,1.0,0.0,3,0,0,0,0,0,1,1,0,0,0
271028895,12.500216,12.473907,0.0,0.0,0.0,0.0,1.0,1.0,0.0,3,0,0,0,0,0,1,1,0,0,0
