timestamp,accel_inconsistency_m_s_s,gyro_inconsistency_rad_s,mag_inconsistency_ga
3304892,2.3260937,0.03832152,0.8503642
3509931,2.311902,0.03831949,0.84891754
3710660,2.3218598,0.0421515,0.85666937
3912788,2.3246112,0.040675245,0.8527109
4114155,2.3215163,0.04012706,0.85792345
4313637,2.3359568,0.041244913,0.8555387
4517901,2.331951,0.040781755,0.8534859
4718678,2.3414233,0.037668787,0.85489815
4923747,2.340663,0.039763905,0.8582228
5124070,2.343918,0.041473884,0.85931355
5324683,2.3109548,0.04093967,0.85668266
5529090,2.3379774,0.040779054,0.852231
5729959,2.293414,0.040182132,0.84967434
5935668,2.3198783,0.04121481,0.85089356
6136668,2.3440387,0.039842933,0.8583814
6340243,2.3561494,0.040361807,0.86215657
6544727,2.3229253,0.04249537,0.8520335
6745566,2.3420715,0.0395311,0.84691554
6950166,2.314802,0.040010843,0.8473245
7150737,2.3491788,0.0403227,0.85021985
7356733,2.3520803,0.03960154,0.84315974
7556657,2.3565412,0.039086908,0.8493683
7761081,2.3230898,0.037457447,0.84826183
7966491,2.3133311,0.040420342,0.84904194
8167307,2.3570845,0.03928576,0.8479583
8368609,2.2882206,0.040492993,0.84993994
8568856,2.325254,0.037615154,0.854099
8773469,2.2938247,0.036425862,0.86129576
8978150,2.3216488,0.04126245,0.86064994
9179268,2.3615851,0.036684792,0.8589622
9383065,2.337707,0.04252522,0.8651432
9583781,2.331876,0.041986734,0.856419
10395024,2.3460321,0.042137887,0.8605135
10595866,2.347582,0.033290043,0.8561572
10801095,2.335659,0.036418114,0.8601882
11001882,2.3460336,0.037372474,0.87042123
11206296,2.33872,0.035458002,0.86001515
11407068,2.33424,0.039881233,0.8599053
11611206,2.3485856,0.03697474,0.85610604
11815791,2.3049338,0.036850944,0.8611271
12016623,2.311697,0.0349906,0.8595163
12221856,2.3204923,0.038629793,0.8636214
12422385,2.3918982,0.04214132,0.8532369
12626729,2.2967148,0.039287493,0.8506968
12827814,2.3311808,0.036685605,0.85092735
13033055,2.2979782,0.036923803,0.85516393
13234482,2.3314552,0.0386214,0.85211915
13433673,2.3085272,0.036903434,0.8469631
13638913,2.2956915,0.038564023,0.85555583
13839060,2.4239407,0.042721048,0.85338175
14039812,2.3275814,0.039959826,0.8562868
14244754,2.320954,0.035260666,0.8570715
14445579,2.327495,0.037252437,0.8634339
14647200,2.2769923,0.040089127,0.8614629
14847472,2.3540814,0.036358684,0.8550049
15048275,2.3342166,0.039690074,0.8618531
15249337,2.3066645,0.036445092,0.85545975
15449590,2.3510752,0.038590167,0.8542715
15653920,2.319949,0.042591147,0.8664408
15858978,2.2952135,0.03688826,0.85606
16059493,2.3819766,0.043081436,0.86206406
16263874,2.2504723,0.041752834,0.85774297
16464704,2.290623,0.039698817,0.85759306
16669733,2.3083801,0.036623184,0.85782254
16870914,2.3265297,0.04270796,0.85956484
17071478,2.3266022,0.037876036,0.8641413
17272568,2.339873,0.039670598,0.8589432
17472862,2.250506,0.035473302,0.8609111
17677293,2.6011455,0.048336543,0.8633082
17881802,2.2424884,0.035750676,0.85437226
18082461,2.3618753,0.038012028,0.84816736
18284146,2.3535585,0.03549358,0.85499126
18484753,2.309607,0.0370709,0.85467875
18689388,2.3156292,0.036821328,0.85338926
18889411,2.3354683,0.041912593,0.8556347
19094657,2.339116,0.039179444,0.8517845
19295292,2.3261228,0.04237672,0.8561538
19496038,2.3135986,0.042255104,0.8560697
19700648,2.3386793,0.04011299,0.8563975
19901404,2.339512,0.039719194,0.8580878
20105605,2.30434,0.036428157,0.8610401
20306524,2.3456266,0.040305417,0.86397123
20507243,2.338318,0.0410832,0.8660725
20711736,2.3200502,0.043024328,0.8575363
20913467,2.3482797,0.042137157,0.85757434
21117607,2.3163788,0.04245073,0.86051893
21318456,2.328228,0.04131543,0.8569093
21519457,2.3416023,0.04041634,0.8648152
21723729,2.3403702,0.0416101,0.8636385
21923800,2.307895,0.04008955,0.86503863
22124624,2.3518834,0.0389844,0.86571705
22330270,2.2735527,0.03956372,0.86003524
22530415,2.316793,0.03797824,0.85750806
22734986,2.2764554,0.035877477,0.8627909
22935785,2.357781,0.039770633,0.85827565
23141391,2.2822692,0.04065648,0.8631927
23341878,2.3088257,0.03719,0.85513103
23542575,2.32113,0.036673453,0.8604586
23746967,2.3574078,0.035605602,0.856753
23947766,2.2739284,0.041408356,0.85479856
24152004,2.3670914,0.040691864,0.8509301
24352936,2.3985126,0.04025805,0.8494095
24554272,2.2922192,0.033091698,0.85148287
24758143,2.3523576,0.03621701,0.8509295
24958921,2.266082,0.030824604,0.85051286
25164985,2.189838,0.06145751,0.85328966
25365402,2.3056495,0.043173555,0.8563107
25565631,2.3679883,0.03602596,0.8607111
25770294,2.3293705,0.034414634,0.8552338
25970212,2.2939405,0.036062766,0.85645133
26171002,2.353125,0.03726981,0.861654
26376094,2.3993506,0.032423858,0.8648478
26577440,2.353614,0.03615052,0.8605219
26781171,2.3276174,0.04078212,0.8606577
26982203,2.4214575,0.041131537,0.86414534
27187841,2.3362043,0.03282538,0.86151433
27388025,2.3840497,0.03663489,0.8598902
27591804,2.3567605,0.04205873,0.8575373
27793496,2.3548155,0.03935918,0.85834736
27993430,2.3099027,0.033234723,0.86754316
28198468,2.3490129,0.03407338,0.86557037
28399506,2.3316379,0.040554296,0.8611285
28599991,2.28716,0.043310158,0.86499655
28804570,2.3809652,0.04509658,0.8653548
29005375,2.3072817,0.03728029,0.8549931
29211292,2.304214,0.03416298,0.86311847
29411885,2.340676,0.0456675,0.8581787
29615829,2.3842096,0.041746452,0.8621715
29820027,2.3547502,0.03428609,0.85999894
30021020,2.384607,0.03844658,0.8614998
30225379,2.3579478,0.041898776,0.8596106
30426238,2.3537433,0.037194047,0.853021
30631161,2.367896,0.036379512,0.85038334
30832997,2.3426151,0.039989695,0.85390973
31036609,2.3663695,0.035533093,0.847279
31237396,2.3732355,0.040866125,0.8568632
31438231,2.3497221,0.040240716,0.857884
31642452,2.4041543,0.03700707,0.85637677
31843882,2.3539097,0.03971992,0.861751
32044006,2.4370842,0.040012427,0.8552112
32248627,2.3869286,0.034439955,0.8587483
32449368,2.4972112,0.03651855,0.85552233
32655012,2.3902488,0.036552448,0.85027915
32855338,2.2663379,0.035160184,0.8565042
33059825,2.3505557,0.040416565,0.8604163
33264273,2.334147,0.0380344,0.8543375
33465813,2.3856938,0.04073179,0.8589556
33666176,2.36308,0.04242976,0.8526702
33867227,2.2955089,0.036311004,0.85576856
34067395,2.3147337,0.050243717,0.8472201
34271827,2.3328767,0.039994072,0.8549329
34472561,2.3585749,0.038725358,0.849122
34678232,2.3911943,0.037371743,0.8496642
34879227,2.3550735,0.04077243,0.85934377
35080288,2.3373613,0.03532506,0.84951144
35283059,2.3989697,0.041712347,0.8481367
35483765,2.3067129,0.03657179,0.8518536
35688840,2.3492417,0.040808197,0.85081345
35889661,2.3656876,0.03658594,0.8528597
36094194,2.3734126,0.038532786,0.8444597
36294918,2.3549879,0.041631743,0.8508128
36495806,2.3495235,0.036664907,0.8523337
36701750,2.338389,0.037494604,0.8486371
36901429,2.3999398,0.04005629,0.8539362
37105348,2.3401172,0.041566987,0.8513046
37305941,2.3293164,0.040425915,0.85157496
37506997,2.3588688,0.03458885,0.84835726
37712256,2.3783643,0.035105065,0.850846
37913374,2.4066002,0.039480705,0.8484306
38117402,2.3400164,0.037743907,0.8516592
38318229,2.3451412,0.034573503,0.8524607
38518728,2.3488925,0.03317868,0.84879166
38724062,2.3232007,0.034679737,0.85033375
38924670,2.3540103,0.03369836,0.85597754
39124879,2.3739917,0.03447416,0.8564418
39325828,2.3727868,0.037008684,0.8545836
39527169,2.352876,0.039079767,0.85850817
39731097,2.3528311,0.039264094,0.8546487
39931789,2.4109886,0.03789503,0.85943
40136757,2.3621264,0.038140636,0.854297
40337346,2.357843,0.03960394,0.854434
40538195,2.3227582,0.035050303,0.85525936
40742289,2.2983716,0.03616512,0.85571283
40943056,2.3512409,0.0348811,0.85415757
41143738,2.324262,0.033448514,0.8566934
41348999,2.352475,0.037303474,0.8570141
41549887,2.3233016,0.040602423,0.85297513
41754217,2.3210564,0.035852585,0.851546
41954932,2.3308942,0.036239464,0.85211915
42159784,2.2972896,0.034740847,0.8520353
42363797,2.3367667,0.038545623,0.84669423
42564560,2.3607934,0.03609162,0.8561431
42769867,2.390466,0.03568686,0.85439897
42970655,2.3442535,0.036199473,0.8534858
43175010,2.3122432,0.034218375,0.85271525
43375827,2.2712188,0.039644457,0.85477746
43576623,2.392272,0.0338269,0.8458508
43781348,2.30064,0.036921572,0.85957694
43982191,2.3461187,0.037258875,0.85697937
44186128,2.3653579,0.039975096,0.8559086
44386973,2.3618329,0.04031888,0.86100113
44587761,2.3564198,0.039876193,0.8619835
45804117,2.3093865,0.040076688,0.85630476
46004997,2.3060057,0.037965238,0.8636798
46209447,2.3718684,0.039755587,0.86106783
46410374,2.3498516,0.040228046,0.85435885
46611037,2.417231,0.040208012,0.85226834
46816018,2.313169,0.038944025,0.8562994
47016577,2.3116305,0.036521893,0.8553874
47220555,2.3258274,0.034671903,0.8498875
47421397,2.3466897,0.039282843,0.8555506
47622451,2.2634685,0.035975758,0.85698974
47827460,2.4081738,0.041117754,0.8558316
48028254,2.3293104,0.038005035,0.853774
48232599,2.3525293,0.03766645,0.85082114
48433468,2.3396623,0.04165347,0.8466831
48638348,2.3788724,0.042573936,0.8501771
48842189,2.3586013,0.038382877,0.84695786
49042955,2.3298757,0.04050886,0.85761887
49248056,2.359455,0.0409454,0.8549206
49448849,2.3803895,0.034812987,0.85320055
49653513,2.4089482,0.03857542,0.8525179
49854151,2.2859476,0.03918413,0.85025495
50055054,2.3406453,0.03947016,0.85344124
50259251,2.3366408,0.041234143,0.8557625
50460231,2.3238401,0.040358283,0.87010974
50664540,2.3752282,0.04053065,0.86143047
50865329,2.3344808,0.041876122,0.8618292
51066191,2.3075058,0.042696252,0.85731775
51271789,2.3451245,0.039992478,0.85963917
51472583,2.3222094,0.039242666,0.85848475
51673800,2.392361,0.041792993,0.85838675
51874109,2.4312937,0.037522968,0.8584674
52074670,2.3472197,0.03625803,0.86536205
52278228,2.2966118,0.03837594,0.86024076
52478963,2.3501568,0.041560374,0.85875344
52679827,2.319954,0.03895676,0.8582483
52885621,2.3184958,0.036108293,0.8574224
53085730,2.336717,0.041671194,0.85435516
53289361,2.299585,0.042561106,0.8530869
53491034,2.347891,0.0416869,0.85838807
53695161,2.2712574,0.039181348,0.85584146
53896052,2.32736,0.0400828,0.85455614
54096936,2.3749485,0.036419567,0.8551704
54301382,2.2883503,0.038372062,0.8538492
54502169,2.2799847,0.044030655,0.85027397
54703019,2.3531945,0.04246769,0.85155684
54908008,2.3242345,0.041243497,0.857294
55108079,2.3584323,0.04126729,0.86068666
55308989,2.3366933,0.04251384,0.8582809
55509568,2.333441,0.03730794,0.85924685
55710465,2.3578737,0.038225014,0.8612153
55915014,2.3127382,0.03937452,0.8603399
56115720,2.3158638,0.03872452,0.8564264
56320991,2.332504,0.041350972,0.8581182
56524619,2.3309906,0.039373964,0.8608627
56725456,2.349275,0.037241068,0.86324346
56930487,2.3678331,0.042110644,0.86433077
57131207,2.3662677,0.039141905,0.86840945
57335732,2.3340979,0.0362136,0.8649975
57536572,2.3340878,0.038617242,0.8631055
57737368,2.3115296,0.038737215,0.8586051
57941614,2.326963,0.037413884,0.85829324
58142694,2.3801103,0.040206198,0.861576
58343307,2.3468018,0.03741203,0.8616566
58547820,2.3451738,0.042065065,0.8564638
58748601,2.3285704,0.04122117,0.85721767
58953877,2.357473,0.039623085,0.8603632
59154400,2.3417282,0.039326347,0.85978276
59359012,2.3571365,0.03779848,0.8512543
59563515,2.348987,0.038128834,0.8479519
59764049,2.3503006,0.039940212,0.8546574
59968584,2.3762734,0.036431614,0.854622
60169503,2.340986,0.035902288,0.8549348
60374693,2.3491733,0.040192273,0.85164344
60575285,2.318337,0.03541387,0.85358804
60779957,2.286305,0.03524129,0.85328716
60984280,2.3551574,0.033381943,0.8539181
61184808,2.3454063,0.035435412,0.85089755
61389502,2.4675684,0.040701915,0.8565282
61590228,2.3389692,0.036956523,0.86215854
61795454,2.3670862,0.034490142,0.8582812
61996252,2.3705292,0.036340483,0.86001027
62199798,2.342999,0.03285642,0.8578136
62404870,2.3386285,0.03459244,0.85575575
62606395,2.3831441,0.03256182,0.8612628
62810195,2.360255,0.036270984,0.86383516
63010996,2.330708,0.034876183,0.86009574
63216089,2.3218079,0.035619307,0.8637789
63417087,2.373267,0.037761625,0.86065865
63617869,2.3778377,0.033403166,0.8630584
63818622,2.3332758,0.03457014,0.8614944
64022466,2.3144448,0.038930107,0.85759497
64223298,2.4093518,0.036806535,0.85617715
64428056,2.358128,0.03428863,0.8550868
64628799,2.3086436,0.035941415,0.856375
64833480,2.423728,0.040416036,0.8609621
65034189,2.3753192,0.03828134,0.8585323
65238464,2.3565536,0.038664546,0.85366434
65439234,2.3572783,0.037719697,0.8582477
65640028,2.29229,0.036717705,0.8565983
65844639,2.3470654,0.03329296,0.8551485
66045410,2.4076679,0.033413377,0.8526665
66250453,2.3235877,0.032925148,0.85832894
66451457,2.3456712,0.0347759,0.860516
66655546,2.3018703,0.034535386,0.85462207
66860300,2.345535,0.040671844,0.85386634
67060816,2.3930283,0.04008555,0.85969007
67261650,2.3496017,0.039984934,0.86051196
67466235,2.3783088,0.040842462,0.8585891
67667048,2.3553655,0.038020406,0.85863274
67872824,2.382531,0.03600402,0.8658655
68072953,2.3661036,0.03419279,0.86498594
68273042,2.2755759,0.036850095,0.86007214
68477305,2.3287168,0.035738744,0.8612231
68678178,2.360186,0.03565225,0.855922
68883505,2.3696501,0.037924767,0.863529
69084221,2.3733404,0.031762227,0.8607214
69288561,2.349096,0.03399418,0.8599512
69489478,2.3545663,0.032087,0.85984176
69693890,2.3476703,0.03414145,0.8605159
69894519,2.3295927,0.033079162,0.8580996
70095202,2.3585927,0.03736331,0.8605875
70299825,2.3685284,0.036131382,0.8572876
70500653,2.3359518,0.039932188,0.85979766
70701401,2.38133,0.039938893,0.85432506
70906396,2.3674347,0.03658048,0.86001366
71106331,2.3497188,0.040530067,0.8582519
71310946,2.3378742,0.038334172,0.85962445
71511884,2.3395987,0.03989014,0.8542673
71712699,2.3513782,0.038575616,0.8526432
71917785,2.3577125,0.040566355,0.8544395
72118640,2.3397806,0.040075433,0.8512412
72322219,2.3920019,0.04164849,0.8575719
72523017,2.3448553,0.03875619,0.85185564
72723763,2.3323379,0.0412203,0.8621554
72929038,2.3656566,0.041147064,0.8581985
73129647,2.3650045,0.040388413,0.8549345
73334172,2.3546424,0.04315359,0.8556171
73535003,2.345414,0.03956485,0.8612728
73735024,2.3659499,0.039250247,0.8601032
73940286,2.3058653,0.039459523,0.86357003
74141074,2.3611538,0.038728304,0.86822796
74341634,2.3406942,0.03878411,0.8656474
74546225,2.3968635,0.03816313,0.8625548
74747056,2.3094025,0.039192587,0.8619969
74951456,2.365013,0.040277876,0.8628117
75152245,2.3660495,0.04033719,0.8608186
75353302,2.3493755,0.03884527,0.8590493
75557440,2.3560426,0.040692456,0.8628685
75758266,2.3371139,0.03989483,0.85967994
75963540,2.3698354,0.037927367,0.86408985
76164107,2.3034167,0.04080205,0.85502976
76367761,2.35692,0.03962028,0.85800385
76573104,2.3485644,0.03875172,0.8582036
76774124,2.3335555,0.039700706,0.8604791
76978154,2.3600397,0.039678816,0.8560917
77178933,2.3449132,0.038107727,0.85210395
77384230,2.3301904,0.039399616,0.8532568
77584867,2.3531742,0.039131835,0.85844535
77784890,2.3331432,0.037441537,0.8591523
77989536,2.3286672,0.038607188,0.86040854
78190255,2.3613148,0.03793353,0.8583977
78390942,2.3311954,0.038161676,0.8547864
78596018,2.3380578,0.037913624,0.8588592
78797351,2.3393335,0.037864197,0.8539736
79000629,2.3567808,0.036225114,0.86224663
79201401,2.331556,0.038585387,0.8591926
79402221,2.3453774,0.03931833,0.8589003
79607194,2.3336494,0.038164806,0.8570343
79808108,2.367765,0.03821607,0.8643961
80012554,2.3654196,0.0405828,0.8645505
80213448,2.3561957,0.03830702,0.8622639
80417654,2.3460581,0.038761288,0.8670885
80622231,2.3084955,0.040046886,0.8618381
80823762,2.355788,0.04031058,0.8625798
81028262,2.3350976,0.042049974,0.8648984
81228841,2.340783,0.03828516,0.8558212
81433529,2.3687243,0.039499804,0.8589267
81634165,2.364607,0.041074555,0.86157525
81834959,2.3500032,0.040757604,0.85918885
82039215,2.3697665,0.039687257,0.8497017
82240283,2.3651173,0.04145702,0.8557494
82444565,2.329148,0.038552903,0.85704327
82645393,2.3947208,0.04117169,0.8535161
82846134,2.353733,0.036834072,0.853355
83050687,2.3639927,0.034004427,0.85401905
83251222,2.3308156,0.036031708,0.84948254
83452092,2.3688402,0.037999272,0.8525209
83656685,2.31849,0.040166758,0.8553003
83857388,2.322003,0.031346336,0.848709
84062485,2.320839,0.033445623,0.853902
84262514,2.346087,0.03812514,0.8548916
84463450,2.3461664,0.03895702,0.8631465
84667781,2.350291,0.037995074,0.8606341
84868541,2.3336785,0.040708978,0.85955626
85073677,2.3371336,0.040908813,0.8645289
85274422,2.370952,0.040459543,0.86071813
85474388,2.3758233,0.040670224,0.8677403
85678953,2.357415,0.039477296,0.86840576
85879808,2.3126457,0.043165617,0.8633291
86085309,2.3499854,0.041975297,0.8636835
86285672,2.3411803,0.041959435,0.8635836
86486429,2.3543432,0.040137786,0.85941416
86690265,2.3474045,0.041938797,0.85866123
86890963,2.3466241,0.038028482,0.8632966
87091781,2.3802235,0.039325163,0.866268
87296859,2.359179,0.039531987,0.86118
87497636,2.3599532,0.03922576,0.8640463
87702196,2.3909683,0.04153274,0.86531043
87903042,2.314457,0.04253583,0.8586674
88107134,2.2688339,0.03697435,0.857198
88308022,2.3491223,0.035420258,0.8613334
88508861,2.3107533,0.03475176,0.85711396
88713418,2.33171,0.035566263,0.85555524
88914169,2.4088466,0.036827173,0.8575795
89114210,2.4111989,0.03999708,0.8578902
89319253,2.3074162,0.03803456,0.858749
89520252,2.3290226,0.03517802,0.85259855
89724645,2.4010081,0.03726063,0.8575093
89925385,2.3731303,0.038049113,0.8572606
90126260,2.2764006,0.03461585,0.85804623
90330689,2.3134882,0.031086687,0.8571674
90531237,2.4378662,0.03866416,0.8588011
90731910,2.3014987,0.030337851,0.8642882
90933123,2.35115,0.03431911,0.8633728
91133937,2.3358836,0.033213954,0.87101567
91337941,2.4291253,0.033285093,0.8639423
91538940,2.4586325,0.03739668,0.8623107
91739034,2.3915887,0.037973184,0.8659664
91944044,2.314127,0.034689788,0.8620744
92144821,2.428164,0.038408287,0.86717975
92349369,2.3359468,0.041010585,0.8662193
92550283,2.3596182,0.03992786,0.8675063
92750147,2.3890483,0.037545737,0.8699954
92951020,2.4501183,0.042038612,0.8598789
93156037,2.3728857,0.03984223,0.8598674
93356540,2.362197,0.037840243,0.8647299
93561596,2.3487976,0.0373863,0.8651005
93762469,2.3986237,0.037898213,0.86087537
93966328,2.3902588,0.03706891,0.86110324
94171256,2.3797722,0.03723947,0.8605193
94372215,2.3626277,0.040684022,0.86170334
94576644,2.4377341,0.038692303,0.8551644
94778192,2.3417883,0.037844226,0.8609751
94982222,2.397263,0.038997244,0.8565413
95186477,2.309612,0.03662944,0.8580099
95387190,2.4459963,0.039141294,0.8571282
95591797,2.3581462,0.0370897,0.8561127
95792592,2.2739704,0.039956566,0.8580382
95997399,2.371646,0.035971224,0.86784506
96198225,2.4048467,0.039094307,0.8560315
96402418,2.4410331,0.03941858,0.85769606
96603304,2.3410895,0.03909534,0.8589941
96804044,2.3329678,0.037772004,0.86403745
97008680,2.301595,0.036991432,0.8668303
97209429,2.3500218,0.037876878,0.8554272
97414688,2.353971,0.038452953,0.86266714
97618229,2.3715458,0.038299248,0.8587559
97820005,2.3713694,0.0413787,0.8616534
98023794,2.3807483,0.0419088,0.8624422
98224703,2.349455,0.036631815,0.8619557
98429926,2.3561997,0.04007837,0.86591774
98630494,2.2688966,0.035989404,0.8667685
98830496,2.3048346,0.039751068,0.8590864
99035750,2.3926287,0.032841463,0.86961114
99235870,2.3323374,0.035779502,0.857828
99440859,2.3211517,0.038183443,0.8640923
99641844,2.3760037,0.040102262,0.8641414
99841826,2.3639467,0.037737396,0.86279917
100046185,2.351687,0.04180662,0.8606188
100247004,2.359508,0.040780563,0.85414463
100447763,2.3994021,0.04159073,0.85774773
100653118,2.313809,0.04194958,0.8502061
100853489,2.4575148,0.04056703,0.85265887
101058611,2.2530506,0.0380103,0.8529646
101262180,2.3678594,0.039344512,0.8581063
101463070,2.3787713,0.041622553,0.8599662
101668033,2.400847,0.040585812,0.8618147
101868345,2.3637815,0.040480193,0.8608669
102074231,2.331273,0.041539557,0.85916317
102275789,2.3462946,0.036194056,0.8632492
102478140,2.2868984,0.032337476,0.8653685
102679176,2.3978245,0.03799695,0.85793185
102879851,2.3555937,0.03726094,0.85890687
103081720,2.3940494,0.037175946,0.8678948
103282223,2.3837593,0.041083872,0.86480653
103482196,2.365089,0.036592096,0.8637881
103686144,2.376381,0.037167553,0.8561853
103886943,2.3512526,0.036301896,0.8628693
104087770,2.3881698,0.03519181,0.86087185
104292849,2.3479216,0.037639882,0.8628699
104493739,2.356254,0.037033226,0.85856026
104697132,2.328755,0.03573724,0.866943
104898180,2.3489902,0.036960423,0.868276
105099003,2.4234626,0.04071698,0.8669811
105303842,2.4068506,0.036837753,0.8638383
105503806,2.3622704,0.040405735,0.8676048
105705617,2.3822591,0.04097061,0.8609293
105909470,2.3400986,0.03742216,0.85792714
106110262,2.296415,0.038109425,0.8594565
106315300,2.3762095,0.036016595,0.8631443
106515774,2.3773603,0.039379936,0.8656852
106721116,2.3365233,0.037205942,0.8550347
106924710,2.3598802,0.03928017,0.85983324
107125339,2.3629398,0.03758302,0.85551405
107330497,2.3437378,0.037110556,0.858117
107531411,2.368146,0.039719492,0.85651225
107735776,2.3628452,0.03722685,0.8582363
107940024,2.3679357,0.03819829,0.85979474
108140859,2.3655503,0.039326068,0.86582303
108345486,2.3599439,0.03754513,0.8664574
108546169,2.377497,0.040258046,0.86595476
108751277,2.3385272,0.041522548,0.8635894
108954925,2.3604863,0.039806094,0.8659787
109155836,2.3615575,0.03964302,0.86277217
109360991,2.3498726,0.039267655,0.86172616
109561349,2.3726115,0.03751522,0.8635417
109766243,2.3736794,0.034885284,0.8624845
109966318,2.3654668,0.035067715,0.86315745
110167719,2.3615084,0.032522492,0.8630501
110367749,2.357374,0.030977173,0.8659256
110568558,2.3694115,0.03583537,0.85823756
110769664,2.3750389,0.035929125,0.86487824
110974216,2.3187478,0.041081276,0.8640011
111174936,2.347685,0.035365365,0.8686779
111379281,2.3814824,0.03693814,0.85693663
111580133,2.3488362,0.041077174,0.85990995
111780701,2.3564236,0.038092267,0.85913986
111985681,2.3753319,0.03596795,0.8623891
112186587,2.3706572,0.042555172,0.8581982
112390235,2.4035244,0.04155231,0.8615009
112595194,2.360797,0.038184937,0.86092025
112796029,2.3772619,0.037639227,0.85853344
113000631,2.3924167,0.0365862,0.8607652
113201404,2.3869457,0.043914776,0.8535676
113405834,2.3861187,0.04246642,0.8582626
113606295,2.3599355,0.041134853,0.86688983
113806962,2.3836713,0.043697573,0.86653954
114012011,2.3679032,0.041263007,0.86871505
114213093,2.3835557,0.042364303,0.86917084
114417619,2.375978,0.03886512,0.86739117
114818416,2.3788571,0.041525032,0.86454344
115023526,2.3546364,0.040547695,0.86416703
115224109,2.3630817,0.041075308,0.86382943
115428888,2.3905213,0.040065482,0.8656353
115632881,2.3729784,0.039042573,0.8646511
115833735,2.3586535,0.037604246,0.86510575
116038398,2.3660462,0.037447486,0.8637227
116239198,2.3528042,0.03732706,0.86527723
116443834,2.3623047,0.036244806,0.86954355
116644611,2.353818,0.035128944,0.8665083
116844555,2.378929,0.03589315,0.8616861
117049618,2.3642395,0.036321085,0.8625398
117250443,2.3524308,0.03699773,0.86219114
117451225,2.3587704,0.035090066,0.859615
117655787,2.3866067,0.03911611,0.86769617
117855772,2.3727167,0.04119338,0.85731035
118060611,2.415411,0.04093252,0.85647273
118261367,2.4102774,0.04039431,0.8552261
118462212,2.4063613,0.039024796,0.858633
118666432,2.3339458,0.039195612,0.8533157
118866923,2.38464,0.037724838,0.8585385
119067747,2.3715956,0.038015384,0.85448635
119272835,2.3719459,0.035847276,0.8629719
119473712,2.3728852,0.042672545,0.8540823
119678292,2.3677979,0.039350364,0.86324537
119878150,2.3814564,0.039959762,0.86087584
120083391,2.4032712,0.039918255,0.8612071
120284167,2.3790448,0.038965978,0.86230284
120484954,2.381062,0.041018505,0.86228496
120687512,2.3879273,0.04036741,0.8652369
120890212,2.3774133,0.04359784,0.86089253
121090187,2.3495593,0.042163767,0.8579967
121294936,2.371561,0.039453067,0.8612853
121495808,2.4011295,0.041158583,0.8681318
121700647,2.370626,0.041170824,0.8668567
121901379,2.4011314,0.041773584,0.86648554
122101428,2.372641,0.04099635,0.86480045
122306598,2.3832607,0.041617874,0.8654316
122507713,2.3558362,0.041642744,0.8619425
122708010,2.3910422,0.041283548,0.86363626
122912878,2.4023583,0.04086536,0.863827
123112847,2.3404882,0.041118275,0.86365116
123313666,2.3722234,0.040290095,0.8578231
123518172,2.3825665,0.041853454,0.86254764
123718915,2.3688781,0.042916343,0.86382306
123923492,2.3881266,0.04014839,0.85614115
124123799,2.374911,0.039698806,0.8547216
124328772,2.371451,0.04076274,0.8529158
124529884,2.3487213,0.039648287,0.8556724
124730665,2.3523612,0.041794635,0.8575966
124935007,2.35055,0.039876103,0.8526485
125135801,2.3742604,0.038429275,0.85893077
125340204,2.3945358,0.04017308,0.8589992
125544576,2.355368,0.038882215,0.8647638
125745364,2.3718197,0.04108711,0.8589557
125950293,2.3586898,0.042687528,0.86142397
126150272,2.3899198,0.0429597,0.8602922
126350995,2.3826704,0.039121024,0.86200136
126555801,2.3626885,0.03749334,0.86338836
126756611,2.3521228,0.039063856,0.8643916
126961840,2.417378,0.04221629,0.86274165
127165365,2.391256,0.03983391,0.8616899
127366125,2.3747144,0.03950227,0.86333305
127571202,2.3708696,0.04113138,0.85197
127772056,2.3930337,0.042660136,0.8697653
127975746,2.3504446,0.03741823,0.8657916
128176572,2.3202639,0.04002534,0.8673331
128377353,2.4007454,0.04349998,0.8645036
128582423,2.3809316,0.037812036,0.8671848
128783029,2.345266,0.041060545,0.8662763
128987813,2.3870637,0.042286724,0.85931176
129192234,2.3467793,0.041878775,0.855772
129393067,2.3108795,0.04008082,0.8590776
129597374,2.3202255,0.039890483,0.8523904
129798125,2.351716,0.04255037,0.8560806
130003422,2.3908231,0.041618183,0.86148036
130203862,2.353004,0.041097112,0.85117614
130404032,2.2659936,0.039729837,0.8519719
130608594,2.3526878,0.039424095,0.855411
130809705,2.4038706,0.039945416,0.8494671
131013428,2.3509815,0.03880817,0.85584325
131218491,2.3995087,0.04102056,0.8558002
131419191,2.3679729,0.04009972,0.85603726
131623867,2.3632317,0.039538022,0.86115474
131824666,2.3908148,0.042595882,0.8666281
132029898,2.4220288,0.039889902,0.8604633
132229912,2.3767312,0.03878479,0.85744125
132431101,2.3530653,0.0390085,0.8609227
132634961,2.3393884,0.04051623,0.8602306
132836808,2.3432899,0.040777385,0.86378324
133040837,2.3512077,0.041351836,0.8665164
133240678,2.3586497,0.04011644,0.8688226
133441581,2.362983,0.036068905,0.8673481
133646124,2.3683915,0.033808433,0.86825275
133846961,2.367194,0.033186544,0.86710364
134047768,2.3852518,0.032661203,0.86769986
134252025,2.3969064,0.034763422,0.85898525
134453105,2.3837636,0.03538264,0.86300284
134653913,2.3450177,0.03425359,0.8688162
134858152,2.377247,0.033384465,0.865913
135058184,2.3459883,0.034240723,0.8594724
135263028,2.3711863,0.040760744,0.8620456
135463839,2.3767753,0.041078288,0.86475426
136270178,2.3550553,0.040444884,0.858065
136475224,2.3569822,0.041631002,0.86080015
136676068,2.3959153,0.043322712,0.86020947
136880582,2.3654966,0.040421747,0.86059725
137084987,2.3084166,0.036135726,0.8582973
137285390,2.3934662,0.03999316,0.86546093
137490741,2.3563945,0.040512588,0.86050355
137691462,2.352704,0.041103426,0.86352986
137894982,2.3264093,0.03812927,0.8631008
138095802,2.3355331,0.04084882,0.87808686
138296546,2.3903844,0.037409503,0.8681422
138501683,2.3938084,0.040510677,0.8655845
138702241,2.4131317,0.038563497,0.86998624
138907202,2.4779134,0.036605604,0.86098415
139111091,2.395328,0.03568102,0.86456317
139311752,2.378621,0.037647095,0.86201614
139516832,2.3997693,0.0350172,0.86351216
139716834,2.3823638,0.03884178,0.86262566
139917405,2.3884625,0.035565715,0.8691219
140122979,2.4023247,0.03803156,0.8635917
140323814,2.3413124,0.038656544,0.85958713
140524515,2.3452132,0.042524613,0.8614237
140724785,2.3497324,0.041703515,0.8657263
140924869,2.3264847,0.04102123,0.8639914
141129806,2.3606412,0.03987075,0.860179
141330679,2.3804178,0.04133817,0.8600006
141531486,2.3763275,0.040572044,0.8579579
141735750,2.3496203,0.03862701,0.8573468
141935764,2.3558056,0.03999602,0.85694885
142141010,2.3734126,0.039893772,0.8580903
142341540,2.3829405,0.042475585,0.85382843
142542125,2.3812437,0.03888466,0.86332446
142746599,2.3675957,0.0410431,0.8613129
142947226,2.3958921,0.040017106,0.86568344
143147991,2.3618608,0.041501198,0.8679941
143352596,2.34368,0.041107133,0.8641077
143553850,2.3919058,0.04073599,0.86527133
143757381,2.3774335,0.041381743,0.86529714
143958257,2.3738053,0.0399703,0.8654233
144159003,2.3521369,0.03910354,0.85959554
144363770,2.3588548,0.042427912,0.8632327
144563803,2.3719954,0.04175777,0.86910385
144764586,2.3666346,0.04193765,0.86523545
144969865,2.370582,0.041209836,0.86190665
145170466,2.3937619,0.04200441,0.86401683
145374994,2.3515663,0.04144479,0.86764705
145579184,2.3531349,0.040877573,0.86473787
145780520,2.3730412,0.04042286,0.86467874
145984836,2.3924906,0.041474696,0.863968
146186168,2.389607,0.039339915,0.8670971
146390213,2.3471842,0.04120634,0.86528045
146590253,2.3682444,0.04059147,0.8598659
146791019,2.3885014,0.04027187,0.8569641
146996199,2.353554,0.041577823,0.85756344
147197830,2.3574495,0.039221156,0.8627542
147398643,2.3486586,0.039972253,0.8584503
147602154,2.3666682,0.038132567,0.8585135
147802168,2.3899393,0.040592358,0.85532826
148006992,2.3734224,0.038966205,0.8569451
148208070,2.3821518,0.04050941,0.8560784
148411791,2.3884175,0.04004927,0.8538804
148617125,2.3824031,0.038334288,0.8548614
148817569,2.3637602,0.041596748,0.8633664
149022265,2.3913715,0.040640883,0.85695875
149222246,2.3865497,0.041949715,0.8624012
149423107,2.3730886,0.041695792,0.8646024
149628095,2.3582754,0.039512914,0.8597569
149828808,2.3863876,0.04063559,0.86267275
150033685,2.381756,0.040088397,0.8646462
150234365,2.3705537,0.042594537,0.86088496
150435815,2.3849697,0.039735515,0.86814535
150639284,2.389265,0.04156291,0.8601822
150840345,2.3658545,0.038942583,0.8708704
151044598,2.3849244,0.038949907,0.86588913
151248806,2.3943954,0.039786246,0.864226
151449665,2.3644862,0.040325955,0.86691254
151654189,2.3881953,0.038491007,0.8639594
151854156,2.3925805,0.040510084,0.8613836
152055056,2.3791447,0.041461892,0.8621825
152260251,2.3810203,0.040851675,0.86491734
152461385,2.3679287,0.03956746,0.86268324
152664838,2.3446965,0.039864026,0.86131454
152866489,2.3710344,0.040585786,0.8643644
153066455,2.3725793,0.04005892,0.85670394
153270960,2.3722293,0.04053161,0.858831
153471735,2.3521624,0.037519123,0.8475725
153677033,2.360183,0.041091196,0.85867447
153880597,2.371488,0.03951553,0.8617072
154081329,2.3522775,0.04107589,0.8627179
154286156,2.352316,0.039092124,0.86532587
154486189,2.3752441,0.04075072,0.85276353
154686954,2.377931,0.039772015,0.86507165
154889307,2.3570156,0.04305188,0.8599789
155095235,2.3830962,0.039217334,0.8609337
155297611,2.3810663,0.039508954,0.8576037
155501343,2.3601346,0.040651213,0.86248016
155702183,2.3868027,0.040208448,0.87312627
155907160,2.4013174,0.041396562,0.87151563
156108060,2.3578484,0.041036583,0.8676461
156312568,2.3978598,0.041925065,0.8704335
156512503,2.3596365,0.042924,0.8714258
156713471,2.3651912,0.041089788,0.8649683
156918406,2.370916,0.041182563,0.86715895
157119240,2.3655791,0.040729217,0.8651889
157324282,2.389145,0.04081955,0.8670942
157527737,2.3681636,0.043254163,0.8706897
157728345,2.3488822,0.038857687,0.8679824
157931519,2.3806953,0.041012447,0.86505395
158135762,2.377443,0.044323925,0.8656515
158340134,2.3508635,0.041091714,0.8598965
158543007,2.3783064,0.0416252,0.86150444
158743878,2.3874407,0.041849174,0.8563069
158949032,2.3905313,0.04040917,0.86375386
159148751,2.428308,0.040077202,0.8612239
159353461,2.387825,0.040991794,0.8606882
159554487,2.3661902,0.039355893,0.85534257
159755166,2.3870924,0.037076686,0.85995084
159958956,2.36076,0.039349046,0.86049277
160159783,2.3882756,0.03846995,0.8534585
160360566,2.3839648,0.04295861,0.8643146
160565832,2.393808,0.04081131,0.8615282
160765877,2.3911533,0.040018234,0.86349636
160966145,2.3617265,0.0397599,0.8619932
161171212,2.3740165,0.041333977,0.8662002
161372256,2.3842897,0.041084725,0.8646433
161576597,2.394298,0.040788855,0.8684661
161780718,2.3880546,0.041871186,0.8608507
161981570,2.4019823,0.041020766,0.86840653
162186156,2.3851721,0.040795557,0.86863446
162388214,2.367829,0.040434103,0.86661035
162591871,2.3683367,0.038280953,0.8715729
162791781,2.3907425,0.039411962,0.8654215
162996824,2.4192355,0.03704853,0.8664765
163201638,2.4124584,0.038700275,0.870145
163402360,2.4561539,0.03888115,0.8619624
163606094,2.4160101,0.038649525,0.863415
163806938,2.3740783,0.040590234,0.8651894
164007766,2.4616694,0.03484155,0.86300474
164212944,2.3996413,0.04047467,0.8616671
164412940,2.3819976,0.03790472,0.85533863
164613698,2.3921487,0.03750522,0.8552675
164814663,2.4108438,0.035510525,0.85699016
165014960,2.3538992,0.037830506,0.8521942
165220013,2.4103928,0.039096594,0.8552291
165423846,2.3848577,0.038592443,0.8632033
165624856,2.4191484,0.036340117,0.8582574
165829465,2.3580036,0.035869315,0.8587089
166029434,2.3627691,0.03775907,0.8545298
166234919,2.363887,0.03794116,0.8549779
166435299,2.378026,0.03641895,0.8606137
166636248,2.3832417,0.037549365,0.86461145
166840064,2.3881874,0.037192468,0.8669441
167045032,2.4113503,0.03764802,0.8610475
167245891,2.3863199,0.039809957,0.8639743
167450271,2.362335,0.039192326,0.86230755
167650187,2.3805072,0.039078552,0.8587676
167850985,2.3899362,0.04024925,0.8642006
168052005,2.3652472,0.04013377,0.86845
168252588,2.36605,0.039990366,0.865841
168456798,2.4098742,0.040496234,0.8622611
168657872,2.3947291,0.04064462,0.8650573
168858646,2.4015749,0.039292134,0.8648519
169063034,2.3896754,0.038083673,0.8604893
169264093,2.406048,0.038736746,0.86092913
169464338,2.3839824,0.038611937,0.8609125
169668554,2.377423,0.040238082,0.8595403
169869338,2.373632,0.037162058,0.86148095
170073644,2.4003055,0.040653177,0.8689369
170278226,2.4191751,0.042101633,0.85906774
170479004,2.3812768,0.04005021,0.8512761
170684161,2.3835044,0.03963874,0.8576403
170884592,2.4007032,0.040889326,0.85352784
171090244,2.3978014,0.042043865,0.84894675
171291271,2.3864753,0.042153593,0.85947067
171491415,2.3689964,0.0382456,0.853155
171695279,2.3955584,0.041035455,0.85736424
171895267,2.3900013,0.039467238,0.8583201
172096008,2.432202,0.04232313,0.8588969
172297867,2.4269192,0.037303627,0.85291237
172501438,2.342897,0.03434997,0.85620785
172702201,2.4107482,0.035190888,0.8552111
172906469,2.3653884,0.032221746,0.86417544
173107166,2.3770764,0.036133174,0.87252384
173311771,2.4339461,0.03590216,0.868874
173516015,2.3929143,0.038402338,0.861389
173716922,2.406341,0.03727579,0.86099494
173921647,2.423402,0.038083933,0.8597374
174122741,2.3923802,0.041277822,0.8602473
174326252,2.405413,0.039356478,0.8628295
174531250,2.3921661,0.039673433,0.8629392
174732253,2.397917,0.03899216,0.86305726
174936544,2.4193172,0.041933384,0.8660115
175137381,2.405247,0.037403937,0.8605367
175341638,2.4060247,0.042412452,0.8589136
175542171,2.3459706,0.03528645,0.84969676
175743045,2.3652718,0.036415312,0.85667974
175948521,2.3801243,0.037378684,0.8614858
176148200,2.3951857,0.04091421,0.851988
176352901,2.375712,0.041856755,0.85392237
176557527,2.3922567,0.040843368,0.8529891
176758393,2.3526986,0.03658412,0.8585508
176962154,2.3525615,0.036398843,0.8534829
177163071,2.415587,0.03644826,0.8607798
177363855,2.36283,0.040066417,0.8526468
177568840,2.390863,0.038424563,0.8559268
177769051,2.3964653,0.037293203,0.85370195
177969858,2.3855584,0.035353053,0.85754824
178174175,2.3608055,0.036285277,0.860693
178374937,2.373699,0.03302434,0.8637896
178579193,2.3547719,0.0391082,0.8568751
178780075,2.4253,0.037434183,0.85487616
178980642,2.4176683,0.037029073,0.8622298
179185788,2.4110713,0.035882987,0.86428285
179385614,2.392315,0.036487754,0.86037403
179590323,2.4055521,0.037978563,0.8617141
179791006,2.369177,0.035853174,0.86516565
179991564,2.4236937,0.035931684,0.86254334
180196253,2.416207,0.035370197,0.8626632
180400770,2.4250066,0.03608705,0.8528765
180601657,2.383913,0.0369518,0.85831606
180806179,2.3945935,0.03449095,0.86499375
181006220,2.3825147,0.03702116,0.86474407
181207794,2.394324,0.03958293,0.8595494
181408163,2.4179113,0.038740285,0.85980797
181608825,2.3828797,0.03428743,0.8623359
181812610,2.3733664,0.039660122,0.8617016
182013490,2.388868,0.04201756,0.85843384
182214209,2.4260147,0.042785592,0.85824084
182418416,2.3463006,0.038729675,0.8567567
182619275,2.3713467,0.040464062,0.8557681
182820065,2.3717222,0.041133445,0.853057
183024999,2.335347,0.040571127,0.8559673
183225893,2.3639061,0.040540926,0.856216
183429303,2.3625665,0.04171421,0.8546766
183634433,2.3653855,0.040017735,0.8553438
183835268,2.377279,0.04462581,0.852077
184038995,2.3734777,0.03870006,0.8601358
184240133,2.4016354,0.04092412,0.8642213
184441477,2.3701484,0.039703093,0.85950536
184645623,2.4047644,0.038470622,0.85976326
184846256,2.3860295,0.039021913,0.8631871
185050597,2.3629713,0.04084161,0.86042684
185251257,2.3880832,0.036376964,0.85491395
185452241,2.3923807,0.034782838,0.8615304
185655805,2.3750105,0.03524102,0.8617012
185860849,2.4058952,0.04029067,0.86131006
186061598,2.4103339,0.041211724,0.8599299
186263005,2.4068923,0.041256927,0.86263674
186466207,2.366873,0.036597002,0.8614118
186666951,2.3779979,0.04023025,0.86265296
186871966,2.3651614,0.036907952,0.86488366
187072970,2.3879814,0.03671878,0.86106366
187276614,2.383257,0.03237852,0.85865253
187477640,2.4111514,0.031898793,0.8612726
187679154,2.3704584,0.032052804,0.85917515
187883071,2.3769953,0.033914246,0.8601522
188083102,2.3458028,0.030340707,0.8552161
188284207,2.3730588,0.03407364,0.8530733
188488556,2.386739,0.033150442,0.85755056
188689597,2.4252148,0.030837532,0.85313755
188893372,2.4047709,0.035071056,0.8506692
189094254,2.4103112,0.036346022,0.85703933
189295004,2.3868346,0.041932024,0.85465354
189501444,2.3956976,0.040108286,0.860024
189701083,2.4017205,0.041233733,0.85872257
189904586,2.4033906,0.039945267,0.8584331
190105829,2.354628,0.03973574,0.85366106
190305864,2.4039085,0.039468963,0.86155105
190510190,2.3916144,0.035699774,0.85758275
190711932,2.3933618,0.038279857,0.859439
190916811,2.3841355,0.03854954,0.8578924
191117142,2.3721573,0.039691187,0.86210597
191726318,2.3635738,0.036826108,0.8531541
191927167,2.4050148,0.03592875,0.85187715
192131018,2.3528476,0.03467975,0.8605936
192332134,2.387747,0.036440346,0.8550407
192533122,2.3800578,0.03478697,0.85416085
192736514,2.3966656,0.038044997,0.8560111
192937327,2.396198,0.038142364,0.8494886
193138181,2.41305,0.039908864,0.8503986
193343708,2.3458908,0.03918531,0.8513048
193543483,2.3718097,0.03960211,0.84980786
193747953,2.41915,0.039139774,0.8514719
193948851,2.3898957,0.04040991,0.845458
194149041,2.40101,0.04521975,0.84918594
194349460,2.437857,0.03939762,0.8471906
194554474,2.3897867,0.041479025,0.8435448
194755258,2.4486969,0.04203866,0.8375198
194959942,2.3993795,0.039041888,0.8447798
195164034,2.4493983,0.037421975,0.84764063
195364663,2.4348366,0.037047107,0.8475151
195569686,2.392874,0.040004052,0.8432235
195769609,2.3982403,0.0400812,0.846638
195974387,2.3971164,0.03823884,0.84963405
196175453,2.3877304,0.037210852,0.8481334
196376097,2.3898172,0.041807882,0.8409601
196579782,2.3952224,0.042337835,0.8508882
196780552,2.40515,0.040915683,0.8468193
196981353,2.3998704,0.03405423,0.8468978
197186416,2.4388313,0.036799315,0.8493693
197386618,2.3604755,0.039960176,0.854998
197587437,2.492883,0.04441039,0.84785324
197791745,2.4035788,0.04089038,0.84227216
197991819,2.3998322,0.04120618,0.84657073
198196967,2.3849304,0.03778743,0.8467789
198397813,2.402381,0.039148845,0.85162866
198597839,2.4266474,0.037499428,0.8497847
198802202,2.5067496,0.042365033,0.8521094
199003065,2.4011676,0.036007747,0.8450174
199204024,2.4179032,0.03916123,0.84576386
199408688,2.3910506,0.037859626,0.8466384
199608663,2.4192185,0.03537913,0.8407631
199813478,2.4922256,0.041838523,0.84063077
200014221,2.5011654,0.03865511,0.8447906
200214172,2.372536,0.03531758,0.8428128
200419204,2.3658583,0.034188867,0.8443762
200620278,2.4891927,0.036522422,0.8469639
200821005,2.4766612,0.041746058,0.8426053
201024632,2.3508766,0.036047895,0.83909583
201225502,2.404888,0.04245266,0.83896244
201426461,2.4183378,0.038741905,0.8441184
201630960,2.4345796,0.04019439,0.84861183
201831038,2.40971,0.03801032,0.8446858
202031851,2.4124198,0.042196844,0.8501147
202236802,2.4201605,0.041397393,0.84978455
202436792,2.3435712,0.040073555,0.844921
202641130,2.3576317,0.037708122,0.84785104
202842930,2.307082,0.036811493,0.847133
203043735,2.443421,0.036897916,0.85031164
203248507,2.4166243,0.040326666,0.8470274
203448269,2.405499,0.036919724,0.8499763
203648986,2.4224849,0.038262554,0.8539549
203853452,2.4589713,0.037322547,0.85170966
204053555,2.4283984,0.041986056,0.8488232
204258400,2.3909264,0.03995844,0.84714705
204459089,2.4363241,0.040356267,0.84250903
204659026,2.370483,0.03631833,0.8464203
204864014,2.4407077,0.03542632,0.8396171
205065028,2.3873441,0.039407875,0.85000014
205265571,2.3780146,0.037203565,0.85470474
205469449,2.4825552,0.03869995,0.8435476
205670232,2.3523939,0.033971928,0.8422245
205870969,2.452141,0.041621495,0.8445976
206075208,2.480553,0.036093,0.84332365
206275753,2.4394112,0.034501728,0.8418838
206476662,2.3954427,0.036353294,0.84402436
206681741,2.3751473,0.038849395,0.84585744
206881680,2.4723196,0.04555322,0.84398514
207082305,2.3704927,0.034381438,0.8474447
207287252,2.4404104,0.038323324,0.84889543
207488017,2.451464,0.045924604,0.8431139
207691777,2.4548013,0.048634157,0.84833455
207898191,2.3667018,0.038120266,0.8490127
208098948,2.471122,0.036425512,0.85069287
208297693,2.430385,0.041624315,0.85040265
208502236,2.4121394,0.036842823,0.853621
208703053,2.3816297,0.03913253,0.85481334
208908064,2.439778,0.040943876,0.85246396
209108524,2.454648,0.040353764,0.84776103
209312928,2.3822536,0.04112786,0.8504474
209513739,2.4042819,0.043982115,0.8547606
209713720,2.4048913,0.046686873,0.8547593
209918274,2.4021223,0.03879578,0.85480154
210119121,2.4271476,0.03832206,0.8465892
210319871,2.3840744,0.036301028,0.8520348
210524023,2.4290066,0.03703232,0.84777707
210724798,2.4056244,0.039387263,0.85047305
210925643,2.4530432,0.043681093,0.8467863
211129315,2.3802037,0.03439225,0.85269684
211330211,2.4778414,0.037320092,0.84882516
211530979,2.3602405,0.03831578,0.844628
211736182,2.3506567,0.039535254,0.85286516
211936026,2.382304,0.039466843,0.84505403
212140615,2.3951013,0.03544704,0.8437116
212341820,2.3955362,0.035215788,0.84227115
212542163,2.447042,0.0395151,0.8430514
212746355,2.376622,0.03705714,0.8406041
212946917,2.4417298,0.04159586,0.84704506
213147756,2.3223438,0.041852478,0.848976
213353117,2.3974316,0.041880958,0.8529145
213553130,2.428908,0.03973671,0.85029376
213753888,2.3606937,0.037912928,0.8494019
213957468,2.3672702,0.03703314,0.8534309
214158229,2.4171894,0.043478914,0.85281485
214359075,2.435366,0.039880265,0.84842753
214564014,2.3976486,0.040258553,0.84968424
214764131,2.4068224,0.039651133,0.8503463
214969050,2.4001238,0.038417943,0.8505834
215169898,2.4368098,0.03547712,0.8549434
215370443,2.3555264,0.03503987,0.8469124
215574164,2.384115,0.03726057,0.8484969
215775048,2.355501,0.036175083,0.8550873
215975821,2.3862581,0.038351085,0.8597242
216180046,2.3708808,0.037963238,0.85063994
216380937,2.3371606,0.036710773,0.84793854
216581443,2.3514996,0.037271388,0.8463926
216786620,2.387695,0.039307807,0.8456365
216986428,2.4326613,0.03912248,0.8503564
217190906,2.4279068,0.033881422,0.85355115
217392016,2.446793,0.0401552,0.8440743
217592245,2.4061606,0.039716642,0.8505523
217796585,2.3872511,0.0378982,0.8430549
217997354,2.4023025,0.038584378,0.83647144
218198278,2.354294,0.034439813,0.84418565
218402655,2.4738126,0.035783842,0.84464854
218603693,2.4473553,0.0415782,0.84358114
218804021,2.3892708,0.03776033,0.8424354
219007812,2.4337976,0.037975635,0.8546738
219208608,2.3878336,0.03272921,0.8492747
219409506,2.3102481,0.035263065,0.8454514
219614386,2.3559408,0.034191094,0.85165256
219814339,2.4167702,0.035754044,0.8505928
220019036,2.4017246,0.034759022,0.8521489
220219859,2.486414,0.037194036,0.84591854
220424093,2.4557168,0.035766177,0.85032034
220628947,2.3938625,0.03579292,0.85455
220829387,2.3544154,0.03520003,0.8506419
221034628,2.4747999,0.037934933,0.8550741
221238203,2.3780124,0.03570503,0.85346
221438930,2.3683138,0.031633988,0.85229367
221643994,2.4737265,0.037331875,0.8522036
221844034,2.4445672,0.040556576,0.8481403
222048553,2.4112253,0.04035437,0.8500622
222253738,2.3841677,0.03394388,0.8537831
222453709,2.443791,0.04060781,0.8457757
222658473,2.4426837,0.039164312,0.84359246
222859451,2.4104412,0.04162615,0.8454324
223060338,2.4041965,0.03711093,0.8450229
223263752,2.4396331,0.03597174,0.84592956
223464891,2.3815572,0.039503016,0.84364945
223665820,2.403222,0.041096937,0.8466193
223869406,2.392263,0.037650898,0.8463632
224070154,2.4006906,0.037206337,0.8483298
224271061,2.4103172,0.04032483,0.84368545
224476256,2.4248755,0.04076405,0.8455821
224676023,2.3994803,0.043692358,0.84636253
224881017,2.3552678,0.04005363,0.8442883
225081629,2.4416363,0.041167226,0.8518282
225281860,2.4093575,0.042230066,0.8558306
225486171,2.3809068,0.04124024,0.8526039
225686960,2.4079442,0.03781789,0.8508934
225886921,2.3978238,0.040783,0.85096115
226093531,2.3971188,0.04048186,0.8543269
226292900,2.4329655,0.03954258,0.8494865
226498949,2.4232247,0.040260255,0.852039
226701353,2.4688654,0.042004064,0.8532152
226902225,2.4068196,0.039537717,0.8511842
227107260,2.4249275,0.03667422,0.8489709
227307218,2.4243233,0.03834548,0.8488972
227508182,2.4556801,0.038889606,0.84851784
227712627,2.435877,0.037543345,0.84728384
227913470,2.4273565,0.04096697,0.85235274
228117870,2.3745646,0.040387526,0.8533764
228322404,2.474324,0.03974456,0.8534557
228523158,2.3897884,0.03763216,0.85439914
228727299,2.3725877,0.03992547,0.84811604
228928271,2.4590638,0.04256421,0.84386855
229128969,2.4302456,0.041803762,0.84360456
229333494,2.3904035,0.037153866,0.84314233
229533437,2.3422465,0.03908818,0.8447567
229738448,2.446233,0.040579654,0.83675694
229939540,2.4279,0.03942129,0.8450478
230139155,2.450832,0.04328684,0.84969896
230343770,2.436991,0.041390534,0.84582937
230548800,2.4348962,0.0428329,0.8474529
230748840,2.4340115,0.036759753,0.8466004
230953719,2.3665981,0.037750926,0.84788316
231154361,2.4663599,0.04088678,0.8481533
231358222,2.3290036,0.043825716,0.8456817
231563292,2.3611186,0.035714544,0.8496714
231764034,2.4696205,0.042588994,0.8560627
231964851,2.3947215,0.034661066,0.855435
232168603,2.5031176,0.0420638,0.84613
232369439,2.5328882,0.041131854,0.85074466
232574122,2.4204967,0.03444158,0.8551079
232774236,2.3451862,0.03958834,0.8531771
233179823,2.3950016,0.03762867,0.8513535
234595791,2.4484518,0.039070964,0.84759843
234800658,2.4434524,0.041920714,0.8417384
235000814,2.3763955,0.03746385,0.84776866
235201623,2.419577,0.03987686,0.84491736
235405356,2.479773,0.041972578,0.83885384
235606166,2.4095905,0.04139043,0.84356314
235807129,2.3449795,0.037232753,0.8488972
236012008,2.3923948,0.037394285,0.8500918
236212002,2.357179,0.03720552,0.84676373
236416623,2.4068735,0.036799576,0.84815603
236617462,2.336239,0.04139545,0.8512528
236817380,2.3825371,0.03992221,0.84576
237022624,2.4222112,0.041961715,0.8462184
237223692,2.395927,0.04078346,0.84713715
237423568,2.4301748,0.03919701,0.8534614
237627978,2.3644361,0.041348193,0.8497126
237828858,2.372163,0.03958543,0.84582025
238028754,2.4896061,0.0419509,0.8487111
238233699,2.4744828,0.041214917,0.85908395
238434403,2.353121,0.034320034,0.85453975
238638088,2.4596121,0.03850225,0.85072196
238843948,2.4050982,0.03737316,0.8572376
239044244,2.4348345,0.03624755,0.85606575
239248817,2.3874536,0.03871735,0.85191655
239448860,2.438013,0.041589107,0.848666
239649651,2.4537222,0.039696135,0.8522923
239854194,2.475089,0.04087154,0.8567398
240058447,2.4116113,0.044292513,0.84916973
240259140,2.3832488,0.04232089,0.8462863
240463792,2.4451182,0.043849684,0.8479255
240664547,2.4674568,0.044368908,0.84968203
240868967,2.463857,0.044715647,0.84619945
241069487,2.4133902,0.043840785,0.840512
241270150,2.3645399,0.042042803,0.84440565
241474462,2.385462,0.042853475,0.84668756
241675006,2.420285,0.04123329,0.848134
241875840,2.3691154,0.039997227,0.84717476
242080291,2.4063199,0.03489895,0.8391306
242281358,2.417126,0.03784086,0.84345734
242481846,2.4410627,0.04024229,0.8445149
242685372,2.420231,0.039822236,0.8518056
242886178,2.4097562,0.040416915,0.8511839
243086911,2.410277,0.038617283,0.85790294
243291446,2.4118085,0.038956407,0.85001194
243492025,2.412264,0.038640972,0.8479201
243696578,2.3941832,0.040384836,0.8503563
243900970,2.3943954,0.040647723,0.84831536
244101810,2.3951154,0.041584533,0.84794235
244306460,2.3697655,0.04233264,0.8513557
244507342,2.3968585,0.040702984,0.85690856
244710982,2.4203043,0.043720715,0.8562725
244916039,2.4381084,0.04215624,0.85141855
245116116,2.413085,0.04228199,0.84681517
245320544,2.390265,0.04312981,0.8467282
245521799,2.4175959,0.041742116,0.8462437
245722422,2.4159853,0.041145764,0.8554905
245926159,2.3888652,0.04189314,0.84685355
246126933,2.4245534,0.04246887,0.854035
246327833,2.3990161,0.042335786,0.84703726
246532519,2.4347308,0.042519704,0.84288853
246732603,2.4023778,0.04262985,0.84426177
246937618,2.4174943,0.042547043,0.8495391
247138621,2.4170682,0.04287143,0.8490332
247338601,2.4044058,0.041456614,0.8432069
247543194,2.396573,0.041204825,0.84840417
247743751,2.4446228,0.04144964,0.8504487
247943805,2.4142919,0.039540116,0.8491767
248149005,2.4342766,0.040583964,0.8467775
248349657,2.4208426,0.040047925,0.84721
248549583,2.4270933,0.039032035,0.8530581
248754169,2.4189014,0.038022503,0.84994453
248954970,2.4163773,0.03644098,0.84849185
249154952,2.4423745,0.037632536,0.852461
249360346,2.414608,0.039542034,0.8555279
249560573,2.4291215,0.039458092,0.85622144
249764757,2.4088485,0.041134458,0.851669
249966248,2.4431207,0.040419623,0.8517874
250166205,2.429011,0.04035026,0.8551417
250366951,2.3937278,0.039776977,0.85157084
250571167,2.4281452,0.040085465,0.84965223
250771959,2.4242718,0.043124612,0.85487485
250975525,2.3877993,0.0406797,0.860402
251180514,2.4016397,0.041010775,0.8534106
251381464,2.4036808,0.040929504,0.8495021
251586595,2.4135056,0.041864436,0.8494721
251790243,2.4288225,0.040214367,0.8496175
251990941,2.4240131,0.03881794,0.8484092
252192221,2.4254882,0.04208517,0.8488185
252391971,2.4369013,0.03888592,0.8504622
252596597,2.414976,0.038698524,0.8527523
252800889,2.4117956,0.041388188,0.85062337
253001618,2.4194326,0.040076487,0.8434963
253206241,2.41388,0.039708782,0.8436216
253406960,2.4034593,0.041939244,0.8419963
253607042,2.424612,0.04149699,0.84289795
253812118,2.4417114,0.041423555,0.84693205
254012838,2.424477,0.042816307,0.8607251
254212815,2.4082553,0.039700426,0.85281205
254417345,2.396062,0.035159282,0.8491445
254619648,2.4118564,0.033198267,0.84754294
254823171,2.3990774,0.033898577,0.85763216
255027206,2.4234483,0.042782504,0.8550316
255228002,2.3922708,0.04171437,0.8575634
255431773,2.4104667,0.039738007,0.8578271
255636874,2.40469,0.042263035,0.857239
255837762,2.4290414,0.03506283,0.860431
256041310,2.4095373,0.036297765,0.8574565
256242470,2.4131677,0.04192623,0.85786813
256443320,2.4051278,0.038774487,0.85826665
256646955,2.4289625,0.039500117,0.84781706
256847726,2.399329,0.040159885,0.85243565
257052617,2.4381597,0.039218508,0.855163
257253566,2.4221902,0.039927293,0.8597671
257453399,2.3943462,0.042386565,0.85514164
257658974,2.3980284,0.03977093,0.85418564
257859017,2.426383,0.042158335,0.85429555
258063721,2.4209886,0.040665787,0.8510631
258267701,2.4216228,0.04206903,0.8533136
258468547,2.3993855,0.03994668,0.84803355
258673060,2.3859663,0.04398368,0.8510389
258873665,2.40519,0.043795377,0.84797364
259074641,2.4000854,0.043158896,0.84762853
259277946,2.4171705,0.039673477,0.8489979
259483247,2.435673,0.040516753,0.85285884
259684016,2.421801,0.039307646,0.8467795
259887851,2.4066052,0.04308291,0.8539451
260088670,2.4328232,0.04078805,0.8559504
260289406,2.442008,0.043373562,0.8536931
260493653,2.4413445,0.040804062,0.85502994
260694192,2.4452803,0.03820774,0.85559833
260896320,2.4569223,0.03655284,0.8525872
261098914,2.4362118,0.04090445,0.8544431
261299838,2.4099345,0.040954147,0.853228
261505929,2.4114544,0.039612956,0.85707235
261705839,2.439838,0.040316083,0.8540677
261906604,2.3962505,0.039839845,0.8545581
262107382,2.4312196,0.04139153,0.86037433
262310208,2.4456675,0.038213,0.8550858
262511021,2.4213793,0.0401219,0.85566455
262716232,2.4884112,0.03981229,0.85619015
262919811,2.4344099,0.039654315,0.84873503
263120553,2.4562378,0.03578015,0.8487588
263321707,2.4582114,0.041267376,0.8510187
263521900,2.4307027,0.0413724,0.84918857
263722398,2.4164624,0.039711803,0.8588336
263927284,2.4319055,0.03993444,0.8555623
264127359,2.4258332,0.040991295,0.8546485
264327987,2.4299994,0.041109674,0.84452885
264532554,2.446862,0.04074391,0.84595144
264736812,2.4489627,0.043046225,0.85358363
264937607,2.3940468,0.040473033,0.84891695
265142167,2.418504,0.041789412,0.8506419
265342174,2.4442472,0.038472332,0.85700893
265547362,2.4305663,0.03760145,0.8503705
265747902,2.4134228,0.0382776,0.85387754
265947804,2.4517205,0.03901702,0.85458696
266152891,2.4332333,0.041284535,0.85786575
266354201,2.437547,0.034647584,0.8525586
266553939,2.4441206,0.041271687,0.8539738
266758209,2.4220388,0.041634925,0.85029906
266958923,2.4571893,0.039625935,0.86043024
267158901,2.406687,0.040012,0.85753113
267364182,2.409681,0.038414843,0.85221034
267564592,2.4673424,0.03805224,0.8559005
267764627,2.4052417,0.041572917,0.85256845
267969557,2.4140494,0.037695173,0.85891783
268170444,2.3961658,0.036851928,0.85945255
268370464,2.4425678,0.038158607,0.854599
268575002,2.4480774,0.041230544,0.85640603
268775725,2.4200928,0.03839547,0.8590349
268979985,2.3986816,0.038896162,0.8543918
269181094,2.4193099,0.036699645,0.8575041
269381440,2.4382477,0.037581585,0.84659755
269585606,2.429107,0.03941622,0.8507828
269790301,2.3754857,0.04000217,0.8484597
269990924,2.4032757,0.043399535,0.84516007
270195217,2.4254782,0.039599944,0.8468262
270396066,2.463139,0.038974084,0.8471375
270596837,2.3542066,0.036082122,0.84142077
270800644,2.4105487,0.04106396,0.83737636
271001490,2.456575,0.036593918,0.8496959
271202383,2.4214935,0.038276214,0.8453862
271406209,2.3956964,0.03588373,0.84720343
